#
# There is insufficient memory for the Java Runtime Environment to continue.
# Native memory allocation (mmap) failed to map 65536 bytes for Failed to commit metaspace.
# Possible reasons:
#   The system is out of physical RAM or swap space
#   The process is running with CompressedOops enabled, and the Java Heap may be blocking the growth of the native heap
# Possible solutions:
#   Reduce memory load on the system
#   Increase physical memory or swap space
#   Check if swap backing store is full
#   Decrease Java heap size (-Xmx/-Xms)
#   Decrease number of Java threads
#   Decrease Java thread stack sizes (-Xss)
#   Set larger code cache with -XX:ReservedCodeCacheSize=
#   JVM is running with Zero Based Compressed Oops mode in which the Java heap is
#     placed in the first 32GB address space. The Java Heap base address is the
#     maximum limit for the native heap growth. Please use -XX:HeapBaseMinAddress
#     to set the Java Heap base and to place the Java Heap above 32GB virtual address.
# This output file may be truncated or incomplete.
#
#  Out of Memory Error (virtualSpaceNode.cpp:112), pid=5684, tid=27048
#
# JRE version: Java(TM) SE Runtime Environment (21.0.1+12) (build 21.0.1+12-LTS-29)
# Java VM: Java HotSpot(TM) 64-Bit Server VM (21.0.1+12-LTS-29, mixed mode, emulated-client, sharing, tiered, compressed oops, compressed class ptrs, g1 gc, windows-amd64)
# No core dump will be written. Minidumps are not enabled by default on client versions of Windows
#

---------------  S U M M A R Y ------------

Command Line: -XX:TieredStopAtLevel=1 com.example.microservice.ChatServiceApplication

Host: 11th Gen Intel(R) Core(TM) i5-1135G7 @ 2.40GHz, 8 cores, 15G,  Windows 11 , 64 bit Build 22621 (10.0.22621.5415)
Time: Tue Jul 28 16:49:28 2026 SE Asia Standard Time elapsed time: 11.125859 seconds (0d 0h 0m 11s)

---------------  T H R E A D  ---------------

Current thread (0x000001de179a36f0):  JavaThread "background-preinit"        [_thread_in_vm, id=27048, stack(0x0000003d98300000,0x0000003d98400000) (1024K)]

Stack: [0x0000003d98300000,0x0000003d98400000]
Native frames: (J=compiled Java code, j=interpreted, Vv=VM code, C=native code)
V  [jvm.dll+0x6c9029]
V  [jvm.dll+0x854b81]
V  [jvm.dll+0x856e5e]
V  [jvm.dll+0x857543]
V  [jvm.dll+0x280c06]
V  [jvm.dll+0x8508ae]
V  [jvm.dll+0x66ca45]
V  [jvm.dll+0x1e677c]
V  [jvm.dll+0x1e654e]
V  [jvm.dll+0x66f35c]
V  [jvm.dll+0x66f172]
V  [jvm.dll+0x66d41e]
V  [jvm.dll+0x26c581]
V  [jvm.dll+0x2184f7]
V  [jvm.dll+0x20dc4e]
V  [jvm.dll+0x5ac6dc]
V  [jvm.dll+0x7cd7a6]
V  [jvm.dll+0x46fd60]
V  [jvm.dll+0x4759e8]
C  [java.dll+0x17ec]

Java frames: (J=compiled Java code, j=interpreted, Vv=VM code)
J 1142  java.lang.ClassLoader.defineClass1(Ljava/lang/ClassLoader;Ljava/lang/String;[BIILjava/security/ProtectionDomain;Ljava/lang/String;)Ljava/lang/Class; java.base@21.0.1 (0 bytes) @ 0x000001ddc7189791 [0x000001ddc71896c0+0x00000000000000d1]
J 1154 c1 java.lang.ClassLoader.defineClass(Ljava/lang/String;[BIILjava/security/ProtectionDomain;)Ljava/lang/Class; java.base@21.0.1 (43 bytes) @ 0x000001ddc718cc0c [0x000001ddc718cae0+0x000000000000012c]
J 1004 c1 jdk.internal.loader.BuiltinClassLoader.defineClass(Ljava/lang/String;Ljdk/internal/loader/Resource;)Ljava/lang/Class; java.base@21.0.1 (121 bytes) @ 0x000001ddc71552b4 [0x000001ddc7154d40+0x0000000000000574]
J 1003 c1 jdk.internal.loader.BuiltinClassLoader.findClassOnClassPathOrNull(Ljava/lang/String;)Ljava/lang/Class; java.base@21.0.1 (64 bytes) @ 0x000001ddc71539d4 [0x000001ddc71536e0+0x00000000000002f4]
J 523 c1 jdk.internal.loader.BuiltinClassLoader.loadClassOrNull(Ljava/lang/String;Z)Ljava/lang/Class; java.base@21.0.1 (143 bytes) @ 0x000001ddc6f67134 [0x000001ddc6f66d00+0x0000000000000434]
J 753 c1 jdk.internal.loader.ClassLoaders$AppClassLoader.loadClass(Ljava/lang/String;Z)Ljava/lang/Class; java.base@21.0.1 (40 bytes) @ 0x000001ddc70e148c [0x000001ddc70e1440+0x000000000000004c]
J 752 c1 java.lang.ClassLoader.loadClass(Ljava/lang/String;)Ljava/lang/Class; java.base@21.0.1 (7 bytes) @ 0x000001ddc70e0d14 [0x000001ddc70e0cc0+0x0000000000000054]
v  ~StubRoutines::call_stub 0x000001ddc6cd10e7
j  com.fasterxml.jackson.databind.ObjectMapper.<init>(Lcom/fasterxml/jackson/core/JsonFactory;Lcom/fasterxml/jackson/databind/ser/DefaultSerializerProvider;Lcom/fasterxml/jackson/databind/deser/DefaultDeserializationContext;)V+274
j  com.fasterxml.jackson.databind.ObjectMapper.<init>()V+4
j  org.springframework.http.converter.json.Jackson2ObjectMapperBuilder.build()Lcom/fasterxml/jackson/databind/ObjectMapper;+81
j  org.springframework.http.converter.json.MappingJackson2HttpMessageConverter.<init>()V+4
j  org.springframework.http.converter.support.AllEncompassingFormHttpMessageConverter.<init>()V+55
j  org.springframework.boot.autoconfigure.BackgroundPreinitializer$MessageConverterInitializer.run()V+4
j  org.springframework.boot.autoconfigure.BackgroundPreinitializer$1.runSafely(Ljava/lang/Runnable;)Z+1
j  org.springframework.boot.autoconfigure.BackgroundPreinitializer$1.run()V+32
j  java.lang.Thread.runWith(Ljava/lang/Object;Ljava/lang/Runnable;)V+5 java.base@21.0.1
j  java.lang.Thread.run()V+19 java.base@21.0.1
v  ~StubRoutines::call_stub 0x000001ddc6cd10e7

Compiled method (n/a)   11235 1142     n 0       java.lang.ClassLoader::defineClass1 (native)
 total in heap  [0x000001ddc7189510,0x000001ddc7189c70] = 1888
 relocation     [0x000001ddc7189670,0x000001ddc71896b0] = 64
 main code      [0x000001ddc71896c0,0x000001ddc7189c6f] = 1455
 stub code      [0x000001ddc7189c6f,0x000001ddc7189c70] = 1

[Constant Pool (empty)]

[MachCode]
[Entry Point]
  # {method} {0x000001ddd243cb30} 'defineClass1' '(Ljava/lang/ClassLoader;Ljava/lang/String;[BIILjava/security/ProtectionDomain;Ljava/lang/String;)Ljava/lang/Class;' in 'java/lang/ClassLoader'
  # parm0:    rdx:rdx   = 'java/lang/ClassLoader'
  # parm1:    r8:r8     = 'java/lang/String'
  # parm2:    r9:r9     = '[B'
  # parm3:    rdi       = int
  # parm4:    rsi       = int
  # parm5:    rcx:rcx   = 'java/security/ProtectionDomain'
  # parm6:    [sp+0xa0]   = 'java/lang/String'  (sp of caller)
  0x000001ddc71896c0: 448b 5208 | 49bb 0000 | 00d2 dd01 | 0000 4d03 | d349 3bc2 | 0f84 0600 

  0x000001ddc71896d8: ;   {runtime_call ic_miss_stub}
  0x000001ddc71896d8: 0000 e9a1 | 52b9 ff90 
[Verified Entry Point]
  0x000001ddc71896e0: 8984 2400 | 80ff ff55 | 488b ec48 | 81ec 9000 | 0000 6690 | 4181 7f20 | 0100 0000 

  0x000001ddc71896fc: ;   {runtime_call StubRoutines (final stubs)}
  0x000001ddc71896fc: 7405 e8fd | cab7 ff48 | 837d 1000 | 488d 4510 | 480f 4445 | 1048 8944 | 2440 4889 | 4c24 7048 
  0x000001ddc718971c: 83f9 0048 | 8d44 2470 | 480f 4444 | 2470 4889 | 4424 3848 | 8974 2430 | 4889 7c24 | 284c 894c 
  0x000001ddc718973c: 2458 4983 | f900 488d | 4424 5848 | 0f44 4424 | 5848 8944 | 2420 4c89 | 4424 5049 | 83f8 004c 
  0x000001ddc718975c: 8d4c 2450 | 4c0f 444c | 2450 4889 | 5424 4848 | 83fa 004c | 8d44 2448 | 4c0f 4444 

  0x000001ddc7189778: ;   {oop(a 'java/lang/Class'{0x00000007050f6e40} = 'java/lang/ClassLoader')}
  0x000001ddc7189778: 2448 49be | 406e 0f05 | 0700 0000 | 4c89 7424 | 784c 8d74 | 2478 498b | d6c5 f877 

  0x000001ddc7189794: ;   {internal_word}
  0x000001ddc7189794: 49ba 9197 | 18c7 dd01 | 0000 4d89 | 97a0 0300 | 0049 89a7 | 9803 0000 

  0x000001ddc71897ac: ;   {external_word}
  0x000001ddc71897ac: 49ba c925 | a6f3 f97f | 0000 4180 | 3a00 0f84 | 4e00 0000 | 5241 5041 

  0x000001ddc71897c4: ;   {metadata({method} {0x000001ddd243cb30} 'defineClass1' '(Ljava/lang/ClassLoader;Ljava/lang/String;[BIILjava/security/ProtectionDomain;Ljava/lang/String;)Ljava/lang/Class;' in 'java/lang/ClassLoader')}
  0x000001ddc71897c4: 5148 ba28 | cb43 d2dd | 0100 0049 | 8bcf 4883 | ec20 40f6 | c40f 0f84 | 1900 0000 | 4883 ec08 
  0x000001ddc71897e4: ;   {runtime_call}
  0x000001ddc71897e4: 48b8 30eb | 56f3 f97f | 0000 ffd0 | 4883 c408 | e90c 0000 

  0x000001ddc71897f8: ;   {runtime_call}
  0x000001ddc71897f8: 0048 b830 | eb56 f3f9 | 7f00 00ff | d048 83c4 | 2041 5941 | 585a 498d | 8fb8 0300 | 0041 c787 
  0x000001ddc7189818: 4c04 0000 | 0400 0000 

  0x000001ddc7189820: ;   {runtime_call}
  0x000001ddc7189820: 48b8 ac16 | 0474 fa7f | 0000 ffd0 | c5f8 7741 | c787 4c04 | 0000 0500 | 0000 f083 | 4424 c000 
  0x000001ddc7189840: 493b af50 | 0400 000f | 870e 0000 | 0041 83bf | 4804 0000 | 000f 842b | 0000 00c5 | f877 4889 
  0x000001ddc7189860: 45f8 498b | cf4c 8be4 | 4883 ec20 | 4883 e4f0 

  0x000001ddc7189870: ;   {runtime_call}
  0x000001ddc7189870: 48b8 c0be | 22f3 f97f | 0000 ffd0 | 498b e44d | 33e4 488b | 45f8 41c7 | 874c 0400 | 0008 0000 
  0x000001ddc7189890: 0041 83bf | c804 0000 | 020f 84a3 

  0x000001ddc718989c: ;   {external_word}
  0x000001ddc718989c: 0300 0049 | bac9 25a6 | f3f9 7f00 | 0041 803a | 000f 844c | 0000 0048 

  0x000001ddc71898b4: ;   {metadata({method} {0x000001ddd243cb30} 'defineClass1' '(Ljava/lang/ClassLoader;Ljava/lang/String;[BIILjava/security/ProtectionDomain;Ljava/lang/String;)Ljava/lang/Class;' in 'java/lang/ClassLoader')}
  0x000001ddc71898b4: 8945 f848 | ba28 cb43 | d2dd 0100 | 0049 8bcf | 4883 ec20 | 40f6 c40f | 0f84 1900 | 0000 4883 
  0x000001ddc71898d4: ;   {runtime_call}
  0x000001ddc71898d4: ec08 48b8 | 30eb 56f3 | f97f 0000 | ffd0 4883 | c408 e90c 

  0x000001ddc71898e8: ;   {runtime_call}
  0x000001ddc71898e8: 0000 0048 | b830 eb56 | f3f9 7f00 | 00ff d048 | 83c4 2048 | 8b45 f849 | c787 9803 | 0000 0000 
  0x000001ddc7189908: 0000 49c7 | 87a0 0300 | 0000 0000 | 00c5 f877 | 4885 c00f | 84fe 0200 | 00a8 030f | 8508 0000 
  0x000001ddc7189928: 0048 8b00 | e9ee 0200 | 00a8 010f | 8509 0000 | 0048 8b40 | fee9 dd02 | 0000 488b | 40ff 4180 
  0x000001ddc7189948: 7f40 000f | 84ce 0200 | 0048 83f8 | 000f 84c4 | 0200 0049 | 8b4f 2848 | 83f9 000f | 8414 0000 
  0x000001ddc7189968: 0048 83e9 | 0849 894f | 2849 034f | 3848 8901 | e9a2 0200 | 0048 81ec | 5001 0000 | 4889 0424 
  0x000001ddc7189988: 4889 4c24 | 0848 8954 | 2410 4889 | 7424 1848 | 897c 2420 | 4c89 4424 | 284c 894c | 2430 4c89 
  0x000001ddc71899a8: 5424 384c | 895c 2440 | c5fb 1144 | 2450 c5fb | 114c 2458 | c5fb 1154 | 2460 c5fb | 115c 2468 
  0x000001ddc71899c8: c5fb 1164 | 2470 c5fb | 116c 2478 | c5fb 11b4 | 2480 0000 | 00c5 fb11 | bc24 8800 | 0000 c57b 
  0x000001ddc71899e8: ;   {no_reloc}
  0x000001ddc71899e8: 1184 2490 | 0000 00c5 | 7b11 8c24 | 9800 0000 | c57b 1194 | 24a0 0000 | 00c5 7b11 | 9c24 a800 
  0x000001ddc7189a08: 0000 c57b | 11a4 24b0 | 0000 00c5 | 7b11 ac24 | b800 0000 | c57b 11b4 | 24c0 0000 | 00c5 7b11 
  0x000001ddc7189a28: bc24 c800 | 0000 62e1 | ff08 1144 | 241a 62e1 | ff08 114c | 241b 62e1 | ff08 1154 | 241c 62e1 
  0x000001ddc7189a48: ff08 115c | 241d 62e1 | ff08 1164 | 241e 62e1 | ff08 116c | 241f 62e1 | ff08 1174 | 2420 62e1 
  0x000001ddc7189a68: ff08 117c | 2421 6261 | ff08 1144 | 2422 6261 | ff08 114c | 2423 6261 | ff08 1154 | 2424 6261 
  0x000001ddc7189a88: ff08 115c | 2425 6261 | ff08 1164 | 2426 6261 | ff08 116c | 2427 6261 | ff08 1174 | 2428 6261 
  0x000001ddc7189aa8: ff08 117c | 2429 498b | d748 8bc8 | 4883 ec20 | 40f6 c40f | 0f84 1900 | 0000 4883 

  0x000001ddc7189ac4: ;   {runtime_call}
  0x000001ddc7189ac4: ec08 48b8 | b022 16f3 | f97f 0000 | ffd0 4883 | c408 e90c 

  0x000001ddc7189ad8: ;   {runtime_call}
  0x000001ddc7189ad8: 0000 0048 | b8b0 2216 | f3f9 7f00 | 00ff d048 | 83c4 2062 | 61ff 0810 | 7c24 2962 | 61ff 0810 
  0x000001ddc7189af8: 7424 2862 | 61ff 0810 | 6c24 2762 | 61ff 0810 | 6424 2662 | 61ff 0810 | 5c24 2562 | 61ff 0810 
  0x000001ddc7189b18: 5424 2462 | 61ff 0810 | 4c24 2362 | 61ff 0810 | 4424 2262 | e1ff 0810 | 7c24 2162 | e1ff 0810 
  0x000001ddc7189b38: 7424 2062 | e1ff 0810 | 6c24 1f62 | e1ff 0810 | 6424 1e62 | e1ff 0810 | 5c24 1d62 | e1ff 0810 
  0x000001ddc7189b58: 5424 1c62 | e1ff 0810 | 4c24 1b62 | e1ff 0810 | 4424 1ac5 | 7b10 bc24 | c800 0000 | c57b 10b4 
  0x000001ddc7189b78: 24c0 0000 | 00c5 7b10 | ac24 b800 | 0000 c57b | 10a4 24b0 | 0000 00c5 | 7b10 9c24 | a800 0000 
  0x000001ddc7189b98: c57b 1094 | 24a0 0000 | 00c5 7b10 | 8c24 9800 | 0000 c57b | 1084 2490 | 0000 00c5 | fb10 bc24 
  0x000001ddc7189bb8: 8800 0000 | c5fb 10b4 | 2480 0000 | 00c5 fb10 | 6c24 78c5 | fb10 6424 | 70c5 fb10 | 5c24 68c5 
  0x000001ddc7189bd8: ;   {no_reloc}
  0x000001ddc7189bd8: fb10 5424 | 60c5 fb10 | 4c24 58c5 | fb10 4424 | 504c 8b5c | 2440 4c8b | 5424 384c | 8b4c 2430 
  0x000001ddc7189bf8: 4c8b 4424 | 2848 8b7c | 2420 488b | 7424 1848 | 8b54 2410 | 488b 4c24 | 0848 8b04 | 2448 81c4 
  0x000001ddc7189c18: 5001 0000 | c5f8 7749 | 8b8f 2804 | 0000 c781 | 0001 0000 | 0000 0000 | c949 837f | 0800 0f85 
  0x000001ddc7189c38: 0100 0000 

  0x000001ddc7189c3c: ;   {runtime_call StubRoutines (initial stubs)}
  0x000001ddc7189c3c: c3e9 be72 | b4ff c5f8 | 7748 8945 | f84c 8be4 | 4883 ec20 | 4883 e4f0 

  0x000001ddc7189c54: ;   {runtime_call}
  0x000001ddc7189c54: 48b8 6023 | 57f3 f97f | 0000 ffd0 | 498b e44d | 33e4 488b | 45f8 e930 | fcff fff4 
[/MachCode]


Compiled method (c1)   11272 1154       1       java.lang.ClassLoader::defineClass (43 bytes)
 total in heap  [0x000001ddc718c910,0x000001ddc718cee0] = 1488
 relocation     [0x000001ddc718ca70,0x000001ddc718cae0] = 112
 main code      [0x000001ddc718cae0,0x000001ddc718ccb0] = 464
 stub code      [0x000001ddc718ccb0,0x000001ddc718cd28] = 120
 metadata       [0x000001ddc718cd28,0x000001ddc718cd58] = 48
 scopes data    [0x000001ddc718cd58,0x000001ddc718ce10] = 184
 scopes pcs     [0x000001ddc718ce10,0x000001ddc718ceb0] = 160
 dependencies   [0x000001ddc718ceb0,0x000001ddc718ceb8] = 8
 nul chk table  [0x000001ddc718ceb8,0x000001ddc718cee0] = 40

[Constant Pool (empty)]

[MachCode]
[Entry Point]
  # {method} {0x000001ddd243ceb0} 'defineClass' '(Ljava/lang/String;[BIILjava/security/ProtectionDomain;)Ljava/lang/Class;' in 'java/lang/ClassLoader'
  # this:     rdx:rdx   = 'java/lang/ClassLoader'
  # parm0:    r8:r8     = 'java/lang/String'
  # parm1:    r9:r9     = '[B'
  # parm2:    rdi       = int
  # parm3:    rsi       = int
  # parm4:    rcx:rcx   = 'java/security/ProtectionDomain'
  #           [sp+0xc0]  (sp of caller)
  0x000001ddc718cae0: 448b 5208 | 49bb 0000 | 00d2 dd01 | 0000 4d03 | d34c 3bd0 

  0x000001ddc718caf4: ;   {runtime_call ic_miss_stub}
  0x000001ddc718caf4: 0f85 861e | b9ff 660f | 1f44 0000 
[Verified Entry Point]
  0x000001ddc718cb00: 8984 2400 | 80ff ff55 | 4881 ecb0 | 0000 0090 | 4181 7f20 | 0100 0000 

  0x000001ddc718cb18: ;   {runtime_call StubRoutines (final stubs)}
  0x000001ddc718cb18: 7405 e8e1 | 96b7 ff48 | 8954 2478 | 89b4 2494 | 0000 0089 | bc24 9000 | 0000 4c89 | 8c24 8800 
  0x000001ddc718cb38: 0000 498b | d84c 8bc3 | 4c8b c948 | 8bca 488b | d148 899c | 2480 0000 | 0066 0f1f 

  0x000001ddc718cb54: ;   {optimized virtual_call}
  0x000001ddc718cb54: 4400 00e8 

  0x000001ddc718cb58: ; ImmutableOopMap {[120]=Oop [128]=Oop [136]=Oop }
                      ;*invokevirtual preDefineClass {reexecute=0 rethrow=0 return_oop=0}
                      ; - java.lang.ClassLoader::defineClass@4 (line 1025)
  0x000001ddc718cb58: 6416 0000 

  0x000001ddc718cb5c: ;   {other}
  0x000001ddc718cb5c: 0f1f 8400 | 4c02 0000 | 4889 8424 | 9800 0000 

  0x000001ddc718cb6c: ; implicit exception: dispatches to 0x000001ddc718cc5a
  0x000001ddc718cb6c: 448b 4010 | 49c1 e003 | 4983 f800 | 0f85 0f00 

  0x000001ddc718cb7c: ;   {oop(nullptr)}
  0x000001ddc718cb7c: 0000 48bb | 0000 0000 | 0000 0000 | e94a 0000 | 0045 8b40 | 0c49 c1e0 | 0349 83f8 | 000f 850f 
  0x000001ddc718cb9c: ;   {oop(nullptr)}
  0x000001ddc718cb9c: 0000 0048 | bb00 0000 | 0000 0000 | 00e9 2900 | 0000 418b | 5038 48c1 | e203 483b | 0266 0f1f 
  0x000001ddc718cbbc: ;   {optimized virtual_call}
  0x000001ddc718cbbc: 4400 00e8 

  0x000001ddc718cbc0: ; ImmutableOopMap {[120]=Oop [128]=Oop [136]=Oop [152]=Oop }
                      ;*invokevirtual toExternalForm {reexecute=0 rethrow=0 return_oop=0}
                      ; - java.net.URL::toExternalForm@5 (line 1203)
                      ; - java.net.URL::toString@1 (line 1189)
                      ; - java.lang.ClassLoader::defineClassSourceLocation@22 (line 927)
                      ; - java.lang.ClassLoader::defineClass@12 (line 1026)
  0x000001ddc718cbc0: 3cc3 dbff 

  0x000001ddc718cbc4: ;   {other}
  0x000001ddc718cbc4: 0f1f 8400 | b402 0001 | 488b d848 | 8b84 2498 | 0000 008b | b424 9400 | 0000 8bbc | 2490 0000 
  0x000001ddc718cbe4: 004c 8b8c | 2488 0000 | 004c 8b84 | 2480 0000 | 0048 8b54 | 2478 4c8b | da49 8bd3 | 488b c848 
  0x000001ddc718cc04: ;   {static_call}
  0x000001ddc718cc04: 891c 24e8 

  0x000001ddc718cc08: ; ImmutableOopMap {[120]=Oop [152]=Oop }
                      ;*invokestatic defineClass1 {reexecute=0 rethrow=0 return_oop=0}
                      ; - java.lang.ClassLoader::defineClass@27 (line 1027)
  0x000001ddc718cc08: d4ca ffff 

  0x000001ddc718cc0c: ;   {other}
  0x000001ddc718cc0c: 0f1f 8400 | fc02 0002 | 4c8b c04c | 8b8c 2498 | 0000 0048 | 8b54 2478 | 4889 8424 | a000 0000 
  0x000001ddc718cc2c: ;   {optimized virtual_call}
  0x000001ddc718cc2c: 6666 90e8 

  0x000001ddc718cc30: ; ImmutableOopMap {[160]=Oop }
                      ;*invokevirtual postDefineClass {reexecute=0 rethrow=0 return_oop=0}
                      ; - java.lang.ClassLoader::defineClass@37 (line 1028)
  0x000001ddc718cc30: ccac fcff 

  0x000001ddc718cc34: ;   {other}
  0x000001ddc718cc34: 0f1f 8400 | 2403 0003 | 488b 8424 | a000 0000 | 4881 c4b0 | 0000 005d 

  0x000001ddc718cc4c: ;   {poll_return}
  0x000001ddc718cc4c: 493b a750 | 0400 000f | 8715 0000 

  0x000001ddc718cc58: ;   {runtime_call throw_null_pointer_exception Runtime1 stub}
  0x000001ddc718cc58: 00c3 e8c1 

  0x000001ddc718cc5c: ; ImmutableOopMap {rax=Oop [120]=Oop [128]=Oop [136]=Oop [152]=Oop }
                      ;*invokevirtual getCodeSource {reexecute=0 rethrow=0 return_oop=0}
                      ; - java.lang.ClassLoader::defineClassSourceLocation@1 (line 924)
                      ; - java.lang.ClassLoader::defineClass@12 (line 1026)
                      ;   {runtime_call throw_null_pointer_exception Runtime1 stub}
  0x000001ddc718cc5c: 4dc5 ffe8 

  0x000001ddc718cc60: ; ImmutableOopMap {rax=Oop [120]=Oop [128]=Oop [136]=Oop [152]=Oop }
                      ;*invokevirtual getLocation {reexecute=0 rethrow=0 return_oop=0}
                      ; - java.lang.ClassLoader::defineClassSourceLocation@12 (line 926)
                      ; - java.lang.ClassLoader::defineClass@12 (line 1026)
  0x000001ddc718cc60: bc4d c5ff 

  0x000001ddc718cc64: ;   {runtime_call throw_null_pointer_exception Runtime1 stub}
  0x000001ddc718cc64: e8b7 4dc5 

  0x000001ddc718cc68: ; ImmutableOopMap {r8=Oop [120]=Oop [128]=Oop [136]=Oop [152]=Oop }
                      ;*invokevirtual toString {reexecute=0 rethrow=0 return_oop=0}
                      ; - java.lang.ClassLoader::defineClassSourceLocation@22 (line 927)
                      ; - java.lang.ClassLoader::defineClass@12 (line 1026)
                      ;   {runtime_call throw_null_pointer_exception Runtime1 stub}
  0x000001ddc718cc68: ffe8 b24d 

  0x000001ddc718cc6c: ; ImmutableOopMap {r8=Oop rdx=Oop [120]=Oop [128]=Oop [136]=Oop [152]=Oop }
                      ;*invokevirtual toExternalForm {reexecute=0 rethrow=0 return_oop=0}
                      ; - java.net.URL::toExternalForm@5 (line 1203)
                      ; - java.net.URL::toString@1 (line 1189)
                      ; - java.lang.ClassLoader::defineClassSourceLocation@22 (line 927)
                      ; - java.lang.ClassLoader::defineClass@12 (line 1026)
                      ;   {internal_word}
  0x000001ddc718cc6c: c5ff 49ba | 4ccc 18c7 | dd01 0000 | 4d89 9768 

  0x000001ddc718cc7c: ;   {runtime_call SafepointBlob}
  0x000001ddc718cc7c: 0400 00e9 | fc9e b9ff | 498b 8700 | 0500 0049 | c787 0005 | 0000 0000 | 0000 49c7 | 8708 0500 
  0x000001ddc718cc9c: 0000 0000 | 0048 81c4 | b000 0000 

  0x000001ddc718cca8: ;   {runtime_call unwind_exception Runtime1 stub}
  0x000001ddc718cca8: 5de9 523e | c5ff f4f4 
[Stub Code]
  0x000001ddc718ccb0: ;   {no_reloc}
  0x000001ddc718ccb0: 0f1f 4400 

  0x000001ddc718ccb4: ;   {static_stub}
  0x000001ddc718ccb4: 0048 bb00 | 0000 0000 

  0x000001ddc718ccbc: ;   {runtime_call}
  0x000001ddc718ccbc: 0000 00e9 | fbff ffff 

  0x000001ddc718ccc4: ;   {static_stub}
  0x000001ddc718ccc4: 48bb 0000 | 0000 0000 

  0x000001ddc718cccc: ;   {runtime_call}
  0x000001ddc718cccc: 0000 e9fb 

  0x000001ddc718ccd0: ;   {static_stub}
  0x000001ddc718ccd0: ffff ff48 | bb00 0000 | 0000 0000 

  0x000001ddc718ccdc: ;   {runtime_call}
  0x000001ddc718ccdc: 00e9 fbff 

  0x000001ddc718cce0: ;   {static_stub}
  0x000001ddc718cce0: ffff 48bb | 0000 0000 | 0000 0000 

  0x000001ddc718ccec: ;   {runtime_call}
  0x000001ddc718ccec: e9fb ffff 

  0x000001ddc718ccf0: ;   {runtime_call handle_exception_from_callee Runtime1 stub}
  0x000001ddc718ccf0: ffe8 0a73 

  0x000001ddc718ccf4: ;   {external_word}
  0x000001ddc718ccf4: c5ff 48b9 | 0028 7ef3 | f97f 0000 | 4883 e4f0 

  0x000001ddc718cd04: ;   {runtime_call}
  0x000001ddc718cd04: 48b8 e00f | 46f3 f97f | 0000 ffd0 

  0x000001ddc718cd10: ;   {section_word}
  0x000001ddc718cd10: f449 ba11 | cd18 c7dd | 0100 0041 

  0x000001ddc718cd1c: ;   {runtime_call DeoptimizationBlob}
  0x000001ddc718cd1c: 52e9 feb2 | b9ff f4f4 | f4f4 f4f4 
[/MachCode]


Compiled method (c1)   11312 1004       1       jdk.internal.loader.BuiltinClassLoader::defineClass (121 bytes)
 total in heap  [0x000001ddc7154a90,0x000001ddc71559c8] = 3896
 relocation     [0x000001ddc7154bf0,0x000001ddc7154d38] = 328
 main code      [0x000001ddc7154d40,0x000001ddc7155428] = 1768
 stub code      [0x000001ddc7155428,0x000001ddc7155548] = 288
 metadata       [0x000001ddc7155548,0x000001ddc7155590] = 72
 scopes data    [0x000001ddc7155590,0x000001ddc71557e8] = 600
 scopes pcs     [0x000001ddc71557e8,0x000001ddc7155988] = 416
 dependencies   [0x000001ddc7155988,0x000001ddc7155990] = 8
 handler table  [0x000001ddc7155990,0x000001ddc71559a8] = 24
 nul chk table  [0x000001ddc71559a8,0x000001ddc71559c8] = 32

[Constant Pool (empty)]

[MachCode]
[Entry Point]
  # {method} {0x000001ddd206a028} 'defineClass' '(Ljava/lang/String;Ljdk/internal/loader/Resource;)Ljava/lang/Class;' in 'jdk/internal/loader/BuiltinClassLoader'
  # this:     rdx:rdx   = 'jdk/internal/loader/BuiltinClassLoader'
  # parm0:    r8:r8     = 'java/lang/String'
  # parm1:    r9:r9     = 'jdk/internal/loader/Resource'
  #           [sp+0x110]  (sp of caller)
  0x000001ddc7154d40: 448b 5208 | 49bb 0000 | 00d2 dd01 | 0000 4d03 | d34c 3bd0 

  0x000001ddc7154d54: ;   {runtime_call ic_miss_stub}
  0x000001ddc7154d54: 0f85 269c | bcff 660f | 1f44 0000 
[Verified Entry Point]
  0x000001ddc7154d60: 8984 2400 | 80ff ff55 | 4881 ec00 | 0100 0090 | 4181 7f20 | 0100 0000 

  0x000001ddc7154d78: ;   {runtime_call StubRoutines (final stubs)}
  0x000001ddc7154d78: 7405 e881 | 14bb ff48 | 8994 24a0 | 0000 004c | 8984 2490 | 0000 004c | 898c 2498 | 0000 0049 
  0x000001ddc7154d98: 8bd1 6666 | 9048 b838 | 6621 d2dd 

  0x000001ddc7154da4: ;   {virtual_call}
  0x000001ddc7154da4: 0100 00e8 

  0x000001ddc7154da8: ; ImmutableOopMap {[144]=Oop [152]=Oop [160]=Oop }
                      ;*invokevirtual getCodeSourceURL {reexecute=0 rethrow=0 return_oop=0}
                      ; - jdk.internal.loader.BuiltinClassLoader::defineClass@1 (line 842)
  0x000001ddc7154da8: 74ab 0000 

  0x000001ddc7154dac: ;   {other}
  0x000001ddc7154dac: 0f1f 8400 | 1c03 0000 | 4889 8424 | a800 0000 | 4c8b 8424 | 9000 0000 

  0x000001ddc7154dc4: ; implicit exception: dispatches to 0x000001ddc7155322
  0x000001ddc7154dc4: 418b 7014 | 48c1 e603 

  0x000001ddc7154dcc: ; implicit exception: dispatches to 0x000001ddc7155327
  0x000001ddc7154dcc: 8b56 0c45 | 0fbe 4810 | 498b c9c1 | e118 c1f9 | 18d3 fa48 | 8bfa ffcf | 4183 f900 | ba00 0000 
  0x000001ddc7154dec: 000f 8505 | 0000 00ba | 0100 0000 | 83e2 0183 | fa00 488b | d641 b82e | 0000 004c | 8bcf 0f84 
  0x000001ddc7154e0c: 1900 0000 | 0f1f 8000 

  0x000001ddc7154e14: ;   {static_call}
  0x000001ddc7154e14: 0000 00e8 

  0x000001ddc7154e18: ; ImmutableOopMap {[144]=Oop [152]=Oop [160]=Oop [168]=Oop }
                      ;*invokestatic lastIndexOf {reexecute=0 rethrow=0 return_oop=0}
                      ; - java.lang.String::lastIndexOf@13 (line 2569)
                      ; - java.lang.String::lastIndexOf@8 (line 2531)
                      ; - jdk.internal.loader.BuiltinClassLoader::defineClass@8 (line 845)
  0x000001ddc7154e18: 24b4 caff 

  0x000001ddc7154e1c: ;   {other}
  0x000001ddc7154e1c: 0f1f 8400 | 8c03 0001 | e913 0000 | 0066 0f1f 

  0x000001ddc7154e2c: ;   {static_call}
  0x000001ddc7154e2c: 4400 00e8 

  0x000001ddc7154e30: ; ImmutableOopMap {[144]=Oop [152]=Oop [160]=Oop [168]=Oop }
                      ;*invokestatic lastIndexOf {reexecute=0 rethrow=0 return_oop=0}
                      ; - java.lang.String::lastIndexOf@25 (line 2570)
                      ; - java.lang.String::lastIndexOf@8 (line 2531)
                      ; - jdk.internal.loader.BuiltinClassLoader::defineClass@8 (line 845)
  0x000001ddc7154e30: 4caa bcff 

  0x000001ddc7154e34: ;   {other}
  0x000001ddc7154e34: 0f1f 8400 | a403 0002 | 83f8 ff0f | 847f 0000 | 0041 b800 | 0000 004c | 8bc8 488b | 9424 9000 
  0x000001ddc7154e54: ;   {optimized virtual_call}
  0x000001ddc7154e54: 0000 90e8 

  0x000001ddc7154e58: ; ImmutableOopMap {[144]=Oop [152]=Oop [160]=Oop [168]=Oop }
                      ;*invokevirtual substring {reexecute=0 rethrow=0 return_oop=0}
                      ; - jdk.internal.loader.BuiltinClassLoader::defineClass@23 (line 847)
  0x000001ddc7154e58: 247a d6ff 

  0x000001ddc7154e5c: ;   {other}
  0x000001ddc7154e5c: 0f1f 8400 | cc03 0003 | 488b 9424 | 9800 0000 | 4889 8424 | b000 0000 | 9048 b838 | 6621 d2dd 
  0x000001ddc7154e7c: ;   {virtual_call}
  0x000001ddc7154e7c: 0100 00e8 

  0x000001ddc7154e80: ; ImmutableOopMap {[144]=Oop [152]=Oop [160]=Oop [168]=Oop [176]=Oop }
                      ;*invokevirtual getManifest {reexecute=0 rethrow=0 return_oop=0}
                      ; - jdk.internal.loader.BuiltinClassLoader::defineClass@29 (line 848)
  0x000001ddc7154e80: 1cbc 0000 

  0x000001ddc7154e84: ;   {other}
  0x000001ddc7154e84: 0f1f 8400 | f403 0004 | 4c8b 8424 | b000 0000 | 4c8b c848 | 8bbc 24a8 | 0000 0048 | 8b94 24a0 
  0x000001ddc7154ea4: 0000 0066 | 0f1f 4400 | 0048 b868 | a606 d2dd 

  0x000001ddc7154eb4: ;   {virtual_call}
  0x000001ddc7154eb4: 0100 00e8 

  0x000001ddc7154eb8: ; ImmutableOopMap {[144]=Oop [152]=Oop [160]=Oop [168]=Oop }
                      ;*invokevirtual defineOrCheckPackage {reexecute=0 rethrow=0 return_oop=0}
                      ; - jdk.internal.loader.BuiltinClassLoader::defineClass@40 (line 849)
  0x000001ddc7154eb8: 84e4 ffff 

  0x000001ddc7154ebc: ;   {other}
  0x000001ddc7154ebc: 0f1f 8400 | 2c04 0005 | 4c8b 8c24 | 9800 0000 | 488d 9424 | e000 0000 | 4c89 4a08 | 498b 0148 
  0x000001ddc7154edc: 83c8 0148 | 8902 f049 | 0fb1 110f | 8412 0000 | 0048 2bc4 | 4825 07f0 | ffff 4889 | 020f 852d 
  0x000001ddc7154efc: 0400 0049 | ff87 5005 | 0000 418b | 510c 48c1 | e203 4883 | fa00 0f85 | 5100 0000 | 498b d166 
  0x000001ddc7154f1c: 9048 b838 | 6621 d2dd 

  0x000001ddc7154f24: ;   {virtual_call}
  0x000001ddc7154f24: 0100 00e8 

  0x000001ddc7154f28: ; ImmutableOopMap {[144]=Oop [152]=Oop [160]=Oop [168]=Oop [232]=Oop }
                      ;*invokevirtual getInputStream {reexecute=0 rethrow=0 return_oop=0}
                      ; - jdk.internal.loader.Resource::cachedInputStream@9 (line 77)
                      ; - jdk.internal.loader.Resource::getByteBuffer@1 (line 163)
                      ; - jdk.internal.loader.BuiltinClassLoader::defineClass@45 (line 853)
  0x000001ddc7154f28: 14c4 0000 

  0x000001ddc7154f2c: ;   {other}
  0x000001ddc7154f2c: 0f1f 8400 | 9c04 0006 | 410f be57 | 4083 fa00 | 4c8b 8c24 | 9800 0000 | 0f85 f503 | 0000 4c8b 
  0x000001ddc7154f4c: d049 c1ea | 0345 8951 | 0c49 8bd1 | 4833 d048 | c1ea 1548 | 83fa 000f | 85f6 0300 | 0041 8b51 
  0x000001ddc7154f6c: 0c48 c1e2 | 0348 8d84 | 24e0 0000 | 0048 8b30 | 4885 f60f | 840f 0000 | 0048 8b78 | 08f0 480f 
  0x000001ddc7154f8c: b137 0f85 | e303 0000 | 49ff 8f50 | 0500 0048 | 83fa 000f | 8444 0000 

  0x000001ddc7154fa4: ;   {metadata('sun/nio/ByteBuffered')}
  0x000001ddc7154fa4: 0048 b8a0 | e236 d2dd | 0100 008b | 5a08 49ba | 0000 00d2 | dd01 0000 | 4903 da48 | 3b43 200f 
  0x000001ddc7154fc4: 8425 0000 | 0048 3bd8 | 0f84 1c00 | 0000 5350 

  0x000001ddc7154fd4: ;   {runtime_call slow_subtype_check Runtime1 stub}
  0x000001ddc7154fd4: e827 fcc8 | ff5b 5b83 | fb00 0f84 | 0500 0000 | e905 0000 | 0048 33f6 | eb0a 48be | 0100 0000 
  0x000001ddc7154ff4: 0000 0000 | 83fe 000f | 8470 0000 | 0048 83fa | 000f 8444 

  0x000001ddc7155008: ;   {metadata('sun/nio/ByteBuffered')}
  0x000001ddc7155008: 0000 0048 | bba0 e236 | d2dd 0100 | 008b 7a08 | 49ba 0000 | 00d2 dd01 | 0000 4903 | fa48 3b5f 
  0x000001ddc7155028: 200f 8420 | 0000 0048 | 3bfb 0f84 | 1700 0000 

  0x000001ddc7155038: ;   {runtime_call slow_subtype_check Runtime1 stub}
  0x000001ddc7155038: 5753 e8c1 | fbc8 ff5f | 5f83 ff00 | 0f84 4303 | 0000 e900 | 0000 0066 | 0f1f 4400 | 0048 b8ff 
  0x000001ddc7155058: ffff ffff 

  0x000001ddc715505c: ;   {virtual_call}
  0x000001ddc715505c: ffff ffe8 

  0x000001ddc7155060: ; ImmutableOopMap {[144]=Oop [152]=Oop [160]=Oop [168]=Oop }
                      ;*invokeinterface getByteBuffer {reexecute=0 rethrow=0 return_oop=0}
                      ; - jdk.internal.loader.Resource::getByteBuffer@16 (line 165)
                      ; - jdk.internal.loader.BuiltinClassLoader::defineClass@45 (line 853)
  0x000001ddc7155060: 1ca3 bcff 

  0x000001ddc7155064: ;   {other}
  0x000001ddc7155064: 0f1f 8400 | d405 0007 | e90a 0000 

  0x000001ddc7155070: ;   {oop(nullptr)}
  0x000001ddc7155070: 0048 b800 | 0000 0000 | 0000 0048 | 83f8 000f | 8405 0100 | 0048 8984 | 24b8 0000 | 0048 8b94 
  0x000001ddc7155090: 2498 0000 | 0048 b8ff | ffff ffff 

  0x000001ddc715509c: ;   {virtual_call}
  0x000001ddc715509c: ffff ffe8 

  0x000001ddc71550a0: ; ImmutableOopMap {[144]=Oop [160]=Oop [168]=Oop [184]=Oop }
                      ;*invokevirtual getCodeSigners {reexecute=0 rethrow=0 return_oop=0}
                      ; - jdk.internal.loader.BuiltinClassLoader::defineClass@56 (line 855)
  0x000001ddc71550a0: dca2 bcff 

  0x000001ddc71550a4: ;   {other}
  0x000001ddc71550a4: 0f1f 8400 | 1406 0008 

  0x000001ddc71550ac: ;   {metadata('java/security/CodeSource')}
  0x000001ddc71550ac: 4c8b c848 | ba70 5d00 | d2dd 0100 | 0049 8b87 | b801 0000 | 488d 7828 | 493b bfc8 | 0100 000f 
  0x000001ddc71550cc: 87c5 0200 | 0049 89bf | b801 0000 | 48c7 0001 | 0000 0048 | 8bca 49ba | 0000 00d2 | dd01 0000 
  0x000001ddc71550ec: 492b ca89 | 4808 4833 | c989 480c | 4833 c948 | 8948 1048 | 8948 1848 | 8948 204c | 8b84 24a8 
  0x000001ddc715510c: 0000 0048 | 8bd0 4889 | 8424 c000 | 0000 0f1f 

  0x000001ddc715511c: ;   {optimized virtual_call}
  0x000001ddc715511c: 4400 00e8 

  0x000001ddc7155120: ; ImmutableOopMap {[144]=Oop [160]=Oop [184]=Oop [192]=Oop }
                      ;*invokespecial <init> {reexecute=0 rethrow=0 return_oop=0}
                      ; - jdk.internal.loader.BuiltinClassLoader::defineClass@68 (line 856)
  0x000001ddc7155120: 5c9d bcff 

  0x000001ddc7155124: ;   {other}
  0x000001ddc7155124: 0f1f 8400 | 9406 0009 | 4c8b 8424 | c000 0000 | 488b 9424 | a000 0000 

  0x000001ddc715513c: ;   {optimized virtual_call}
  0x000001ddc715513c: 6666 90e8 

  0x000001ddc7155140: ; ImmutableOopMap {[144]=Oop [160]=Oop [184]=Oop }
                      ;*invokevirtual getProtectionDomain {reexecute=0 rethrow=0 return_oop=0}
                      ; - java.security.SecureClassLoader::defineClass@5 (line 182)
                      ; - jdk.internal.loader.BuiltinClassLoader::defineClass@79 (line 857)
  0x000001ddc7155140: 3c9d bcff 

  0x000001ddc7155144: ;   {other}
  0x000001ddc7155144: 0f1f 8400 | b406 000a | 4c8b 8424 | 9000 0000 | 4c8b 8c24 | b800 0000 | 488b f848 | 8b94 24a0 
  0x000001ddc7155164: ;   {optimized virtual_call}
  0x000001ddc7155164: 0000 00e8 

  0x000001ddc7155168: ; ImmutableOopMap {}
                      ;*invokevirtual defineClass {reexecute=0 rethrow=0 return_oop=0}
                      ; - java.security.SecureClassLoader::defineClass@8 (line 182)
                      ; - jdk.internal.loader.BuiltinClassLoader::defineClass@79 (line 857)
  0x000001ddc7155168: 149d bcff 

  0x000001ddc715516c: ;   {other}
  0x000001ddc715516c: 0f1f 8400 | dc06 000b | 4881 c400 | 0100 005d 

  0x000001ddc715517c: ;   {poll_return}
  0x000001ddc715517c: 493b a750 | 0400 000f | 871a 0200 | 00c3 4c8b | 8c24 9800 | 0000 498b | d148 b838 | 6621 d2dd 
  0x000001ddc715519c: ;   {virtual_call}
  0x000001ddc715519c: 0100 00e8 

  0x000001ddc71551a0: ; ImmutableOopMap {[144]=Oop [152]=Oop [160]=Oop [168]=Oop }
                      ;*invokevirtual getBytes {reexecute=0 rethrow=0 return_oop=0}
                      ; - jdk.internal.loader.BuiltinClassLoader::defineClass@84 (line 859)
  0x000001ddc71551a0: 3cd4 0000 

  0x000001ddc71551a4: ;   {other}
  0x000001ddc71551a4: 0f1f 8400 | 1407 000c | 4889 8424 | c800 0000 | 488b 9424 | 9800 0000 | 9048 b838 | 6621 d2dd 
  0x000001ddc71551c4: ;   {virtual_call}
  0x000001ddc71551c4: 0100 00e8 

  0x000001ddc71551c8: ; ImmutableOopMap {[144]=Oop [160]=Oop [168]=Oop [200]=Oop }
                      ;*invokevirtual getCodeSigners {reexecute=0 rethrow=0 return_oop=0}
                      ; - jdk.internal.loader.BuiltinClassLoader::defineClass@90 (line 860)
  0x000001ddc71551c8: f4c7 0000 

  0x000001ddc71551cc: ;   {other}
  0x000001ddc71551cc: 0f1f 8400 | 3c07 000d 

  0x000001ddc71551d4: ;   {metadata('java/security/CodeSource')}
  0x000001ddc71551d4: 4c8b c848 | ba70 5d00 | d2dd 0100 | 0049 8b87 | b801 0000 | 488d 7828 | 493b bfc8 | 0100 000f 
  0x000001ddc71551f4: 87c0 0100 | 0049 89bf | b801 0000 | 48c7 0001 | 0000 0048 | 8bca 49ba | 0000 00d2 | dd01 0000 
  0x000001ddc7155214: 492b ca89 | 4808 4833 | c989 480c | 4833 c948 | 8948 1048 | 8948 1848 | 8948 204c | 8b84 24a8 
  0x000001ddc7155234: 0000 0048 | 8bd0 4889 | 8424 d000 | 0000 0f1f 

  0x000001ddc7155244: ;   {optimized virtual_call}
  0x000001ddc7155244: 4400 00e8 

  0x000001ddc7155248: ; ImmutableOopMap {[144]=Oop [160]=Oop [200]=Oop [208]=Oop }
                      ;*invokespecial <init> {reexecute=0 rethrow=0 return_oop=0}
                      ; - jdk.internal.loader.BuiltinClassLoader::defineClass@102 (line 861)
  0x000001ddc7155248: b462 0300 

  0x000001ddc715524c: ;   {other}
  0x000001ddc715524c: 0f1f 8400 | bc07 000e | 488b 8424 | c800 0000 

  0x000001ddc715525c: ; implicit exception: dispatches to 0x000001ddc71553c6
  0x000001ddc715525c: 8b70 0c4c | 8b84 24d0 | 0000 0048 | 8b94 24a0 | 0000 0089 | b424 d800 

  0x000001ddc7155274: ;   {optimized virtual_call}
  0x000001ddc7155274: 0000 90e8 

  0x000001ddc7155278: ; ImmutableOopMap {[144]=Oop [160]=Oop [200]=Oop }
                      ;*invokevirtual getProtectionDomain {reexecute=0 rethrow=0 return_oop=0}
                      ; - java.security.SecureClassLoader::defineClass@9 (line 150)
                      ; - jdk.internal.loader.BuiltinClassLoader::defineClass@117 (line 862)
  0x000001ddc7155278: 8468 0300 

  0x000001ddc715527c: ;   {other}
  0x000001ddc715527c: 0f1f 8400 | ec07 000f | 4c8b 8424 | 9000 0000 | 4c8b 8c24 | c800 0000 | bf00 0000 | 008b b424 
  0x000001ddc715529c: d800 0000 | 488b c848 | 8b94 24a0 | 0000 000f 

  0x000001ddc71552ac: ;   {optimized virtual_call}
  0x000001ddc71552ac: 1f40 00e8 

  0x000001ddc71552b0: ; ImmutableOopMap {}
                      ;*invokevirtual defineClass {reexecute=0 rethrow=0 return_oop=0}
                      ; - java.security.SecureClassLoader::defineClass@12 (line 150)
                      ; - jdk.internal.loader.BuiltinClassLoader::defineClass@117 (line 862)
  0x000001ddc71552b0: 4c78 0300 

  0x000001ddc71552b4: ;   {other}
  0x000001ddc71552b4: 0f1f 8400 | 2408 0010 | 4881 c400 | 0100 005d 

  0x000001ddc71552c4: ;   {poll_return}
  0x000001ddc71552c4: 493b a750 | 0400 000f | 87fa 0000 | 00c3 498b | 8700 0500 | 004d 33d2 | 4d89 9700 | 0500 004d 
  0x000001ddc71552e4: 33d2 4d89 | 9708 0500 | 0048 8bf0 | 488d 8424 | e000 0000 | 488b 3848 | 85ff 0f84 | 0f00 0000 
  0x000001ddc7155304: 488b 5808 | f048 0fb1 | 3b0f 85ce | 0000 0049 | ff8f 5005 | 0000 488b | c6e9 f200 

  0x000001ddc7155320: ;   {runtime_call throw_null_pointer_exception Runtime1 stub}
  0x000001ddc7155320: 0000 e8f9 

  0x000001ddc7155324: ; ImmutableOopMap {rax=Oop r8=Oop [144]=Oop [152]=Oop [160]=Oop [168]=Oop }
                      ;*invokevirtual lastIndexOf {reexecute=0 rethrow=0 return_oop=0}
                      ; - jdk.internal.loader.BuiltinClassLoader::defineClass@8 (line 845)
                      ;   {runtime_call throw_null_pointer_exception Runtime1 stub}
  0x000001ddc7155324: c6c8 ffe8 

  0x000001ddc7155328: ; ImmutableOopMap {rax=Oop r8=Oop rsi=Oop [144]=Oop [152]=Oop [160]=Oop [168]=Oop }
                      ;*arraylength {reexecute=0 rethrow=0 return_oop=0}
                      ; - java.lang.String::length@4 (line 1519)
                      ; - java.lang.String::lastIndexOf@3 (line 2531)
                      ; - jdk.internal.loader.BuiltinClassLoader::defineClass@8 (line 845)
  0x000001ddc7155328: f4c6 c8ff | 4c89 4c24 | 0848 8914 

  0x000001ddc7155334: ;   {runtime_call monitorenter_nofpu Runtime1 stub}
  0x000001ddc7155334: 24e8 46ff 

  0x000001ddc7155338: ; ImmutableOopMap {r9=Oop [144]=Oop [152]=Oop [160]=Oop [168]=Oop [232]=Oop }
                      ;*synchronization entry
                      ; - jdk.internal.loader.Resource::cachedInputStream@-1 (line 76)
                      ; - jdk.internal.loader.Resource::getByteBuffer@1 (line 163)
                      ; - jdk.internal.loader.BuiltinClassLoader::defineClass@45 (line 853)
  0x000001ddc7155338: c8ff e9c7 | fbff ff41 | 8b51 0c48 | c1e2 0348 | 83fa 000f | 84f9 fbff | ff48 8914 

  0x000001ddc7155354: ;   {runtime_call g1_pre_barrier_slow}
  0x000001ddc7155354: 24e8 2630 | c9ff e9eb | fbff ff48 | 83f8 000f | 8400 fcff | ff4c 890c 

  0x000001ddc715536c: ;   {runtime_call g1_post_barrier_slow}
  0x000001ddc715536c: 24e8 8e33 | c9ff e9f2 | fbff ff48 | 8d84 24e0 | 0000 0048 

  0x000001ddc7155380: ;   {runtime_call monitorexit_nofpu Runtime1 stub}
  0x000001ddc7155380: 8904 24e8 | 7805 c9ff | e90e fcff | ff48 8914 

  0x000001ddc7155390: ;   {runtime_call throw_class_cast_exception Runtime1 stub}
  0x000001ddc7155390: 24e8 8af2 

  0x000001ddc7155394: ; ImmutableOopMap {[144]=Oop [152]=Oop [160]=Oop [168]=Oop }
                      ;*checkcast {reexecute=0 rethrow=0 return_oop=0}
                      ; - jdk.internal.loader.Resource::getByteBuffer@13 (line 165)
                      ; - jdk.internal.loader.BuiltinClassLoader::defineClass@45 (line 853)
  0x000001ddc7155394: c8ff 488b 

  0x000001ddc7155398: ;   {runtime_call fast_new_instance Runtime1 stub}
  0x000001ddc7155398: d2e8 62d1 

  0x000001ddc715539c: ; ImmutableOopMap {r9=Oop [144]=Oop [160]=Oop [168]=Oop [184]=Oop }
                      ;*new {reexecute=0 rethrow=0 return_oop=0}
                      ; - jdk.internal.loader.BuiltinClassLoader::defineClass@61 (line 856)
  0x000001ddc715539c: c8ff e964 

  0x000001ddc71553a0: ;   {internal_word}
  0x000001ddc71553a0: fdff ff49 | ba7c 5115 | c7dd 0100 | 004d 8997 | 6804 0000 

  0x000001ddc71553b4: ;   {runtime_call SafepointBlob}
  0x000001ddc71553b4: e9c7 17bd | ff48 8bd2 

  0x000001ddc71553bc: ;   {runtime_call fast_new_instance Runtime1 stub}
  0x000001ddc71553bc: e83f d1c8 

  0x000001ddc71553c0: ; ImmutableOopMap {r9=Oop [144]=Oop [160]=Oop [168]=Oop [200]=Oop }
                      ;*new {reexecute=0 rethrow=0 return_oop=0}
                      ; - jdk.internal.loader.BuiltinClassLoader::defineClass@95 (line 861)
  0x000001ddc71553c0: ffe9 69fe 

  0x000001ddc71553c4: ;   {runtime_call throw_null_pointer_exception Runtime1 stub}
  0x000001ddc71553c4: ffff e855 

  0x000001ddc71553c8: ; ImmutableOopMap {rax=Oop [144]=Oop [160]=Oop [200]=Oop [208]=Oop }
                      ;*arraylength {reexecute=0 rethrow=0 return_oop=0}
                      ; - jdk.internal.loader.BuiltinClassLoader::defineClass@114 (line 862)
                      ;   {internal_word}
  0x000001ddc71553c8: c6c8 ff49 | bac4 5215 | c7dd 0100 | 004d 8997 | 6804 0000 

  0x000001ddc71553dc: ;   {runtime_call SafepointBlob}
  0x000001ddc71553dc: e99f 17bd | ff48 8d84 | 24e0 0000 | 0048 8904 

  0x000001ddc71553ec: ;   {runtime_call monitorexit_nofpu Runtime1 stub}
  0x000001ddc71553ec: 24e8 0e05 | c9ff e923 | ffff ff49 | 8b87 0005 | 0000 49c7 | 8700 0500 | 0000 0000 | 0049 c787 
  0x000001ddc715540c: 0805 0000 | 0000 0000 | 4881 c400 | 0100 005d 

  0x000001ddc715541c: ;   {runtime_call unwind_exception Runtime1 stub}
  0x000001ddc715541c: e9df b6c8 | fff4 f4f4 | f4f4 f4f4 
[Stub Code]
  0x000001ddc7155428: ;   {no_reloc}
  0x000001ddc7155428: 0f1f 4400 

  0x000001ddc715542c: ;   {static_stub}
  0x000001ddc715542c: 0048 bb00 | 0000 0000 

  0x000001ddc7155434: ;   {runtime_call}
  0x000001ddc7155434: 0000 00e9 | fbff ffff 

  0x000001ddc715543c: ;   {static_stub}
  0x000001ddc715543c: 9048 bb00 | 0000 0000 

  0x000001ddc7155444: ;   {runtime_call}
  0x000001ddc7155444: 0000 00e9 | fbff ffff 

  0x000001ddc715544c: ;   {static_stub}
  0x000001ddc715544c: 9048 bb00 | 0000 0000 

  0x000001ddc7155454: ;   {runtime_call}
  0x000001ddc7155454: 0000 00e9 | fbff ffff 

  0x000001ddc715545c: ;   {static_stub}
  0x000001ddc715545c: 9048 bb00 | 0000 0000 

  0x000001ddc7155464: ;   {runtime_call}
  0x000001ddc7155464: 0000 00e9 | fbff ffff 

  0x000001ddc715546c: ;   {static_stub}
  0x000001ddc715546c: 9048 bb00 | 0000 0000 

  0x000001ddc7155474: ;   {runtime_call}
  0x000001ddc7155474: 0000 00e9 | fbff ffff 

  0x000001ddc715547c: ;   {static_stub}
  0x000001ddc715547c: 9048 bb00 | 0000 0000 

  0x000001ddc7155484: ;   {runtime_call}
  0x000001ddc7155484: 0000 00e9 | fbff ffff 

  0x000001ddc715548c: ;   {static_stub}
  0x000001ddc715548c: 9048 bb00 | 0000 0000 

  0x000001ddc7155494: ;   {runtime_call}
  0x000001ddc7155494: 0000 00e9 | fbff ffff 

  0x000001ddc715549c: ;   {static_stub}
  0x000001ddc715549c: 9048 bb00 | 0000 0000 

  0x000001ddc71554a4: ;   {runtime_call}
  0x000001ddc71554a4: 0000 00e9 | fbff ffff 

  0x000001ddc71554ac: ;   {static_stub}
  0x000001ddc71554ac: 48bb f862 | 47d2 dd01 

  0x000001ddc71554b4: ;   {runtime_call I2C/C2I adapters}
  0x000001ddc71554b4: 0000 e9d0 

  0x000001ddc71554b8: ;   {static_stub}
  0x000001ddc71554b8: 5bbc ff48 | bb58 d704 | d2dd 0100 

  0x000001ddc71554c4: ;   {runtime_call I2C/C2I adapters}
  0x000001ddc71554c4: 00e9 3dfa 

  0x000001ddc71554c8: ;   {static_stub}
  0x000001ddc71554c8: bcff 48bb | 0000 0000 | 0000 0000 

  0x000001ddc71554d4: ;   {runtime_call}
  0x000001ddc71554d4: e9fb ffff 

  0x000001ddc71554d8: ;   {static_stub}
  0x000001ddc71554d8: ff48 bba8 | ce43 d2dd 

  0x000001ddc71554e0: ;   {runtime_call I2C/C2I adapters}
  0x000001ddc71554e0: 0100 00e9 | ad90 bbff 

  0x000001ddc71554e8: ;   {static_stub}
  0x000001ddc71554e8: 48bb 0000 | 0000 0000 

  0x000001ddc71554f0: ;   {runtime_call}
  0x000001ddc71554f0: 0000 e9fb 

  0x000001ddc71554f4: ;   {static_stub}
  0x000001ddc71554f4: ffff ff48 | bb00 0000 | 0000 0000 

  0x000001ddc7155500: ;   {runtime_call}
  0x000001ddc7155500: 00e9 fbff 

  0x000001ddc7155504: ;   {static_stub}
  0x000001ddc7155504: ffff 48bb | 0000 0000 | 0000 0000 

  0x000001ddc7155510: ;   {runtime_call}
  0x000001ddc7155510: e9fb ffff 

  0x000001ddc7155514: ;   {runtime_call handle_exception_from_callee Runtime1 stub}
  0x000001ddc7155514: ffe8 e6ea 

  0x000001ddc7155518: ;   {external_word}
  0x000001ddc7155518: c8ff 48b9 | 0028 7ef3 | f97f 0000 | 4883 e4f0 

  0x000001ddc7155528: ;   {runtime_call}
  0x000001ddc7155528: 48b8 e00f | 46f3 f97f | 0000 ffd0 

  0x000001ddc7155534: ;   {section_word}
  0x000001ddc7155534: f449 ba35 | 5515 c7dd | 0100 0041 

  0x000001ddc7155540: ;   {runtime_call DeoptimizationBlob}
  0x000001ddc7155540: 52e9 da2a | bdff f4f4 
[/MachCode]


---------------  P R O C E S S  ---------------

Threads class SMR info:
_java_thread_list=0x000001de1795ab00, length=14, elements={
0x000001ddbc68b760, 0x000001ddd16ef2b0, 0x000001ddd16f21d0, 0x000001ddd16f77e0,
0x000001ddd16fa810, 0x000001ddd16f8460, 0x000001ddd16f8ad0, 0x000001ddd16f9530,
0x000001ddd1993a30, 0x000001ddd19960b0, 0x000001ddd19a58a0, 0x000001de175738c0,
0x000001de1756a780, 0x000001de179a36f0
}

Java Threads: ( => current thread )
  0x000001ddbc68b760 JavaThread "main"                              [_thread_in_vm, id=19736, stack(0x0000003d96a00000,0x0000003d96b00000) (1024K)]
  0x000001ddd16ef2b0 JavaThread "Reference Handler"          daemon [_thread_blocked, id=8332, stack(0x0000003d97200000,0x0000003d97300000) (1024K)]
  0x000001ddd16f21d0 JavaThread "Finalizer"                  daemon [_thread_blocked, id=17068, stack(0x0000003d97300000,0x0000003d97400000) (1024K)]
  0x000001ddd16f77e0 JavaThread "Signal Dispatcher"          daemon [_thread_blocked, id=13448, stack(0x0000003d97400000,0x0000003d97500000) (1024K)]
  0x000001ddd16fa810 JavaThread "Attach Listener"            daemon [_thread_blocked, id=23152, stack(0x0000003d97500000,0x0000003d97600000) (1024K)]
  0x000001ddd16f8460 JavaThread "Service Thread"             daemon [_thread_blocked, id=2424, stack(0x0000003d97600000,0x0000003d97700000) (1024K)]
  0x000001ddd16f8ad0 JavaThread "Monitor Deflation Thread"   daemon [_thread_blocked, id=24456, stack(0x0000003d97700000,0x0000003d97800000) (1024K)]
  0x000001ddd16f9530 JavaThread "C1 CompilerThread0"         daemon [_thread_blocked, id=20136, stack(0x0000003d97800000,0x0000003d97900000) (1024K)]
  0x000001ddd1993a30 JavaThread "Notification Thread"        daemon [_thread_blocked, id=12192, stack(0x0000003d97900000,0x0000003d97a00000) (1024K)]
  0x000001ddd19960b0 JavaThread "Common-Cleaner"             daemon [_thread_blocked, id=23980, stack(0x0000003d97a00000,0x0000003d97b00000) (1024K)]
  0x000001ddd19a58a0 JavaThread "C1 CompilerThread1"         daemon [_thread_blocked, id=9312, stack(0x0000003d97b00000,0x0000003d97c00000) (1024K)]
  0x000001de175738c0 JavaThread "C1 CompilerThread2"         daemon [_thread_blocked, id=25184, stack(0x0000003d97c00000,0x0000003d97d00000) (1024K)]
  0x000001de1756a780 JavaThread "C1 CompilerThread3"         daemon [_thread_blocked, id=26188, stack(0x0000003d97d00000,0x0000003d97e00000) (1024K)]
=>0x000001de179a36f0 JavaThread "background-preinit"                [_thread_in_vm, id=27048, stack(0x0000003d98300000,0x0000003d98400000) (1024K)]
Total: 14

Other Threads:
  0x000001ddd16d0de0 VMThread "VM Thread"                           [id=20024, stack(0x0000003d97100000,0x0000003d97200000) (1024K)]
  0x000001ddd16b92b0 WatcherThread "VM Periodic Task Thread"        [id=13868, stack(0x0000003d97000000,0x0000003d97100000) (1024K)]
  0x000001ddbe903170 WorkerThread "GC Thread#0"                     [id=19548, stack(0x0000003d96b00000,0x0000003d96c00000) (1024K)]
  0x000001de17598370 WorkerThread "GC Thread#1"                     [id=26664, stack(0x0000003d97e00000,0x0000003d97f00000) (1024K)]
  0x000001de17598710 WorkerThread "GC Thread#2"                     [id=26756, stack(0x0000003d97f00000,0x0000003d98000000) (1024K)]
  0x000001de17598ab0 WorkerThread "GC Thread#3"                     [id=24128, stack(0x0000003d98000000,0x0000003d98100000) (1024K)]
  0x000001de175c47f0 WorkerThread "GC Thread#4"                     [id=21668, stack(0x0000003d98100000,0x0000003d98200000) (1024K)]
  0x000001de175c4b90 WorkerThread "GC Thread#5"                     [id=25540, stack(0x0000003d98200000,0x0000003d98300000) (1024K)]
  0x000001de17a97680 WorkerThread "GC Thread#6"                     [id=19048, stack(0x0000003d98400000,0x0000003d98500000) (1024K)]
  0x000001de17c0a670 WorkerThread "GC Thread#7"                     [id=27000, stack(0x0000003d98500000,0x0000003d98600000) (1024K)]
  0x000001ddbe9144b0 ConcurrentGCThread "G1 Main Marker"            [id=15344, stack(0x0000003d96c00000,0x0000003d96d00000) (1024K)]
  0x000001ddbe914fb0 WorkerThread "G1 Conc#0"                       [id=16468, stack(0x0000003d96d00000,0x0000003d96e00000) (1024K)]
  0x000001ddd1588d70 ConcurrentGCThread "G1 Refine#0"               [id=11628, stack(0x0000003d96e00000,0x0000003d96f00000) (1024K)]
  0x000001ddd15898e0 ConcurrentGCThread "G1 Service"                [id=9764, stack(0x0000003d96f00000,0x0000003d97000000) (1024K)]
Total: 14

Threads with active compile tasks:
Total: 0

VM state: not at safepoint (normal execution)

VM Mutex/Monitor currently owned by a thread:  ([mutex/lock_event])
[0x00007ff9f3a78578] Metaspace_lock - owner thread: 0x000001de179a36f0

Heap address: 0x0000000704a00000, size: 4022 MB, Compressed Oops mode: Zero based, Oop shift amount: 3

CDS archive(s) mapped at: [0x000001ddd2000000-0x000001ddd2c90000-0x000001ddd2c90000), size 13172736, SharedBaseAddress: 0x000001ddd2000000, ArchiveRelocationMode: 1.
Compressed class space mapped at: 0x000001ddd3000000-0x000001de13000000, reserved size: 1073741824
Narrow klass base: 0x000001ddd2000000, Narrow klass shift: 0, Narrow klass range: 0x100000000

GC Precious Log:
 CardTable entry size: 512
 Card Set container configuration: InlinePtr #cards 4 size 8 Array Of Cards #cards 16 size 48 Howl #buckets 8 coarsen threshold 3686 Howl Bitmap #cards 512 size 80 coarsen threshold 460 Card regions per heap region 1 cards per card region 4096
 CPUs: 8 total, 8 available
 Memory: 16080M
 Large Page Support: Disabled
 NUMA Support: Disabled
 Compressed Oops: Enabled (Zero based)
 Heap Region Size: 2M
 Heap Min Capacity: 8M
 Heap Initial Capacity: 252M
 Heap Max Capacity: 4022M
 Pre-touch: Disabled
 Parallel Workers: 8
 Concurrent Workers: 2
 Concurrent Refinement Workers: 8
 Periodic GC: Disabled

Heap:
 garbage-first heap   total 258048K, used 42355K [0x0000000704a00000, 0x0000000800000000)
  region size 2048K, 16 young (32768K), 2 survivors (4096K)
 Metaspace       used 18395K, committed 18624K, reserved 1114112K
  class space    used 2510K, committed 2624K, reserved 1048576K

Heap Regions: E=young(eden), S=young(survivor), O=old, HS=humongous(starts), HC=humongous(continues), CS=collection set, F=free, TAMS=top-at-mark-start, PB=parsable bottom
|   0|0x0000000704a00000, 0x0000000704c00000, 0x0000000704c00000|100%| O|  |TAMS 0x0000000704a00000| PB 0x0000000704a00000| Untracked 
|   1|0x0000000704c00000, 0x0000000704e00000, 0x0000000704e00000|100%| O|  |TAMS 0x0000000704c00000| PB 0x0000000704c00000| Untracked 
|   2|0x0000000704e00000, 0x0000000705000000, 0x0000000705000000|100%| O|  |TAMS 0x0000000704e00000| PB 0x0000000704e00000| Untracked 
|   3|0x0000000705000000, 0x0000000705200000, 0x0000000705200000|100%| O|  |TAMS 0x0000000705000000| PB 0x0000000705000000| Untracked 
|   4|0x0000000705200000, 0x0000000705400000, 0x0000000705400000|100%| O|  |TAMS 0x0000000705200000| PB 0x0000000705200000| Untracked 
|   5|0x0000000705400000, 0x0000000705600000, 0x0000000705600000|100%| O|  |TAMS 0x0000000705400000| PB 0x0000000705400000| Untracked 
|   6|0x0000000705600000, 0x0000000705800000, 0x0000000705800000|100%| O|  |TAMS 0x0000000705600000| PB 0x0000000705600000| Untracked 
|   7|0x0000000705800000, 0x00000007058c32d0, 0x0000000705a00000| 38%| O|  |TAMS 0x0000000705800000| PB 0x0000000705800000| Untracked 
|   8|0x0000000705a00000, 0x0000000705a00000, 0x0000000705c00000|  0%| F|  |TAMS 0x0000000705a00000| PB 0x0000000705a00000| Untracked 
|   9|0x0000000705c00000, 0x0000000705c00000, 0x0000000705e00000|  0%| F|  |TAMS 0x0000000705c00000| PB 0x0000000705c00000| Untracked 
|  10|0x0000000705e00000, 0x0000000705e00000, 0x0000000706000000|  0%| F|  |TAMS 0x0000000705e00000| PB 0x0000000705e00000| Untracked 
|  11|0x0000000706000000, 0x0000000706000000, 0x0000000706200000|  0%| F|  |TAMS 0x0000000706000000| PB 0x0000000706000000| Untracked 
|  12|0x0000000706200000, 0x0000000706200000, 0x0000000706400000|  0%| F|  |TAMS 0x0000000706200000| PB 0x0000000706200000| Untracked 
|  13|0x0000000706400000, 0x0000000706400000, 0x0000000706600000|  0%| F|  |TAMS 0x0000000706400000| PB 0x0000000706400000| Untracked 
|  14|0x0000000706600000, 0x0000000706600000, 0x0000000706800000|  0%| F|  |TAMS 0x0000000706600000| PB 0x0000000706600000| Untracked 
|  15|0x0000000706800000, 0x0000000706800000, 0x0000000706a00000|  0%| F|  |TAMS 0x0000000706800000| PB 0x0000000706800000| Untracked 
|  16|0x0000000706a00000, 0x0000000706a00000, 0x0000000706c00000|  0%| F|  |TAMS 0x0000000706a00000| PB 0x0000000706a00000| Untracked 
|  17|0x0000000706c00000, 0x0000000706c00000, 0x0000000706e00000|  0%| F|  |TAMS 0x0000000706c00000| PB 0x0000000706c00000| Untracked 
|  18|0x0000000706e00000, 0x0000000706e00000, 0x0000000707000000|  0%| F|  |TAMS 0x0000000706e00000| PB 0x0000000706e00000| Untracked 
|  19|0x0000000707000000, 0x0000000707000000, 0x0000000707200000|  0%| F|  |TAMS 0x0000000707000000| PB 0x0000000707000000| Untracked 
|  20|0x0000000707200000, 0x0000000707200000, 0x0000000707400000|  0%| F|  |TAMS 0x0000000707200000| PB 0x0000000707200000| Untracked 
|  21|0x0000000707400000, 0x0000000707400000, 0x0000000707600000|  0%| F|  |TAMS 0x0000000707400000| PB 0x0000000707400000| Untracked 
|  22|0x0000000707600000, 0x0000000707600000, 0x0000000707800000|  0%| F|  |TAMS 0x0000000707600000| PB 0x0000000707600000| Untracked 
|  23|0x0000000707800000, 0x0000000707800000, 0x0000000707a00000|  0%| F|  |TAMS 0x0000000707800000| PB 0x0000000707800000| Untracked 
|  24|0x0000000707a00000, 0x0000000707a00000, 0x0000000707c00000|  0%| F|  |TAMS 0x0000000707a00000| PB 0x0000000707a00000| Untracked 
|  25|0x0000000707c00000, 0x0000000707c00000, 0x0000000707e00000|  0%| F|  |TAMS 0x0000000707c00000| PB 0x0000000707c00000| Untracked 
|  26|0x0000000707e00000, 0x0000000707e00000, 0x0000000708000000|  0%| F|  |TAMS 0x0000000707e00000| PB 0x0000000707e00000| Untracked 
|  27|0x0000000708000000, 0x0000000708000000, 0x0000000708200000|  0%| F|  |TAMS 0x0000000708000000| PB 0x0000000708000000| Untracked 
|  28|0x0000000708200000, 0x0000000708200000, 0x0000000708400000|  0%| F|  |TAMS 0x0000000708200000| PB 0x0000000708200000| Untracked 
|  29|0x0000000708400000, 0x0000000708400000, 0x0000000708600000|  0%| F|  |TAMS 0x0000000708400000| PB 0x0000000708400000| Untracked 
|  30|0x0000000708600000, 0x0000000708600000, 0x0000000708800000|  0%| F|  |TAMS 0x0000000708600000| PB 0x0000000708600000| Untracked 
|  31|0x0000000708800000, 0x0000000708800000, 0x0000000708a00000|  0%| F|  |TAMS 0x0000000708800000| PB 0x0000000708800000| Untracked 
|  32|0x0000000708a00000, 0x0000000708a00000, 0x0000000708c00000|  0%| F|  |TAMS 0x0000000708a00000| PB 0x0000000708a00000| Untracked 
|  33|0x0000000708c00000, 0x0000000708c00000, 0x0000000708e00000|  0%| F|  |TAMS 0x0000000708c00000| PB 0x0000000708c00000| Untracked 
|  34|0x0000000708e00000, 0x0000000708e00000, 0x0000000709000000|  0%| F|  |TAMS 0x0000000708e00000| PB 0x0000000708e00000| Untracked 
|  35|0x0000000709000000, 0x0000000709000000, 0x0000000709200000|  0%| F|  |TAMS 0x0000000709000000| PB 0x0000000709000000| Untracked 
|  36|0x0000000709200000, 0x0000000709200000, 0x0000000709400000|  0%| F|  |TAMS 0x0000000709200000| PB 0x0000000709200000| Untracked 
|  37|0x0000000709400000, 0x0000000709400000, 0x0000000709600000|  0%| F|  |TAMS 0x0000000709400000| PB 0x0000000709400000| Untracked 
|  38|0x0000000709600000, 0x0000000709600000, 0x0000000709800000|  0%| F|  |TAMS 0x0000000709600000| PB 0x0000000709600000| Untracked 
|  39|0x0000000709800000, 0x0000000709800000, 0x0000000709a00000|  0%| F|  |TAMS 0x0000000709800000| PB 0x0000000709800000| Untracked 
|  40|0x0000000709a00000, 0x0000000709a00000, 0x0000000709c00000|  0%| F|  |TAMS 0x0000000709a00000| PB 0x0000000709a00000| Untracked 
|  41|0x0000000709c00000, 0x0000000709c00000, 0x0000000709e00000|  0%| F|  |TAMS 0x0000000709c00000| PB 0x0000000709c00000| Untracked 
|  42|0x0000000709e00000, 0x0000000709e00000, 0x000000070a000000|  0%| F|  |TAMS 0x0000000709e00000| PB 0x0000000709e00000| Untracked 
|  43|0x000000070a000000, 0x000000070a000000, 0x000000070a200000|  0%| F|  |TAMS 0x000000070a000000| PB 0x000000070a000000| Untracked 
|  44|0x000000070a200000, 0x000000070a200000, 0x000000070a400000|  0%| F|  |TAMS 0x000000070a200000| PB 0x000000070a200000| Untracked 
|  45|0x000000070a400000, 0x000000070a400000, 0x000000070a600000|  0%| F|  |TAMS 0x000000070a400000| PB 0x000000070a400000| Untracked 
|  46|0x000000070a600000, 0x000000070a600000, 0x000000070a800000|  0%| F|  |TAMS 0x000000070a600000| PB 0x000000070a600000| Untracked 
|  47|0x000000070a800000, 0x000000070a800000, 0x000000070aa00000|  0%| F|  |TAMS 0x000000070a800000| PB 0x000000070a800000| Untracked 
|  48|0x000000070aa00000, 0x000000070aa00000, 0x000000070ac00000|  0%| F|  |TAMS 0x000000070aa00000| PB 0x000000070aa00000| Untracked 
|  49|0x000000070ac00000, 0x000000070ac00000, 0x000000070ae00000|  0%| F|  |TAMS 0x000000070ac00000| PB 0x000000070ac00000| Untracked 
|  50|0x000000070ae00000, 0x000000070ae00000, 0x000000070b000000|  0%| F|  |TAMS 0x000000070ae00000| PB 0x000000070ae00000| Untracked 
|  51|0x000000070b000000, 0x000000070b000000, 0x000000070b200000|  0%| F|  |TAMS 0x000000070b000000| PB 0x000000070b000000| Untracked 
|  52|0x000000070b200000, 0x000000070b200000, 0x000000070b400000|  0%| F|  |TAMS 0x000000070b200000| PB 0x000000070b200000| Untracked 
|  53|0x000000070b400000, 0x000000070b400000, 0x000000070b600000|  0%| F|  |TAMS 0x000000070b400000| PB 0x000000070b400000| Untracked 
|  54|0x000000070b600000, 0x000000070b600000, 0x000000070b800000|  0%| F|  |TAMS 0x000000070b600000| PB 0x000000070b600000| Untracked 
|  55|0x000000070b800000, 0x000000070b800000, 0x000000070ba00000|  0%| F|  |TAMS 0x000000070b800000| PB 0x000000070b800000| Untracked 
|  56|0x000000070ba00000, 0x000000070ba00000, 0x000000070bc00000|  0%| F|  |TAMS 0x000000070ba00000| PB 0x000000070ba00000| Untracked 
|  57|0x000000070bc00000, 0x000000070bc00000, 0x000000070be00000|  0%| F|  |TAMS 0x000000070bc00000| PB 0x000000070bc00000| Untracked 
|  58|0x000000070be00000, 0x000000070be00000, 0x000000070c000000|  0%| F|  |TAMS 0x000000070be00000| PB 0x000000070be00000| Untracked 
|  59|0x000000070c000000, 0x000000070c000000, 0x000000070c200000|  0%| F|  |TAMS 0x000000070c000000| PB 0x000000070c000000| Untracked 
|  60|0x000000070c200000, 0x000000070c200000, 0x000000070c400000|  0%| F|  |TAMS 0x000000070c200000| PB 0x000000070c200000| Untracked 
|  61|0x000000070c400000, 0x000000070c400000, 0x000000070c600000|  0%| F|  |TAMS 0x000000070c400000| PB 0x000000070c400000| Untracked 
|  62|0x000000070c600000, 0x000000070c600000, 0x000000070c800000|  0%| F|  |TAMS 0x000000070c600000| PB 0x000000070c600000| Untracked 
|  63|0x000000070c800000, 0x000000070c800000, 0x000000070ca00000|  0%| F|  |TAMS 0x000000070c800000| PB 0x000000070c800000| Untracked 
|  64|0x000000070ca00000, 0x000000070ca00000, 0x000000070cc00000|  0%| F|  |TAMS 0x000000070ca00000| PB 0x000000070ca00000| Untracked 
|  65|0x000000070cc00000, 0x000000070cc00000, 0x000000070ce00000|  0%| F|  |TAMS 0x000000070cc00000| PB 0x000000070cc00000| Untracked 
|  66|0x000000070ce00000, 0x000000070ce00000, 0x000000070d000000|  0%| F|  |TAMS 0x000000070ce00000| PB 0x000000070ce00000| Untracked 
|  67|0x000000070d000000, 0x000000070d000000, 0x000000070d200000|  0%| F|  |TAMS 0x000000070d000000| PB 0x000000070d000000| Untracked 
|  68|0x000000070d200000, 0x000000070d200000, 0x000000070d400000|  0%| F|  |TAMS 0x000000070d200000| PB 0x000000070d200000| Untracked 
|  69|0x000000070d400000, 0x000000070d400000, 0x000000070d600000|  0%| F|  |TAMS 0x000000070d400000| PB 0x000000070d400000| Untracked 
|  70|0x000000070d600000, 0x000000070d600000, 0x000000070d800000|  0%| F|  |TAMS 0x000000070d600000| PB 0x000000070d600000| Untracked 
|  71|0x000000070d800000, 0x000000070d800000, 0x000000070da00000|  0%| F|  |TAMS 0x000000070d800000| PB 0x000000070d800000| Untracked 
|  72|0x000000070da00000, 0x000000070da00000, 0x000000070dc00000|  0%| F|  |TAMS 0x000000070da00000| PB 0x000000070da00000| Untracked 
|  73|0x000000070dc00000, 0x000000070dc00000, 0x000000070de00000|  0%| F|  |TAMS 0x000000070dc00000| PB 0x000000070dc00000| Untracked 
|  74|0x000000070de00000, 0x000000070de00000, 0x000000070e000000|  0%| F|  |TAMS 0x000000070de00000| PB 0x000000070de00000| Untracked 
|  75|0x000000070e000000, 0x000000070e000000, 0x000000070e200000|  0%| F|  |TAMS 0x000000070e000000| PB 0x000000070e000000| Untracked 
|  76|0x000000070e200000, 0x000000070e200000, 0x000000070e400000|  0%| F|  |TAMS 0x000000070e200000| PB 0x000000070e200000| Untracked 
|  77|0x000000070e400000, 0x000000070e400000, 0x000000070e600000|  0%| F|  |TAMS 0x000000070e400000| PB 0x000000070e400000| Untracked 
|  78|0x000000070e600000, 0x000000070e600000, 0x000000070e800000|  0%| F|  |TAMS 0x000000070e600000| PB 0x000000070e600000| Untracked 
|  79|0x000000070e800000, 0x000000070e800000, 0x000000070ea00000|  0%| F|  |TAMS 0x000000070e800000| PB 0x000000070e800000| Untracked 
|  80|0x000000070ea00000, 0x000000070ea00000, 0x000000070ec00000|  0%| F|  |TAMS 0x000000070ea00000| PB 0x000000070ea00000| Untracked 
|  81|0x000000070ec00000, 0x000000070ec00000, 0x000000070ee00000|  0%| F|  |TAMS 0x000000070ec00000| PB 0x000000070ec00000| Untracked 
|  82|0x000000070ee00000, 0x000000070ee00000, 0x000000070f000000|  0%| F|  |TAMS 0x000000070ee00000| PB 0x000000070ee00000| Untracked 
|  83|0x000000070f000000, 0x000000070f000000, 0x000000070f200000|  0%| F|  |TAMS 0x000000070f000000| PB 0x000000070f000000| Untracked 
|  84|0x000000070f200000, 0x000000070f200000, 0x000000070f400000|  0%| F|  |TAMS 0x000000070f200000| PB 0x000000070f200000| Untracked 
|  85|0x000000070f400000, 0x000000070f400000, 0x000000070f600000|  0%| F|  |TAMS 0x000000070f400000| PB 0x000000070f400000| Untracked 
|  86|0x000000070f600000, 0x000000070f600000, 0x000000070f800000|  0%| F|  |TAMS 0x000000070f600000| PB 0x000000070f600000| Untracked 
|  87|0x000000070f800000, 0x000000070f800000, 0x000000070fa00000|  0%| F|  |TAMS 0x000000070f800000| PB 0x000000070f800000| Untracked 
|  88|0x000000070fa00000, 0x000000070fa00000, 0x000000070fc00000|  0%| F|  |TAMS 0x000000070fa00000| PB 0x000000070fa00000| Untracked 
|  89|0x000000070fc00000, 0x000000070fc00000, 0x000000070fe00000|  0%| F|  |TAMS 0x000000070fc00000| PB 0x000000070fc00000| Untracked 
|  90|0x000000070fe00000, 0x000000070fe00000, 0x0000000710000000|  0%| F|  |TAMS 0x000000070fe00000| PB 0x000000070fe00000| Untracked 
|  91|0x0000000710000000, 0x0000000710000000, 0x0000000710200000|  0%| F|  |TAMS 0x0000000710000000| PB 0x0000000710000000| Untracked 
|  92|0x0000000710200000, 0x0000000710200000, 0x0000000710400000|  0%| F|  |TAMS 0x0000000710200000| PB 0x0000000710200000| Untracked 
|  93|0x0000000710400000, 0x0000000710400000, 0x0000000710600000|  0%| F|  |TAMS 0x0000000710400000| PB 0x0000000710400000| Untracked 
|  94|0x0000000710600000, 0x0000000710600000, 0x0000000710800000|  0%| F|  |TAMS 0x0000000710600000| PB 0x0000000710600000| Untracked 
|  95|0x0000000710800000, 0x0000000710800000, 0x0000000710a00000|  0%| F|  |TAMS 0x0000000710800000| PB 0x0000000710800000| Untracked 
|  96|0x0000000710a00000, 0x0000000710a00000, 0x0000000710c00000|  0%| F|  |TAMS 0x0000000710a00000| PB 0x0000000710a00000| Untracked 
|  97|0x0000000710c00000, 0x0000000710c00000, 0x0000000710e00000|  0%| F|  |TAMS 0x0000000710c00000| PB 0x0000000710c00000| Untracked 
|  98|0x0000000710e00000, 0x0000000710e00000, 0x0000000711000000|  0%| F|  |TAMS 0x0000000710e00000| PB 0x0000000710e00000| Untracked 
|  99|0x0000000711000000, 0x0000000711000000, 0x0000000711200000|  0%| F|  |TAMS 0x0000000711000000| PB 0x0000000711000000| Untracked 
| 100|0x0000000711200000, 0x0000000711200000, 0x0000000711400000|  0%| F|  |TAMS 0x0000000711200000| PB 0x0000000711200000| Untracked 
| 101|0x0000000711400000, 0x0000000711400000, 0x0000000711600000|  0%| F|  |TAMS 0x0000000711400000| PB 0x0000000711400000| Untracked 
| 102|0x0000000711600000, 0x0000000711600000, 0x0000000711800000|  0%| F|  |TAMS 0x0000000711600000| PB 0x0000000711600000| Untracked 
| 103|0x0000000711800000, 0x0000000711800000, 0x0000000711a00000|  0%| F|  |TAMS 0x0000000711800000| PB 0x0000000711800000| Untracked 
| 104|0x0000000711a00000, 0x0000000711a00000, 0x0000000711c00000|  0%| F|  |TAMS 0x0000000711a00000| PB 0x0000000711a00000| Untracked 
| 105|0x0000000711c00000, 0x0000000711c00000, 0x0000000711e00000|  0%| F|  |TAMS 0x0000000711c00000| PB 0x0000000711c00000| Untracked 
| 106|0x0000000711e00000, 0x0000000711e00000, 0x0000000712000000|  0%| F|  |TAMS 0x0000000711e00000| PB 0x0000000711e00000| Untracked 
| 107|0x0000000712000000, 0x0000000712099bc0, 0x0000000712200000| 30%| S|CS|TAMS 0x0000000712000000| PB 0x0000000712000000| Complete 
| 108|0x0000000712200000, 0x0000000712400000, 0x0000000712400000|100%| S|CS|TAMS 0x0000000712200000| PB 0x0000000712200000| Complete 
| 109|0x0000000712400000, 0x0000000712400000, 0x0000000712600000|  0%| F|  |TAMS 0x0000000712400000| PB 0x0000000712400000| Untracked 
| 110|0x0000000712600000, 0x0000000712600000, 0x0000000712800000|  0%| F|  |TAMS 0x0000000712600000| PB 0x0000000712600000| Untracked 
| 111|0x0000000712800000, 0x0000000712800000, 0x0000000712a00000|  0%| F|  |TAMS 0x0000000712800000| PB 0x0000000712800000| Untracked 
| 112|0x0000000712a00000, 0x0000000712be9e38, 0x0000000712c00000| 95%| E|  |TAMS 0x0000000712a00000| PB 0x0000000712a00000| Complete 
| 113|0x0000000712c00000, 0x0000000712e00000, 0x0000000712e00000|100%| E|CS|TAMS 0x0000000712c00000| PB 0x0000000712c00000| Complete 
| 114|0x0000000712e00000, 0x0000000713000000, 0x0000000713000000|100%| E|CS|TAMS 0x0000000712e00000| PB 0x0000000712e00000| Complete 
| 115|0x0000000713000000, 0x0000000713200000, 0x0000000713200000|100%| E|CS|TAMS 0x0000000713000000| PB 0x0000000713000000| Complete 
| 116|0x0000000713200000, 0x0000000713400000, 0x0000000713400000|100%| E|CS|TAMS 0x0000000713200000| PB 0x0000000713200000| Complete 
| 117|0x0000000713400000, 0x0000000713600000, 0x0000000713600000|100%| E|CS|TAMS 0x0000000713400000| PB 0x0000000713400000| Complete 
| 118|0x0000000713600000, 0x0000000713800000, 0x0000000713800000|100%| E|CS|TAMS 0x0000000713600000| PB 0x0000000713600000| Complete 
| 119|0x0000000713800000, 0x0000000713a00000, 0x0000000713a00000|100%| E|CS|TAMS 0x0000000713800000| PB 0x0000000713800000| Complete 
| 120|0x0000000713a00000, 0x0000000713c00000, 0x0000000713c00000|100%| E|CS|TAMS 0x0000000713a00000| PB 0x0000000713a00000| Complete 
| 121|0x0000000713c00000, 0x0000000713e00000, 0x0000000713e00000|100%| E|CS|TAMS 0x0000000713c00000| PB 0x0000000713c00000| Complete 
| 122|0x0000000713e00000, 0x0000000714000000, 0x0000000714000000|100%| E|  |TAMS 0x0000000713e00000| PB 0x0000000713e00000| Complete 
| 123|0x0000000714000000, 0x0000000714200000, 0x0000000714200000|100%| E|CS|TAMS 0x0000000714000000| PB 0x0000000714000000| Complete 
| 124|0x0000000714200000, 0x0000000714400000, 0x0000000714400000|100%| E|CS|TAMS 0x0000000714200000| PB 0x0000000714200000| Complete 
| 125|0x0000000714400000, 0x0000000714600000, 0x0000000714600000|100%| E|CS|TAMS 0x0000000714400000| PB 0x0000000714400000| Complete 

Card table byte_map: [0x000001ddca5c0000,0x000001ddcada0000] _byte_map_base: 0x000001ddc6d9b000

Marking Bits: (CMBitMap*) 0x000001ddbe904080
 Bits: [0x000001ddcada0000, 0x000001ddcec78000)

Polling page: 0x000001ddbc7b0000

Metaspace:

Usage:
  Non-class:     15.51 MB used.
      Class:      2.45 MB used.
       Both:     17.96 MB used.

Virtual space:
  Non-class space:       64.00 MB reserved,      15.62 MB ( 24%) committed,  1 nodes.
      Class space:        1.00 GB reserved,       2.56 MB ( <1%) committed,  1 nodes.
             Both:        1.06 GB reserved,      18.19 MB (  2%) committed. 

Chunk freelists:
   Non-Class:  368.00 KB
       Class:  13.26 MB
        Both:  13.62 MB

MaxMetaspaceSize: unlimited
CompressedClassSpaceSize: 1.00 GB
Initial GC threshold: 21.00 MB
Current GC threshold: 21.00 MB
CDS: on
 - commit_granule_bytes: 65536.
 - commit_granule_words: 8192.
 - virtual_space_node_default_size: 8388608.
 - enlarge_chunks_in_place: 1.
 - use_allocation_guard: 0.


Internal statistics:

num_allocs_failed_limit: 0.
num_arena_births: 304.
num_arena_deaths: 0.
num_vsnodes_births: 2.
num_vsnodes_deaths: 0.
num_space_committed: 291.
num_space_uncommitted: 0.
num_chunks_returned_to_freelist: 0.
num_chunks_taken_from_freelist: 943.
num_chunk_merges: 0.
num_chunk_splits: 620.
num_chunks_enlarged: 430.
num_inconsistent_stats: 0.

CodeCache: size=49152Kb used=6730Kb max_used=6730Kb free=42421Kb
 bounds [0x000001ddc6cd0000, 0x000001ddc7370000, 0x000001ddc9cd0000]
 total_blobs=2850 nmethods=2334 adapters=437
 compilation: enabled
              stopped_count=0, restarted_count=0
 full_count=0

Compilation events (20 events):
Event: 10.879 Thread 0x000001de1756a780 2323       1       java.lang.reflect.Proxy::isProxyClass (22 bytes)
Event: 10.879 Thread 0x000001ddd19a58a0 2324       1       java.lang.reflect.Proxy$ProxyBuilder::isProxyClass (21 bytes)
Event: 10.879 Thread 0x000001ddd16f9530 nmethod 2320 0x000001ddc735c610 code [0x000001ddc735c800, 0x000001ddc735cb10]
Event: 10.880 Thread 0x000001de1756a780 nmethod 2323 0x000001ddc735cd90 code [0x000001ddc735cfa0, 0x000001ddc735d408]
Event: 10.880 Thread 0x000001ddd19a58a0 nmethod 2324 0x000001ddc735d710 code [0x000001ddc735d900, 0x000001ddc735dd00]
Event: 10.984 Thread 0x000001de175738c0 2325       1       java.util.HashSet::contains (9 bytes)
Event: 10.984 Thread 0x000001de175738c0 nmethod 2325 0x000001ddc735df90 code [0x000001ddc735e140, 0x000001ddc735e238]
Event: 10.995 Thread 0x000001ddd16f9530 2326   !   1       java.lang.invoke.LambdaForm::compileToBytecode (164 bytes)
Event: 10.995 Thread 0x000001de175738c0 2327       1       java.lang.invoke.LambdaForm::methodType (48 bytes)
Event: 10.996 Thread 0x000001de175738c0 nmethod 2327 0x000001ddc735e310 code [0x000001ddc735e4e0, 0x000001ddc735e858]
Event: 10.997 Thread 0x000001ddd16f9530 nmethod 2326 0x000001ddc735ea90 code [0x000001ddc735ed20, 0x000001ddc735f5f8]
Event: 11.002 Thread 0x000001ddd19a58a0 2328       1       java.lang.Class::protectionDomain (48 bytes)
Event: 11.002 Thread 0x000001ddd19a58a0 nmethod 2328 0x000001ddc7360290 code [0x000001ddc73604a0, 0x000001ddc73608b0]
Event: 11.008 Thread 0x000001de1756a780 2330       1       java.util.regex.Pattern$CharProperty::<init> (10 bytes)
Event: 11.008 Thread 0x000001de1756a780 nmethod 2330 0x000001ddc7360a10 code [0x000001ddc7360bc0, 0x000001ddc7360d48]
Event: 11.009 Thread 0x000001ddd16f9530 2331       1       java.util.regex.Pattern::newCharProperty (39 bytes)
Event: 11.009 Thread 0x000001de1756a780 2332       1       java.util.regex.Pattern$BmpCharProperty::<init> (6 bytes)
Event: 11.009 Thread 0x000001ddd19a58a0 2333       1       java.util.regex.Pattern::append (43 bytes)
Event: 11.009 Thread 0x000001ddd16f9530 nmethod 2331 0x000001ddc7360d90 code [0x000001ddc7360f60, 0x000001ddc73613d0]
Event: 11.009 Thread 0x000001de1756a780 nmethod 2332 0x000001ddc7361490 code [0x000001ddc7361640, 0x000001ddc73617c8]

GC Heap History (6 events):
Event: 3.531 GC heap before
{Heap before GC invocations=0 (full 0):
 garbage-first heap   total 258048K, used 20480K [0x0000000704a00000, 0x0000000800000000)
  region size 2048K, 11 young (22528K), 0 survivors (0K)
 Metaspace       used 2553K, committed 2752K, reserved 1114112K
  class space    used 304K, committed 448K, reserved 1048576K
}
Event: 3.636 GC heap after
{Heap after GC invocations=1 (full 0):
 garbage-first heap   total 258048K, used 10736K [0x0000000704a00000, 0x0000000800000000)
  region size 2048K, 2 young (4096K), 2 survivors (4096K)
 Metaspace       used 2553K, committed 2752K, reserved 1114112K
  class space    used 304K, committed 448K, reserved 1048576K
}
Event: 5.659 GC heap before
{Heap before GC invocations=1 (full 0):
 garbage-first heap   total 258048K, used 25072K [0x0000000704a00000, 0x0000000800000000)
  region size 2048K, 10 young (20480K), 2 survivors (4096K)
 Metaspace       used 4924K, committed 5120K, reserved 1114112K
  class space    used 578K, committed 640K, reserved 1048576K
}
Event: 5.666 GC heap after
{Heap after GC invocations=2 (full 0):
 garbage-first heap   total 258048K, used 15274K [0x0000000704a00000, 0x0000000800000000)
  region size 2048K, 2 young (4096K), 2 survivors (4096K)
 Metaspace       used 4924K, committed 5120K, reserved 1114112K
  class space    used 578K, committed 640K, reserved 1048576K
}
Event: 9.222 GC heap before
{Heap before GC invocations=2 (full 0):
 garbage-first heap   total 258048K, used 45994K [0x0000000704a00000, 0x0000000800000000)
  region size 2048K, 17 young (34816K), 2 survivors (4096K)
 Metaspace       used 12187K, committed 12480K, reserved 1114112K
  class space    used 1669K, committed 1792K, reserved 1048576K
}
Event: 9.230 GC heap after
{Heap after GC invocations=3 (full 0):
 garbage-first heap   total 258048K, used 17779K [0x0000000704a00000, 0x0000000800000000)
  region size 2048K, 2 young (4096K), 2 survivors (4096K)
 Metaspace       used 12187K, committed 12480K, reserved 1114112K
  class space    used 1669K, committed 1792K, reserved 1048576K
}

Dll operation events (5 events):
Event: 0.059 Loaded shared library D:\jdk21\bin\java.dll
Event: 1.078 Loaded shared library D:\jdk21\bin\net.dll
Event: 1.081 Loaded shared library D:\jdk21\bin\nio.dll
Event: 1.287 Loaded shared library D:\jdk21\bin\zip.dll
Event: 1.969 Loaded shared library D:\jdk21\bin\jimage.dll

Deoptimization events (2 events):
Event: 9.961 Thread 0x000001ddbc68b760 DEOPT PACKING pc=0x000001ddc72ff5e1 sp=0x0000003d96afd2b0
Event: 9.961 Thread 0x000001ddbc68b760 DEOPT UNPACKING pc=0x000001ddc6d288e2 sp=0x0000003d96afc790 mode 3

Classes loaded (20 events):
Event: 10.998 Loading class java/nio/file/DirectoryStream$Filter done
Event: 10.998 Loading class java/nio/file/Files$AcceptAllFilter done
Event: 10.998 Loading class sun/nio/fs/WindowsDirectoryStream
Event: 10.998 Loading class java/nio/file/DirectoryStream
Event: 10.999 Loading class java/nio/file/DirectoryStream done
Event: 10.999 Loading class sun/nio/fs/WindowsDirectoryStream done
Event: 10.999 Loading class java/nio/file/FileTreeWalker$DirectoryNode
Event: 10.999 Loading class java/nio/file/FileTreeWalker$DirectoryNode done
Event: 10.999 Loading class sun/nio/fs/WindowsDirectoryStream$WindowsDirectoryIterator
Event: 10.999 Loading class sun/nio/fs/WindowsDirectoryStream$WindowsDirectoryIterator done
Event: 11.000 Loading class java/nio/file/FileTreeWalker$Event
Event: 11.000 Loading class java/nio/file/FileTreeWalker$Event done
Event: 11.000 Loading class java/nio/file/FileTreeWalker$EventType
Event: 11.000 Loading class java/nio/file/FileTreeWalker$EventType done
Event: 11.003 Loading class sun/nio/fs/WindowsPath$WindowsPathWithAttributes
Event: 11.003 Loading class sun/nio/fs/BasicFileAttributesHolder
Event: 11.003 Loading class sun/nio/fs/BasicFileAttributesHolder done
Event: 11.003 Loading class sun/nio/fs/WindowsPath$WindowsPathWithAttributes done
Event: 11.008 Loading class java/util/regex/Pattern$LazyLoop
Event: 11.008 Loading class java/util/regex/Pattern$LazyLoop done

Classes unloaded (0 events):
No events

Classes redefined (0 events):
No events

Internal exceptions (20 events):
Event: 7.193 Thread 0x000001ddbc68b760 Exception <a 'java/lang/NoSuchMethodError'{0x0000000713b40830}: 'int java.lang.invoke.DirectMethodHandle$Holder.invokeVirtual(java.lang.Object, java.lang.Object)'> (0x0000000713b40830) 
thrown [s\open\src\hotspot\share\interpreter\linkResolver.cpp, line 773]
Event: 7.560 Thread 0x000001ddbc68b760 Exception <a 'java/lang/NoSuchMethodError'{0x00000007139d7800}: 'java.lang.Object java.lang.invoke.DirectMethodHandle$Holder.invokeSpecial(java.lang.Object, java.lang.Object, java.lang.Object, int, java.lang.Object)'> (0x00000007139d7800) 
thrown [s\open\src\hotspot\share\interpreter\linkResolver.cpp, line 773]
Event: 7.566 Thread 0x000001ddbc68b760 Exception <a 'java/lang/NoSuchMethodError'{0x00000007139df0f0}: 'java.lang.Object java.lang.invoke.DirectMethodHandle$Holder.newInvokeSpecial(java.lang.Object, java.lang.Object, java.lang.Object, int, java.lang.Object)'> (0x00000007139df0f0) 
thrown [s\open\src\hotspot\share\interpreter\linkResolver.cpp, line 773]
Event: 7.568 Thread 0x000001ddbc68b760 Exception <a 'java/lang/NoSuchMethodError'{0x00000007139e6640}: 'java.lang.Object java.lang.invoke.Invokers$Holder.linkToTargetMethod(java.lang.Object, java.lang.Object, int, java.lang.Object, java.lang.Object)'> (0x00000007139e6640) 
thrown [s\open\src\hotspot\share\interpreter\linkResolver.cpp, line 773]
Event: 7.572 Thread 0x000001ddbc68b760 Exception <a 'java/lang/NoSuchMethodError'{0x00000007139f3be0}: 'java.lang.Object java.lang.invoke.DirectMethodHandle$Holder.newInvokeSpecial(java.lang.Object, int, java.lang.Object)'> (0x00000007139f3be0) 
thrown [s\open\src\hotspot\share\interpreter\linkResolver.cpp, line 773]
Event: 7.572 Thread 0x000001ddbc68b760 Exception <a 'java/lang/NoSuchMethodError'{0x00000007139f8590}: 'int java.lang.invoke.DirectMethodHandle$Holder.invokeSpecialIFC(java.lang.Object, java.lang.Object, java.lang.Object, java.lang.Object)'> (0x00000007139f8590) 
thrown [s\open\src\hotspot\share\interpreter\linkResolver.cpp, line 773]
Event: 7.647 Thread 0x000001ddbc68b760 Exception <a 'java/lang/NoSuchMethodError'{0x00000007137086a8}: 'void java.lang.invoke.DirectMethodHandle$Holder.invokeInterface(java.lang.Object, java.lang.Object, java.lang.Object)'> (0x00000007137086a8) 
thrown [s\open\src\hotspot\share\interpreter\linkResolver.cpp, line 773]
Event: 7.716 Thread 0x000001ddbc68b760 Exception <a 'java/lang/NoSuchMethodError'{0x00000007137b0898}: 'java.lang.reflect.Field[] java.lang.Class.getDeclaredFields(java.lang.Class)'> (0x00000007137b0898) 
thrown [s\open\src\hotspot\share\interpreter\linkResolver.cpp, line 773]
Event: 7.721 Thread 0x000001ddbc68b760 Exception <a 'java/lang/NoSuchMethodError'{0x00000007137b5198}: 'java.lang.Object java.lang.invoke.DirectMethodHandle$Holder.invokeStatic(java.lang.Object, java.lang.Object, int)'> (0x00000007137b5198) 
thrown [s\open\src\hotspot\share\interpreter\linkResolver.cpp, line 773]
Event: 7.723 Thread 0x000001ddbc68b760 Exception <a 'java/lang/NoSuchMethodError'{0x00000007137c0318}: 'void java.lang.invoke.DelegatingMethodHandle$Holder.delegate(java.lang.Object, java.lang.Object, int, java.lang.Object)'> (0x00000007137c0318) 
thrown [s\open\src\hotspot\share\interpreter\linkResolver.cpp, line 773]
Event: 7.852 Thread 0x000001ddd193f3a0 Exception <a 'java/net/UnknownHostException'{0x00000007130b4378}> (0x00000007130b4378) 
thrown [s\open\src\hotspot\share\prims\jni.cpp, line 520]
Event: 7.877 Thread 0x000001ddbc68b760 Exception <a 'java/lang/NoSuchMethodError'{0x00000007131074b8}: 'void java.lang.invoke.DirectMethodHandle$Holder.invokeStaticInit(java.lang.Object, java.lang.Object, java.lang.Object)'> (0x00000007131074b8) 
thrown [s\open\src\hotspot\share\interpreter\linkResolver.cpp, line 773]
Event: 7.895 Thread 0x000001ddbc68b760 Exception <a 'java/lang/NoSuchMethodError'{0x000000071314f860}: 'java.lang.Object java.lang.invoke.DirectMethodHandle$Holder.invokeVirtual(java.lang.Object, java.lang.Object, java.lang.Object)'> (0x000000071314f860) 
thrown [s\open\src\hotspot\share\interpreter\linkResolver.cpp, line 773]
Event: 7.991 Thread 0x000001ddbc68b760 Exception <a 'java/lang/NoSuchMethodError'{0x00000007131e0290}: 'void java.lang.invoke.DirectMethodHandle$Holder.invokeVirtual(java.lang.Object, java.lang.Object, java.lang.Object, java.lang.Object)'> (0x00000007131e0290) 
thrown [s\open\src\hotspot\share\interpreter\linkResolver.cpp, line 773]
Event: 8.250 Thread 0x000001ddbc68b760 Exception <a 'java/lang/NoSuchMethodError'{0x0000000712f6e7b8}: 'void java.lang.invoke.DirectMethodHandle$Holder.invokeSpecial(java.lang.Object, java.lang.Object, java.lang.Object)'> (0x0000000712f6e7b8) 
thrown [s\open\src\hotspot\share\interpreter\linkResolver.cpp, line 773]
Event: 8.282 Thread 0x000001ddbc68b760 Exception <a 'java/lang/IncompatibleClassChangeError'{0x0000000712c16b88}: Found class java.lang.Object, but interface was expected> (0x0000000712c16b88) 
thrown [s\open\src\hotspot\share\interpreter\linkResolver.cpp, line 840]
Event: 8.836 Thread 0x000001ddbc68b760 Exception <a 'java/lang/NoSuchMethodError'{0x0000000712c2c0a8}: 'java.lang.Object java.lang.invoke.DirectMethodHandle$Holder.invokeStaticInit(java.lang.Object, int)'> (0x0000000712c2c0a8) 
thrown [s\open\src\hotspot\share\interpreter\linkResolver.cpp, line 773]
Event: 8.839 Thread 0x000001ddbc68b760 Exception <a 'java/lang/NoSuchMethodError'{0x0000000712c36128}: 'java.lang.Object java.lang.invoke.DirectMethodHandle$Holder.invokeStatic(java.lang.Object, int, java.lang.Object)'> (0x0000000712c36128) 
thrown [s\open\src\hotspot\share\interpreter\linkResolver.cpp, line 773]
Event: 8.839 Thread 0x000001ddbc68b760 Exception <a 'java/lang/NoSuchMethodError'{0x0000000712c39778}: 'java.lang.Object java.lang.invoke.DirectMethodHandle$Holder.invokeStaticInit(java.lang.Object, int, java.lang.Object)'> (0x0000000712c39778) 
thrown [s\open\src\hotspot\share\interpreter\linkResolver.cpp, line 773]
Event: 10.995 Thread 0x000001ddbc68b760 Exception <a 'java/lang/NoSuchMethodError'{0x0000000712aca2f8}: 'int java.lang.invoke.DirectMethodHandle$Holder.invokeSpecial(java.lang.Object, java.lang.Object, java.lang.Object, java.lang.Object, java.lang.Object)'> (0x0000000712aca2f8) 
thrown [s\open\src\hotspot\share\interpreter\linkResolver.cpp, line 773]

ZGC Phase Switch (0 events):
No events

VM Operations (20 events):
Event: 7.774 Executing VM operation: HandshakeAllThreads (Deoptimize)
Event: 7.774 Executing VM operation: HandshakeAllThreads (Deoptimize) done
Event: 8.183 Executing VM operation: HandshakeAllThreads (Deoptimize)
Event: 8.183 Executing VM operation: HandshakeAllThreads (Deoptimize) done
Event: 8.183 Executing VM operation: Cleanup
Event: 8.184 Executing VM operation: Cleanup done
Event: 8.242 Executing VM operation: HandshakeAllThreads (Deoptimize)
Event: 8.242 Executing VM operation: HandshakeAllThreads (Deoptimize) done
Event: 9.222 Executing VM operation: G1CollectForAllocation (G1 Evacuation Pause)
Event: 9.234 Executing VM operation: G1CollectForAllocation (G1 Evacuation Pause) done
Event: 10.214 Executing VM operation: HandshakeAllThreads (Deoptimize)
Event: 10.214 Executing VM operation: HandshakeAllThreads (Deoptimize) done
Event: 10.215 Executing VM operation: HandshakeAllThreads (Deoptimize)
Event: 10.215 Executing VM operation: HandshakeAllThreads (Deoptimize) done
Event: 10.589 Executing VM operation: HandshakeAllThreads (Deoptimize)
Event: 10.590 Executing VM operation: HandshakeAllThreads (Deoptimize) done
Event: 10.590 Executing VM operation: Cleanup
Event: 10.590 Executing VM operation: Cleanup done
Event: 10.836 Executing VM operation: HandshakeAllThreads (Deoptimize)
Event: 10.848 Executing VM operation: HandshakeAllThreads (Deoptimize) done

Events (16 events):
Event: 0.091 Thread 0x000001ddbc68b760 Thread added: 0x000001ddbc68b760
Event: 0.161 Thread 0x000001ddd16ef2b0 Thread added: 0x000001ddd16ef2b0
Event: 0.162 Thread 0x000001ddd16f21d0 Thread added: 0x000001ddd16f21d0
Event: 0.162 Thread 0x000001ddd16f77e0 Thread added: 0x000001ddd16f77e0
Event: 0.162 Thread 0x000001ddd16fa810 Thread added: 0x000001ddd16fa810
Event: 0.162 Thread 0x000001ddd16f8460 Thread added: 0x000001ddd16f8460
Event: 0.162 Thread 0x000001ddd16f8ad0 Thread added: 0x000001ddd16f8ad0
Event: 0.163 Thread 0x000001ddd16f9530 Thread added: 0x000001ddd16f9530
Event: 1.041 Thread 0x000001ddd1993a30 Thread added: 0x000001ddd1993a30
Event: 1.049 Thread 0x000001ddd19960b0 Thread added: 0x000001ddd19960b0
Event: 1.111 Thread 0x000001ddd19a58a0 Thread added: 0x000001ddd19a58a0
Event: 3.197 Thread 0x000001de175738c0 Thread added: 0x000001de175738c0
Event: 3.197 Thread 0x000001de1756a780 Thread added: 0x000001de1756a780
Event: 7.785 Thread 0x000001ddd193f3a0 Thread added: 0x000001ddd193f3a0
Event: 7.858 Thread 0x000001ddd193f3a0 Thread exited: 0x000001ddd193f3a0
Event: 8.270 Thread 0x000001de179a36f0 Thread added: 0x000001de179a36f0


Dynamic libraries:
0x00007ff7f4d70000 - 0x00007ff7f4d80000 	D:\jdk21\bin\java.exe
0x00007ffaa54d0000 - 0x00007ffaa56e7000 	C:\WINDOWS\SYSTEM32\ntdll.dll
0x00007ffaa47b0000 - 0x00007ffaa4874000 	C:\WINDOWS\System32\KERNEL32.DLL
0x00007ffaa2920000 - 0x00007ffaa2cf2000 	C:\WINDOWS\System32\KERNELBASE.dll
0x00007ffaa2f50000 - 0x00007ffaa3061000 	C:\WINDOWS\System32\ucrtbase.dll
0x00007ffa89980000 - 0x00007ffa89999000 	D:\jdk21\bin\jli.dll
0x00007ffaa43d0000 - 0x00007ffaa4481000 	C:\WINDOWS\System32\ADVAPI32.dll
0x00007ffaa4650000 - 0x00007ffaa46f7000 	C:\WINDOWS\System32\msvcrt.dll
0x00007ffaa4700000 - 0x00007ffaa47a8000 	C:\WINDOWS\System32\sechost.dll
0x00007ffaa28f0000 - 0x00007ffaa2918000 	C:\WINDOWS\System32\bcrypt.dll
0x00007ffaa3720000 - 0x00007ffaa3834000 	C:\WINDOWS\System32\RPCRT4.dll
0x00007ffaa3160000 - 0x00007ffaa3311000 	C:\WINDOWS\System32\USER32.dll
0x00007ffaa3070000 - 0x00007ffaa3096000 	C:\WINDOWS\System32\win32u.dll
0x00007ffaa39c0000 - 0x00007ffaa39e9000 	C:\WINDOWS\System32\GDI32.dll
0x00007ffaa2d00000 - 0x00007ffaa2e23000 	C:\WINDOWS\System32\gdi32full.dll
0x00007ffaa2e30000 - 0x00007ffaa2eca000 	C:\WINDOWS\System32\msvcp_win.dll
0x00007ffa7a2e0000 - 0x00007ffa7a2fb000 	D:\jdk21\bin\VCRUNTIME140.dll
0x00007ffa900a0000 - 0x00007ffa9033b000 	C:\WINDOWS\WinSxS\amd64_microsoft.windows.common-controls_6595b64144ccf1df_6.0.22621.5547_none_27104afb73855772\COMCTL32.dll
0x00007ffa99310000 - 0x00007ffa9931a000 	C:\WINDOWS\SYSTEM32\VERSION.dll
0x00007ffaa48d0000 - 0x00007ffaa4901000 	C:\WINDOWS\System32\IMM32.DLL
0x00007ffa93380000 - 0x00007ffa9338c000 	D:\jdk21\bin\vcruntime140_1.dll
0x00007ffa688e0000 - 0x00007ffa6896e000 	D:\jdk21\bin\msvcp140.dll
0x00007ff9f2e40000 - 0x00007ff9f3b55000 	D:\jdk21\bin\server\jvm.dll
0x00007ffaa3320000 - 0x00007ffaa3391000 	C:\WINDOWS\System32\WS2_32.dll
0x00007ffaa1d60000 - 0x00007ffaa1dad000 	C:\WINDOWS\SYSTEM32\POWRPROF.dll
0x00007ffa993c0000 - 0x00007ffa993f4000 	C:\WINDOWS\SYSTEM32\WINMM.dll
0x00007ffaa1d40000 - 0x00007ffaa1d53000 	C:\WINDOWS\SYSTEM32\UMPDC.dll
0x00007ffaa15c0000 - 0x00007ffaa15d8000 	C:\WINDOWS\SYSTEM32\kernel.appcore.dll
0x00007ffa8aed0000 - 0x00007ffa8aeda000 	D:\jdk21\bin\jimage.dll
0x00007ffa9ffa0000 - 0x00007ffaa01d3000 	C:\WINDOWS\SYSTEM32\DBGHELP.DLL
0x00007ffaa4030000 - 0x00007ffaa43c3000 	C:\WINDOWS\System32\combase.dll
0x00007ffaa4ae0000 - 0x00007ffaa4bb7000 	C:\WINDOWS\System32\OLEAUT32.dll
0x00007ffa72fe0000 - 0x00007ffa73012000 	C:\WINDOWS\SYSTEM32\dbgcore.DLL
0x00007ffaa25c0000 - 0x00007ffaa263b000 	C:\WINDOWS\System32\bcryptPrimitives.dll
0x00007ffa74040000 - 0x00007ffa7405f000 	D:\jdk21\bin\java.dll
0x00007ffaa4bc0000 - 0x00007ffaa5462000 	C:\WINDOWS\System32\SHELL32.dll
0x00007ffaa27b0000 - 0x00007ffaa28ef000 	C:\WINDOWS\System32\wintypes.dll
0x00007ffaa04a0000 - 0x00007ffaa0dbd000 	C:\WINDOWS\SYSTEM32\windows.storage.dll
0x00007ffaa38b0000 - 0x00007ffaa39bc000 	C:\WINDOWS\System32\SHCORE.dll
0x00007ffaa3840000 - 0x00007ffaa38a9000 	C:\WINDOWS\System32\shlwapi.dll
0x00007ffaa24f0000 - 0x00007ffaa251b000 	C:\WINDOWS\SYSTEM32\profapi.dll
0x00007ffa86f20000 - 0x00007ffa86f30000 	D:\jdk21\bin\net.dll
0x00007ffa9c600000 - 0x00007ffa9c72c000 	C:\WINDOWS\SYSTEM32\WINHTTP.dll
0x00007ffaa1ae0000 - 0x00007ffaa1b49000 	C:\WINDOWS\system32\mswsock.dll
0x00007ffa74020000 - 0x00007ffa74036000 	D:\jdk21\bin\nio.dll
0x00007ffa73be0000 - 0x00007ffa73bf8000 	D:\jdk21\bin\zip.dll
0x00007ffaa1020000 - 0x00007ffaa104d000 	C:\WINDOWS\SYSTEM32\IPHLPAPI.DLL
0x00007ffaa45b0000 - 0x00007ffaa45b9000 	C:\WINDOWS\System32\NSI.dll
0x00007ffaa1090000 - 0x00007ffaa1188000 	C:\WINDOWS\SYSTEM32\DNSAPI.dll
0x00007ffa987a0000 - 0x00007ffa987aa000 	C:\Windows\System32\rasadhlp.dll

dbghelp: loaded successfully - version: 4.0.5 - missing functions: none
symbol engine: initialized successfully - sym options: 0x614 - pdb path: .;D:\jdk21\bin;C:\WINDOWS\SYSTEM32;C:\WINDOWS\WinSxS\amd64_microsoft.windows.common-controls_6595b64144ccf1df_6.0.22621.5547_none_27104afb73855772;D:\jdk21\bin\server

VM Arguments:
jvm_args: -XX:TieredStopAtLevel=1 
java_command: com.example.microservice.ChatServiceApplication
java_class_path (initial): D:\studymatch\backend\chat_service\target\classes;C:\Users\ASUS\.m2\repository\org\springframework\boot\spring-boot\3.4.1\spring-boot-3.4.1.jar;C:\Users\ASUS\.m2\repository\org\springframework\spring-context\6.2.1\spring-context-6.2.1.jar;C:\Users\ASUS\.m2\repository\org\springframework\boot\spring-boot-autoconfigure\3.4.1\spring-boot-autoconfigure-3.4.1.jar;C:\Users\ASUS\.m2\repository\ch\qos\logback\logback-classic\1.5.12\logback-classic-1.5.12.jar;C:\Users\ASUS\.m2\repository\ch\qos\logback\logback-core\1.5.12\logback-core-1.5.12.jar;C:\Users\ASUS\.m2\repository\org\apache\logging\log4j\log4j-to-slf4j\2.24.3\log4j-to-slf4j-2.24.3.jar;C:\Users\ASUS\.m2\repository\org\apache\logging\log4j\log4j-api\2.24.3\log4j-api-2.24.3.jar;C:\Users\ASUS\.m2\repository\org\slf4j\jul-to-slf4j\2.0.16\jul-to-slf4j-2.0.16.jar;C:\Users\ASUS\.m2\repository\jakarta\annotation\jakarta.annotation-api\2.1.1\jakarta.annotation-api-2.1.1.jar;C:\Users\ASUS\.m2\repository\org\springframework\spring-core\6.2.1\spring-core-6.2.1.jar;C:\Users\ASUS\.m2\repository\org\springframework\spring-jcl\6.2.1\spring-jcl-6.2.1.jar;C:\Users\ASUS\.m2\repository\org\yaml\snakeyaml\2.3\snakeyaml-2.3.jar;C:\Users\ASUS\.m2\repository\io\jsonwebtoken\jjwt-api\0.11.5\jjwt-api-0.11.5.jar;C:\Users\ASUS\.m2\repository\io\jsonwebtoken\jjwt-impl\0.11.5\jjwt-impl-0.11.5.jar;C:\Users\ASUS\.m2\repository\io\jsonwebtoken\jjwt-jackson\0.11.5\jjwt-jackson-0.11.5.jar;C:\Users\ASUS\.m2\repository\com\fasterxml\jackson\core\jackson-databind\2.18.2\jackson-databind-2.18.2.jar;C:\Users\ASUS\.m2\repository\com\fasterxml\jackson\core\jackson-annotations\2.18.2\jackson-annotations-2.18.2.jar;C:\Users\ASUS\.m2\repository\com\fasterxml\jackson\core\jackson-core\2.18.2\jackson-core-2.18.2.jar;C:\Users\ASUS\.m2\repository\org\hibernate\orm\hibernate-core\6.6.4.Final\hibernate-core-6.6.4.Final.jar;C:\Users\ASUS\.m2\repository\jakarta\persistence\jakarta.persistence-api\3.1.0\jakarta.persistence-api-3.1.0.jar;C:\Users\ASUS\.m2\repository\jakarta\transaction\jakarta.transaction-api\2.0.1\jakarta.transaction-api-2.0.1.jar;C:\Users\ASUS\.m2\repository\org\jboss\logging\jboss-logging\3.6.1.Final\jboss-logging-3.6.1.Final.jar;C:\Users\ASUS\.m2\repository\org\hibernate\common\hibernate-commons-annotations\7.0.3.Final\hibernate-commons-annotations-7.0.3.Final.jar;C:\Users\ASUS\.m2\repository\io\smallrye\jandex\3.2.0\jandex-3.2.0.jar;C:\Users\ASUS\.m2\repository\com\fasterxml\classmate\1.7.0\classmate-1.7.0.jar;C:\Users\ASUS\.m2\repository\net\bytebuddy\byte-buddy\1.15.11\byte-buddy-1.15.11.jar;C:\Users\ASUS\.m2\repository\org\glassfish\jaxb\jaxb-runtime\4.0.5\jaxb-runtime-4.0.5.jar;C:\Users\ASUS\.m2\repository\org\glassfish\jaxb\jaxb-core\4.0.5\jaxb-core-4.0.5.jar;C:\Users\ASUS\.m2\repository\org\eclipse\angus\angus-activation\2.0.2\angus-activation-2.0.2.jar;C:\Users\ASUS\.m2\repository\org\glassfish\jaxb\txw2\4.0.5\txw2-4.0.5.jar;C:\Users\ASUS\.m2\repository\com\sun\istack\istack-commons-runtime\4.1.2\istack-commons-runtime-4.1.2.jar;C:\Users\ASUS\.m2\repository\jakarta\inject\jakarta.inject-api\2.0.1\jakarta.inject-api-2.0.1.jar;C:\Users\ASUS\.m2\repository\org\antlr\antlr4-runtime\4.13.0\antlr4-runtime-4.13.0.jar;C:\Users\ASUS\.m2\repository\org\springframework\data\spring-data-jpa\3.4.1\spring-data-jpa-3.4.1.jar;C:\Users\ASUS\.m2\repository\org\springframework\data\spring-data-commons\3.4.1\spring-data-commons-3.4.1.jar;C:\Users\ASUS\.m2\repository\org\springframework\spring-orm\6.2.1\spring-orm-6.2.1.jar;C:\Users\ASUS\.m2\repository\org\springframework\spring-tx\6.2.1\spring-tx-6.2.1.jar;C:\Users\ASUS\.m2\repository\org\springframework\spring-beans\6.2.1\spring-beans-6.2.1.jar;C:\Users\ASUS\.m2\repository\org\slf4j\slf4j-api\2.0.16\slf4j-api-2.0.16.jar;C:\Users\ASUS\.m2\repository\org\springframework\spring-aspects\6.2.1\spring-aspects-6.2.1.jar;C:\Users\ASUS\.m2\repository\org\aspectj\aspectjweaver\1.9.22.1\aspectjweaver-1.9.22.1.jar;C:\Users\ASUS\.m2\repository\com\zaxxer\HikariCP\5.1.0\HikariCP-5.1.0.jar;C:\Users\ASUS\.m2\repository\org\springframework\spring-jdbc\6.2.1\spring-jdbc-6.2.1.jar;C:\Users\ASUS\.m2\repository\com\fasterxml\jackson\datatype\jackson-datatype-jdk8\2.18.2\jackson-datatype-jdk8-2.18.2.jar;C:\Users\ASUS\.m2\repository\com\fasterxml\jackson\datatype\jackson-datatype-jsr310\2.18.2\jackson-datatype-jsr310-2.18.2.jar;C:\Users\ASUS\.m2\repository\com\fasterxml\jackson\module\jackson-module-parameter-names\2.18.2\jackson-module-parameter-names-2.18.2.jar;C:\Users\ASUS\.m2\repository\org\apache\tomcat\embed\tomcat-embed-core\10.1.34\tomcat-embed-core-10.1.34.jar;C:\Users\ASUS\.m2\repository\org\apache\tomcat\embed\tomcat-embed-websocket\10.1.34\tomcat-embed-websocket-10.1.34.jar;C:\Users\ASUS\.m2\repository\org\springframework\spring-web\6.2.1\spring-web-6.2.1.jar;C:\Users\ASUS\.m2\repository\io\micrometer\micrometer-observation\1.14.2\micrometer-observation-1.14.2.jar;C:\Users\ASUS\.m2\repository\io\micrometer\micrometer-commons\1.14.2\micrometer-commons-1.14.2.jar;C:\Users\ASUS\.m2\repository\org\springframework\spring-webmvc\6.2.1\spring-webmvc-6.2.1.jar;C:\Users\ASUS\.m2\repository\org\springframework\spring-expression\6.2.1\spring-expression-6.2.1.jar;C:\Users\ASUS\.m2\repository\com\mysql\mysql-connector-j\9.1.0\mysql-connector-j-9.1.0.jar;C:\Users\ASUS\.m2\repository\org\apache\tomcat\embed\tomcat-embed-el\10.1.34\tomcat-embed-el-10.1.34.jar;C:\Users\ASUS\.m2\repository\org\hibernate\validator\hibernate-validator\8.0.2.Final\hibernate-validator-8.0.2.Final.jar;C:\Users\ASUS\.m2\repository\jakarta\validation\jakarta.validation-api\3.0.2\jakarta.validation-api-3.0.2.jar;C:\Users\ASUS\.m2\repository\org\springframework\cloud\spring-cloud-starter-netflix-eureka-client\4.2.0\spring-cloud-starter-netflix-eureka-client-4.2.0.jar;C:\Users\ASUS\.m2\repository\org\springframework\cloud\spring-cloud-starter\4.2.0\spring-cloud-starter-4.2.0.jar;C:\Users\ASUS\.m2\repository\org\springframework\cloud\spring-cloud-context\4.2.0\spring-cloud-context-4.2.0.jar;C:\Users\ASUS\.m2\repository\org\bouncycastle\bcprov-jdk18on\1.78.1\bcprov-jdk18on-1.78.1.jar;C:\Users\ASUS\.m2\repository\org\springframework\cloud\spring-cloud-netflix-eureka-client\4.2.0\spring-cloud-netflix-eureka-client-4.2.0.jar;C:\Users\ASUS\.m2\repository\com\netflix\eureka\eureka-client\2.0.4\eureka-client-2.0.4.jar;C:\Users\ASUS\.m2\repository\com\thoughtworks\xstream\xstream\1.4.20\xstream-1.4.20.jar;C:\Users\ASUS\.m2\repository\io\github\x-stream\mxparser\1.2.2\mxparser-1.2.2.jar;C:\Users\ASUS\.m2\repository\xmlpull\xmlpull\1.1.3.1\xmlpull-1.1.3.1.jar;C:\Users\ASUS\.m2\repository\jakarta\ws\rs\jakarta.ws.rs-api\3.1.0\jakarta.ws.rs-api-3.1.0.jar;C:\Users\ASUS\.m2\repository\com\netflix\spectator\spectator-api\1.7.3\spectator-api-1.7.3.jar;C:\Users\ASUS\.m2\repository\org\apache\httpcomponents\httpclient\4.5.3\httpclient-4.5.3.jar;C:\Users\ASUS\.m2\repository\org\apache\httpcomponents\httpcore\4.4.16\httpcore-4.4.16.jar;C:\Users\ASUS\.m2\repository\commons-codec\commons-codec\1.17.1\commons-codec-1.17.1.jar;C:\Users\ASUS\.m2\repository\commons-configuration\commons-configuration\1.10\commons-configuration-1.10.jar;C:\Users\ASUS\.m2\repository\commons-lang\commons-lang\2.6\commons-lang-2.6.jar;C:\Users\ASUS\.m2\repository\com\netflix\netflix-commons\netflix-eventbus\0.3.0\netflix-eventbus-0.3.0.jar;C:\Users\ASUS\.m2\repository\com\netflix\netflix-commons\netflix-infix\0.3.0\netflix-infix-0.3.0.jar;C:\Users\ASUS\.m2\repository\commons-jxpath\commons-jxpath\1.3\commons-jxpath-1.3.jar;C:\Users\ASUS\.m2\repository\joda-time\joda-time\2.3\joda-time-2.3.jar;C:\Users\ASUS\.m2\repository\org\antlr\antlr-runtime\3.4\antlr-runtime-3.4.jar;C:\Users\ASUS\.m2\repository\org\antlr\stringtemplate\3.2.1\stringtemplate-3.2.1.jar;C:\Users\ASUS\.m2\repository\antlr\antlr\2.7.7\antlr-2.7.7.jar;C:\Users\ASUS\.m2\repository\com\netflix\servo\servo-core\0.5.3\servo-core-0.5.3.jar;C:\Users\ASUS\.m2\repository\org\apache\commons\commons-math\2.2\commons-math-2.2.jar;C:\Users\ASUS\.m2\repository\javax\annotation\javax.annotation-api\1.2\javax.annotation-api-1.2.jar;C:\Users\ASUS\.m2\repository\org\codehaus\jettison\jettison\1.5.4\jettison-1.5.4.jar;C:\Users\ASUS\.m2\repository\org\springframework\cloud\spring-cloud-starter-loadbalancer\4.2.0\spring-cloud-starter-loadbalancer-4.2.0.jar;C:\Users\ASUS\.m2\repository\org\springframework\cloud\spring-cloud-loadbalancer\4.2.0\spring-cloud-loadbalancer-4.2.0.jar;C:\Users\ASUS\.m2\repository\io\projectreactor\reactor-core\3.7.1\reactor-core-3.7.1.jar;C:\Users\ASUS\.m2\repository\org\reactivestreams\reactive-streams\1.0.4\reactive-streams-1.0.4.jar;C:\Users\ASUS\.m2\repository\io\projectreactor\addons\reactor-extra\3.5.2\reactor-extra-3.5.2.jar;C:\Users\ASUS\.m2\repository\org\springframework\spring-context-support\6.2.1\spring-context-support-6.2.1.jar;C:\Users\ASUS\.m2\repository\com\stoyanr\evictor\1.0.0\evictor-1.0.0.jar;C:\Users\ASUS\.m2\repository\org\springframework\cloud\spring-cloud-starter-openfeign\4.2.0\spring-cloud-starter-openfeign-4.2.0.jar;C:\Users\ASUS\.m2\repository\org\springframework\cloud\spring-cloud-openfeign-core\4.2.0\spring-cloud-openfeign-core-4.2.0.jar;C:\Users\ASUS\.m2\repository\io\github\openfeign\feign-form-spring\13.5\feign-form-spring-13.5.jar;C:\Users\ASUS\.m2\repository\io\github\openfeign\feign-form\13.5\feign-form-13.5.jar;C:\Users\ASUS\.m2\repository\commons-fileupload\commons-fileupload\1.5\commons-fileupload-1.5.jar;C:\Users\ASUS\.m2\repository\commons-io\commons-io\2.11.0\commons-io-2.11.0.jar;C:\Users\ASUS\.m2\repository\org\springframework\cloud\spring-cloud-commons\4.2.0\spring-cloud-commons-4.2.0.jar;C:\Users\ASUS\.m2\repository\org\springframework\security\spring-security-crypto\6.4.2\spring-security-crypto-6.4.2.jar;C:\Users\ASUS\.m2\repository\io\github\openfeign\feign-core\13.5\feign-core-13.5.jar;C:\Users\ASUS\.m2\repository\io\github\openfeign\feign-slf4j\13.5\feign-slf4j-13.5.jar;C:\Users\ASUS\.m2\repository\jakarta\xml\bind\jakarta.xml.bind-api\4.0.2\jakarta.xml.bind-api-4.0.2.jar;C:\Users\ASUS\.m2\repository\jakarta\activation\jakarta.activation-api\2.1.3\jakarta.activation-api-2.1.3.jar;C:\Users\ASUS\.m2\repository\org\ow2\asm\asm\9.6\asm-9.6.jar;C:\Users\ASUS\.m2\repository\org\projectlombok\lombok\1.18.38\lombok-1.18.38.jar;C:\Users\ASUS\.m2\repository\com\cloudinary\cloudinary-http5\2.3.2\cloudinary-http5-2.3.2.jar;C:\Users\ASUS\.m2\repository\com\cloudinary\cloudinary-core\2.3.2\cloudinary-core-2.3.2.jar;C:\Users\ASUS\.m2\repository\org\apache\commons\commons-lang3\3.17.0\commons-lang3-3.17.0.jar;C:\Users\ASUS\.m2\repository\org\apache\httpcomponents\client5\httpclient5\5.4.1\httpclient5-5.4.1.jar;C:\Users\ASUS\.m2\repository\org\apache\httpcomponents\core5\httpcore5-h2\5.3.1\httpcore5-h2-5.3.1.jar;C:\Users\ASUS\.m2\repository\org\apache\httpcomponents\core5\httpcore5\5.3.1\httpcore5-5.3.1.jar;C:\Users\ASUS\.m2\repository\org\springframework\spring-messaging\6.2.1\spring-messaging-6.2.1.jar;C:\Users\ASUS\.m2\repository\org\springframework\spring-websocket\6.2.1\spring-websocket-6.2.1.jar;C:\Users\ASUS\.m2\repository\org\springframework\spring-aop\6.2.1\spring-aop-6.2.1.jar;C:\Users\ASUS\.m2\repository\org\springframework\security\spring-security-config\6.4.2\spring-security-config-6.4.2.jar;C:\Users\ASUS\.m2\repository\org\springframework\security\spring-security-core\6.4.2\spring-security-core-6.4.2.jar;C:\Users\ASUS\.m2\repository\org\springframework\security\spring-security-web\6.4.2\spring-security-web-6.4.2.jar;C:\Users\ASUS\.m2\repository\com\google\cloud\sql\mysql-socket-factory-connector-j-8\1.28.6\mysql-socket-factory-connector-j-8-1.28.6.jar;C:\Users\ASUS\.m2\repository\com\google\cloud\sql\jdbc-socket-factory-core\1.28.6\jdbc-socket-factory-core-1.28.6.jar;C:\Users\ASUS\.m2\repository\com\github\jnr\jnr-enxio\0.32.20\jnr-enxio-0.32.20.jar;C:\Users\ASUS\.m2\repository\com\github\jnr\jnr-constants\0.10.4\jnr-constants-0.10.4.jar;C:\Users\ASUS\.m2\repository\com\github\jnr\jnr-ffi\2.2.19\jnr-ffi-2.2.19.jar;C:\Users\ASUS\.m2\repository\com\github\jnr\jffi\1.3.15\jffi-1.3.15.jar;C:\Users\ASUS\.m2\repository\com\github\jnr\jffi\1.3.15\jffi-1.3.15-native.jar;C:\Users\ASUS\.m2\repository\org\ow2\asm\asm-commons\9.7.1\asm-commons-9.7.1.jar;C:\Users\ASUS\.m2\repository\org\ow2\asm\asm-analysis\9.7.1\asm-analysis-9.7.1.jar;C:\Users\ASUS\.m2\repository\org\ow2\asm\asm-tree\9.7.1\asm-tree-9.7.1.jar;C:\Users\ASUS\.m2\repository\org\ow2\asm\asm-util\9.7.1\asm-util-9.7.1.jar;C:\Users\ASUS\.m2\repository\com\github\jnr\jnr-a64asm\1.0.0\jnr-a64asm-1.0.0.jar;C:\Users\ASUS\.m2\repository\com\github\jnr\jnr-x86asm\1.0.2\jnr-x86asm-1.0.2.jar;C:\Users\ASUS\.m2\repository\com\github\jnr\jnr-unixsocket\0.38.25\jnr-unixsocket-0.38.25.jar;C:\Users\ASUS\.m2\repository\com\github\jnr\jnr-posix\3.1.22\jnr-posix-3.1.22.jar;C:\Users\ASUS\.m2\repository\com\google\http-client\google-http-client\2.1.0\google-http-client-2.1.0.jar;C:\Users\ASUS\.m2\repository\com\google\code\findbugs\jsr305\3.0.2\jsr305-3.0.2.jar;C:\Users\ASUS\.m2\repository\com\google\j2objc\j2objc-annotations\3.0.0\j2objc-annotations-3.0.0.jar;C:\Users\ASUS\.m2\repository\io\grpc\grpc-context\1.70.0\grpc-context-1.70.0.jar;C:\Users\ASUS\.m2\repository\io\opencensus\opencensus-api\0.31.1\opencensus-api-0.31.1.jar;C:\Users\ASUS\.m2\repository\io\opencensus\opencensus-contrib-http-util\0.31.1\opencensus-contrib-http-util-0.31.1.jar;C:\Users\ASUS\.m2\repository\com\google\guava\guava\33.3.1-jre\guava-33.3.1-jre.jar;C:\Users\ASUS\.m2\repository\com\google\guava\failureaccess\1.0.2\failureaccess-1.0.2.jar;C:\Users\ASUS\.m2\repository\com\google\guava\listenablefuture\9999.0-empty-to-avoid-conflict-with-guava\listenablefuture-9999.0-empty-to-avoid-conflict-with-guava.jar;C:\Users\ASUS\.m2\repository\org\checkerframework\checker-qual\3.43.0\checker-qual-3.43.0.jar;C:\Users\ASUS\.m2\repository\com\google\errorprone\error_prone_annotations\2.49.0\error_prone_annotations-2.49.0.jar;C:\Users\ASUS\.m2\repository\com\google\http-client\google-http-client-gson\2.1.0\google-http-client-gson-2.1.0.jar;C:\Users\ASUS\.m2\repository\com\google\code\gson\gson\2.11.0\gson-2.11.0.jar;C:\Users\ASUS\.m2\repository\com\google\api-client\google-api-client\2.9.0\google-api-client-2.9.0.jar;C:\Users\ASUS\.m2\repository\com\google\http-client\google-http-client-apache-v2\2.0.0\google-http-client-apache-v2-2.0.0.jar;C:\Users\ASUS\.m2\repository\com\google\apis\google-api-services-sqladmin\v1beta4-rev20260529-2.0.0\google-api-services-sqladmin-v1beta4-rev20260529-2.0.0.jar;C:\Users\ASUS\.m2\repository\com\google\auth\google-auth-library-credentials\1.48.0\google-auth-library-credentials-1.48.0.jar;C:\Users\ASUS\.m2\repository\com\google\auth\google-auth-library-oauth2-http\1.48.0\google-auth-library-oauth2-http-1.48.0.jar;C:\Users\ASUS\.m2\repository\com\google\auto\value\auto-value-annotations\1.11.0\auto-value-annotations-1.11.0.jar;C:\Users\ASUS\.m2\repository\com\google\api\api-common\2.64.0\api-common-2.64.0.jar;C:\Users\ASUS\.m2\repository\com\google\oauth-client\google-oauth-client\1.39.0\google-oauth-client-1.39.0.jar;C:\Users\ASUS\.m2\repository\dnsjava\dnsjava\3.6.5\dnsjava-3.6.5.jar;C:\Users\ASUS\.m2\repository\com\google\api\gax\2.81.0\gax-2.81.0.jar;C:\Users\ASUS\.m2\repository\com\google\protobuf\protobuf-java-util\4.33.2\protobuf-java-util-4.33.2.jar;C:\Users\ASUS\.m2\repository\io\grpc\grpc-api\1.81.0\grpc-api-1.81.0.jar;C:\Users\ASUS\.m2\repository\com\google\cloud\sql\schemas\1.28.6\schemas-1.28.6.jar;C:\Users\ASUS\.m2\repository\com\google\protobuf\protobuf-java\4.35.1\protobuf-java-4.35.1.jar
Launcher Type: SUN_STANDARD

[Global flags]
     intx CICompilerCount                          = 4                                         {product} {ergonomic}
     uint ConcGCThreads                            = 2                                         {product} {ergonomic}
     uint G1ConcRefinementThreads                  = 8                                         {product} {ergonomic}
   size_t G1HeapRegionSize                         = 2097152                                   {product} {ergonomic}
    uintx GCDrainStackTargetSize                   = 64                                        {product} {ergonomic}
   size_t InitialHeapSize                          = 264241152                                 {product} {ergonomic}
   size_t MarkStackSize                            = 4194304                                   {product} {ergonomic}
   size_t MaxHeapSize                              = 4217372672                                {product} {ergonomic}
   size_t MaxNewSize                               = 2529165312                                {product} {ergonomic}
   size_t MinHeapDeltaBytes                        = 2097152                                   {product} {ergonomic}
   size_t MinHeapSize                              = 8388608                                   {product} {ergonomic}
    uintx NonNMethodCodeHeapSize                   = 4096                                   {pd product} {ergonomic}
    uintx NonProfiledCodeHeapSize                  = 0                                      {pd product} {ergonomic}
     bool ProfileInterpreter                       = false                                  {pd product} {command line}
    uintx ProfiledCodeHeapSize                     = 0                                      {pd product} {ergonomic}
   size_t SoftMaxHeapSize                          = 4217372672                             {manageable} {ergonomic}
     intx TieredStopAtLevel                        = 1                                         {product} {command line}
     bool UseCompressedOops                        = true                           {product lp64_product} {ergonomic}
     bool UseG1GC                                  = true                                      {product} {ergonomic}
     bool UseLargePagesIndividualAllocation        = false                                  {pd product} {ergonomic}

Logging:
Log output configuration:
 #0: stdout all=warning uptime,level,tags foldmultilines=false
 #1: stderr all=off uptime,level,tags foldmultilines=false

Environment Variables:
PATH=D:\download\sdk_flutter\flutter_3.27.1\flutter\bin\cache\dart-sdk\bin\;C:\Program Files\Python312\Scripts\;C:\Program Files\Python312\;C:\Program Files\Common Files\Oracle\Java\javapath;C:\WINDOWS\system32;C:\WINDOWS;C:\WINDOWS\System32\Wbem;C:\WINDOWS\System32\WindowsPowerShell\v1.0\;C:\WINDOWS\System32\OpenSSH\;C:\Program Files (x86)\Java\jre1.8.0_351;C:\Program Files\Git\cmd;C:\Program Files (x86)\Microsoft SQL Server\160\Tools\Binn\;C:\Program Files\Microsoft SQL Server\160\Tools\Binn\;C:\Program Files\Microsoft SQL Server\Client SDK\ODBC\170\Tools\Binn\;C:\Program Files\Microsoft SQL Server\160\DTS\Binn\;C:\Program Files\Microsoft SQL Server\150\Tools\Binn\;C:\apache-maven-3.9.9-bin\apache-maven-3.9.9\bin;C:\Program Files\PuTTY\;C:\gradle-8.13\bin;D:\jdk21\bin;C:\Users\YourName\AppData\Roaming\npm;C:\Program Files\dotnet\;D:\download\ngrok-v3-stable-windows-amd64;C:\Users\ASUS\AppData\Local\Android\Sdk\platform-tools;C:\Program Files\nodejs\;C:\Program Files\k6\;C:\Users\ASUS\AppData\Roaming\Python\Python312\Scripts;C:\Users\ASUS\.dotnet\tools;D:\Microsoft VS Code\bin;C:\Program Files\Python312\Scripts;C:\Users\ASUS\AppData\Local\Android\Sdk\platform-tools;C:\Users\ASUS\AppData\Roaming\npm;D:\intellj\IntelliJ IDEA 2025.3.1\bin;C:\Program Files\k6;C:\Users\ASUS\AppData\Roaming\Python\Python312\Scripts;C:\Users\ASUS\AppData\Local\Programs\Antigravity IDE\bin;C:\Users\ASUS\AppData\Local\Pub\Cache\bin;D:\Antigravity IDE\bin;D:\download\sdk_flutter\flutter_3.27.1\flutter\bin;D:\gcloud\google-cloud-sdk\bin;c:\Users\ASUS\.antigravity-ide\extensions\vscjava.vscode-java-debug-0.59.0-universal\bundled\scripts\noConfigScripts;c:\Users\ASUS\.antigravity-ide\extensions\ms-python.debugpy-2026.6.0-win32-x64\bundled\scripts\noConfigScripts
USERNAME=ASUS
LANG=en_US.UTF-8
OS=Windows_NT
PROCESSOR_IDENTIFIER=Intel64 Family 6 Model 140 Stepping 1, GenuineIntel
TMP=C:\Users\ASUS\AppData\Local\Temp
TEMP=C:\Users\ASUS\AppData\Local\Temp




Periodic native trim disabled

---------------  S Y S T E M  ---------------

OS:
 Windows 11 , 64 bit Build 22621 (10.0.22621.5415)
OS uptime: 0 days 7:44 hours
Hyper-V role detected

CPU: total 8 (initial active 8) (4 cores per cpu, 2 threads per core) family 6 model 140 stepping 1 microcode 0x8a, cx8, cmov, fxsr, ht, mmx, 3dnowpref, sse, sse2, sse3, ssse3, sse4.1, sse4.2, popcnt, lzcnt, tsc, tscinvbit, avx, avx2, aes, erms, clmul, bmi1, bmi2, adx, avx512f, avx512dq, avx512cd, avx512bw, avx512vl, sha, fma, vzeroupper, avx512_vpopcntdq, avx512_vpclmulqdq, avx512_vaes, avx512_vnni, clflush, clflushopt, clwb, avx512_vbmi2, avx512_vbmi, hv, rdtscp, rdpid, fsrm, gfni, avx512_bitalg, f16c, cet_ibt, cet_ss, avx512_ifma
Processor Information for processor 0
  Max Mhz: 2419, Current Mhz: 1007, Mhz Limit: 2419
Processor Information for processor 1
  Max Mhz: 2419, Current Mhz: 1007, Mhz Limit: 2419
Processor Information for processor 2
  Max Mhz: 2419, Current Mhz: 1612, Mhz Limit: 2419
Processor Information for processor 3
  Max Mhz: 2419, Current Mhz: 1007, Mhz Limit: 2419
Processor Information for processor 4
  Max Mhz: 2419, Current Mhz: 1007, Mhz Limit: 2419
Processor Information for processor 5
  Max Mhz: 2419, Current Mhz: 1007, Mhz Limit: 2419
Processor Information for processor 6
  Max Mhz: 2419, Current Mhz: 1007, Mhz Limit: 2419
Processor Information for processor 7
  Max Mhz: 2419, Current Mhz: 1007, Mhz Limit: 2419

Memory: 4k page, system-wide physical 16080M (488M free)
TotalPageFile size 36640M (AvailPageFile size 2M)
current process WorkingSet (physical memory assigned to process): 124M, peak: 124M
current process commit charge ("private bytes"): 372M, peak: 372M

vm_info: Java HotSpot(TM) 64-Bit Server VM (21.0.1+12-LTS-29) for windows-amd64 JRE (21.0.1+12-LTS-29), built on 2023-10-05T13:27:09Z by "mach5one" with MS VC++ 17.1 (VS2022)

END.
