#
# There is insufficient memory for the Java Runtime Environment to continue.
# Native memory allocation (mmap) failed to map 65536 bytes for Failed to commit metaspace.
# Possible reasons:
#   The system is out of physical RAM or swap space
#   The process is running with CompressedOops enabled, and the Java Heap may be blocking the growth of the native heap
# Possible solutions:
#   Reduce memory load on the system
#   Increase physical memory or swap space
#   Check if swap backing store is full
#   Decrease Java heap size (-Xmx/-Xms)
#   Decrease number of Java threads
#   Decrease Java thread stack sizes (-Xss)
#   Set larger code cache with -XX:ReservedCodeCacheSize=
#   JVM is running with Zero Based Compressed Oops mode in which the Java heap is
#     placed in the first 32GB address space. The Java Heap base address is the
#     maximum limit for the native heap growth. Please use -XX:HeapBaseMinAddress
#     to set the Java Heap base and to place the Java Heap above 32GB virtual address.
# This output file may be truncated or incomplete.
#
#  Out of Memory Error (virtualSpaceNode.cpp:112), pid=25184, tid=23296
#
# JRE version: Java(TM) SE Runtime Environment (21.0.1+12) (build 21.0.1+12-LTS-29)
# Java VM: Java HotSpot(TM) 64-Bit Server VM (21.0.1+12-LTS-29, mixed mode, sharing, tiered, compressed oops, compressed class ptrs, g1 gc, windows-amd64)
# No core dump will be written. Minidumps are not enabled by default on client versions of Windows
#

---------------  S U M M A R Y ------------

Command Line: --enable-native-access=ALL-UNNAMED -Dclassworlds.conf=C:\\Users\\ASUS\\.m2\\wrapper\\dists\\apache-maven-3.9.15\\0226a00282e400185496f3b60ec5a3f029cbdc6893912937d4876d57695224e1\\bin\\m2.conf -Dmaven.home=C:\\Users\\ASUS\\.m2\\wrapper\\dists\\apache-maven-3.9.15\\0226a00282e400185496f3b60ec5a3f029cbdc6893912937d4876d57695224e1 -Dlibrary.jansi.path=C:\\Users\\ASUS\\.m2\\wrapper\\dists\\apache-maven-3.9.15\\0226a00282e400185496f3b60ec5a3f029cbdc6893912937d4876d57695224e1\\lib\\jansi-native -Dmaven.multiModuleProjectDirectory=D:\\StudyMatch_BE\\group_service org.codehaus.plexus.classworlds.launcher.Launcher spring-boot:run

Host: 11th Gen Intel(R) Core(TM) i5-1135G7 @ 2.40GHz, 8 cores, 15G,  Windows 11 , 64 bit Build 22621 (10.0.22621.5415)
Time: Thu Jul  2 12:53:25 2026 SE Asia Standard Time elapsed time: 46.538218 seconds (0d 0h 0m 46s)

---------------  T H R E A D  ---------------

Current thread (0x000001a88824cb60):  JavaThread "main"             [_thread_in_vm, id=23296, stack(0x000000a23cc00000,0x000000a23cd00000) (1024K)]

Stack: [0x000000a23cc00000,0x000000a23cd00000]
Native frames: (J=compiled Java code, j=interpreted, Vv=VM code, C=native code)
V  [jvm.dll+0x6c9029]
V  [jvm.dll+0x854b81]
V  [jvm.dll+0x856e5e]
V  [jvm.dll+0x857543]
V  [jvm.dll+0x280c06]
V  [jvm.dll+0x8508ae]
V  [jvm.dll+0x66ca45]
V  [jvm.dll+0x1e677c]
V  [jvm.dll+0x1e654e]
V  [jvm.dll+0x66f35c]
V  [jvm.dll+0x66f172]
V  [jvm.dll+0x66d41e]
V  [jvm.dll+0x26c581]
V  [jvm.dll+0x1469af]
V  [jvm.dll+0x288cfd]
V  [jvm.dll+0x28a352]
V  [jvm.dll+0x21035a]
V  [jvm.dll+0x20faed]
V  [jvm.dll+0x5ac706]
V  [jvm.dll+0x7cd7a6]
V  [jvm.dll+0x46fd60]
V  [jvm.dll+0x4759e8]
C  [java.dll+0x1959]

Java frames: (J=compiled Java code, j=interpreted, Vv=VM code)
J 5356  java.lang.ClassLoader.defineClass2(Ljava/lang/ClassLoader;Ljava/lang/String;Ljava/nio/ByteBuffer;IILjava/security/ProtectionDomain;Ljava/lang/String;)Ljava/lang/Class; java.base@21.0.1 (0 bytes) @ 0x000001a89a5c8111 [0x000001a89a5c8040+0x00000000000000d1]
J 5355 c1 java.lang.ClassLoader.defineClass(Ljava/lang/String;Ljava/nio/ByteBuffer;Ljava/security/ProtectionDomain;)Ljava/lang/Class; java.base@21.0.1 (108 bytes) @ 0x000001a8933aea7c [0x000001a8933ae2a0+0x00000000000007dc]
J 5402 c1 java.security.SecureClassLoader.defineClass(Ljava/lang/String;Ljava/nio/ByteBuffer;Ljava/security/CodeSource;)Ljava/lang/Class; java.base@21.0.1 (12 bytes) @ 0x000001a8933bfc14 [0x000001a8933bfb40+0x00000000000000d4]
J 5398 c1 jdk.internal.loader.BuiltinClassLoader.defineClass(Ljava/lang/String;Ljdk/internal/loader/BuiltinClassLoader$LoadedModule;)Ljava/lang/Class; java.base@21.0.1 (162 bytes) @ 0x000001a8933baba4 [0x000001a8933b8f00+0x0000000000001ca4]
J 413 c1 jdk.internal.loader.BuiltinClassLoader.loadClassOrNull(Ljava/lang/String;Z)Ljava/lang/Class; java.base@21.0.1 (143 bytes) @ 0x000001a8928b0adc [0x000001a8928b0560+0x000000000000057c]
J 490 c1 jdk.internal.loader.ClassLoaders$AppClassLoader.loadClass(Ljava/lang/String;Z)Ljava/lang/Class; java.base@21.0.1 (40 bytes) @ 0x000001a8928d704c [0x000001a8928d6e60+0x00000000000001ec]
J 2657 c1 java.lang.ClassLoader.loadClass(Ljava/lang/String;)Ljava/lang/Class; java.base@21.0.1 (7 bytes) @ 0x000001a892d5ce54 [0x000001a892d5cd40+0x0000000000000114]
v  ~StubRoutines::call_stub 0x000001a899d410e7
J 5356  java.lang.ClassLoader.defineClass2(Ljava/lang/ClassLoader;Ljava/lang/String;Ljava/nio/ByteBuffer;IILjava/security/ProtectionDomain;Ljava/lang/String;)Ljava/lang/Class; java.base@21.0.1 (0 bytes) @ 0x000001a89a5c8111 [0x000001a89a5c8040+0x00000000000000d1]
J 5355 c1 java.lang.ClassLoader.defineClass(Ljava/lang/String;Ljava/nio/ByteBuffer;Ljava/security/ProtectionDomain;)Ljava/lang/Class; java.base@21.0.1 (108 bytes) @ 0x000001a8933aea7c [0x000001a8933ae2a0+0x00000000000007dc]
J 5402 c1 java.security.SecureClassLoader.defineClass(Ljava/lang/String;Ljava/nio/ByteBuffer;Ljava/security/CodeSource;)Ljava/lang/Class; java.base@21.0.1 (12 bytes) @ 0x000001a8933bfc14 [0x000001a8933bfb40+0x00000000000000d4]
J 5398 c1 jdk.internal.loader.BuiltinClassLoader.defineClass(Ljava/lang/String;Ljdk/internal/loader/BuiltinClassLoader$LoadedModule;)Ljava/lang/Class; java.base@21.0.1 (162 bytes) @ 0x000001a8933baba4 [0x000001a8933b8f00+0x0000000000001ca4]
J 413 c1 jdk.internal.loader.BuiltinClassLoader.loadClassOrNull(Ljava/lang/String;Z)Ljava/lang/Class; java.base@21.0.1 (143 bytes) @ 0x000001a8928b0adc [0x000001a8928b0560+0x000000000000057c]
J 490 c1 jdk.internal.loader.ClassLoaders$AppClassLoader.loadClass(Ljava/lang/String;Z)Ljava/lang/Class; java.base@21.0.1 (40 bytes) @ 0x000001a8928d704c [0x000001a8928d6e60+0x00000000000001ec]
J 2657 c1 java.lang.ClassLoader.loadClass(Ljava/lang/String;)Ljava/lang/Class; java.base@21.0.1 (7 bytes) @ 0x000001a892d5ce54 [0x000001a892d5cd40+0x0000000000000114]
v  ~StubRoutines::call_stub 0x000001a899d410e7
j  com.sun.tools.javac.processing.JavacProcessingEnvironment.<init>(Lcom/sun/tools/javac/util/Context;)V+12 jdk.compiler@21.0.1
j  com.sun.tools.javac.processing.JavacProcessingEnvironment.instance(Lcom/sun/tools/javac/util/Context;)Lcom/sun/tools/javac/processing/JavacProcessingEnvironment;+19 jdk.compiler@21.0.1
j  com.sun.tools.javac.api.BasicJavacTask.initPlugins(Ljava/util/Set;)V+148 jdk.compiler@21.0.1
j  com.sun.tools.javac.api.JavacTaskImpl.prepareCompiler(Z)V+103 jdk.compiler@21.0.1
j  com.sun.tools.javac.api.JavacTaskImpl.lambda$doCall$0()Lcom/sun/tools/javac/main/Main$Result;+2 jdk.compiler@21.0.1
j  com.sun.tools.javac.api.JavacTaskImpl$$Lambda+0x000001a8ab27e5d0.call()Ljava/lang/Object;+4 jdk.compiler@21.0.1
j  com.sun.tools.javac.api.JavacTaskImpl.invocationHelper(Ljava/util/concurrent/Callable;)Lcom/sun/tools/javac/util/Pair;+20 jdk.compiler@21.0.1
j  com.sun.tools.javac.api.JavacTaskImpl.doCall()Lcom/sun/tools/javac/main/Main$Result;+7 jdk.compiler@21.0.1
j  com.sun.tools.javac.api.JavacTaskImpl.call()Ljava/lang/Boolean;+1 jdk.compiler@21.0.1
j  org.codehaus.plexus.compiler.javac.JavaxToolsCompiler.compileInProcess([Ljava/lang/String;Lorg/codehaus/plexus/compiler/CompilerConfiguration;[Ljava/lang/String;)Lorg/codehaus/plexus/compiler/CompilerResult;+136
j  org.codehaus.plexus.compiler.javac.JavacCompiler.performCompile(Lorg/codehaus/plexus/compiler/CompilerConfiguration;)Lorg/codehaus/plexus/compiler/CompilerResult;+137
j  org.apache.maven.plugin.compiler.AbstractCompilerMojo.execute()V+3680
j  org.apache.maven.plugin.compiler.CompilerMojo.execute()V+44
j  org.apache.maven.plugin.DefaultBuildPluginManager.executeMojo(Lorg/apache/maven/execution/MavenSession;Lorg/apache/maven/plugin/MojoExecution;)V+152
j  org.apache.maven.lifecycle.internal.MojoExecutor.doExecute2(Lorg/apache/maven/execution/MavenSession;Lorg/apache/maven/plugin/MojoExecution;)V+20
j  org.apache.maven.lifecycle.internal.MojoExecutor.doExecute(Lorg/apache/maven/execution/MavenSession;Lorg/apache/maven/plugin/MojoExecution;Lorg/apache/maven/lifecycle/internal/ProjectIndex;Lorg/apache/maven/lifecycle/internal/DependencyContext;)V+40
j  org.apache.maven.lifecycle.internal.MojoExecutor.execute(Lorg/apache/maven/execution/MavenSession;Lorg/apache/maven/plugin/MojoExecution;Lorg/apache/maven/lifecycle/internal/ProjectIndex;Lorg/apache/maven/lifecycle/internal/DependencyContext;)V+183
j  org.apache.maven.lifecycle.internal.MojoExecutor.execute(Lorg/apache/maven/execution/MavenSession;Lorg/apache/maven/plugin/MojoExecution;Lorg/apache/maven/lifecycle/internal/ProjectIndex;Lorg/apache/maven/lifecycle/internal/DependencyContext;Lorg/apache/maven/lifecycle/internal/PhaseRecorder;)V+6
j  org.apache.maven.lifecycle.internal.MojoExecutor.access$000(Lorg/apache/maven/lifecycle/internal/MojoExecutor;Lorg/apache/maven/execution/MavenSession;Lorg/apache/maven/plugin/MojoExecution;Lorg/apache/maven/lifecycle/internal/ProjectIndex;Lorg/apache/maven/lifecycle/internal/DependencyContext;Lorg/apache/maven/lifecycle/internal/PhaseRecorder;)V+8
j  org.apache.maven.lifecycle.internal.MojoExecutor$1.run(Lorg/apache/maven/plugin/MojoExecution;)V+21
j  org.apache.maven.plugin.DefaultMojosExecutionStrategy.execute(Ljava/util/List;Lorg/apache/maven/execution/MavenSession;Lorg/apache/maven/plugin/MojoExecutionRunner;)V+33
j  org.apache.maven.lifecycle.internal.MojoExecutor.execute(Lorg/apache/maven/execution/MavenSession;Ljava/util/List;Lorg/apache/maven/lifecycle/internal/ProjectIndex;)V+72
j  org.apache.maven.lifecycle.internal.MojoExecutor.executeForkedExecutions(Lorg/apache/maven/plugin/MojoExecution;Lorg/apache/maven/execution/MavenSession;Lorg/apache/maven/lifecycle/internal/ProjectIndex;)Ljava/util/List;+242
j  org.apache.maven.lifecycle.internal.MojoExecutor.doExecute(Lorg/apache/maven/execution/MavenSession;Lorg/apache/maven/plugin/MojoExecution;Lorg/apache/maven/lifecycle/internal/ProjectIndex;Lorg/apache/maven/lifecycle/internal/DependencyContext;)V+10
j  org.apache.maven.lifecycle.internal.MojoExecutor.execute(Lorg/apache/maven/execution/MavenSession;Lorg/apache/maven/plugin/MojoExecution;Lorg/apache/maven/lifecycle/internal/ProjectIndex;Lorg/apache/maven/lifecycle/internal/DependencyContext;)V+183
j  org.apache.maven.lifecycle.internal.MojoExecutor.execute(Lorg/apache/maven/execution/MavenSession;Lorg/apache/maven/plugin/MojoExecution;Lorg/apache/maven/lifecycle/internal/ProjectIndex;Lorg/apache/maven/lifecycle/internal/DependencyContext;Lorg/apache/maven/lifecycle/internal/PhaseRecorder;)V+6
j  org.apache.maven.lifecycle.internal.MojoExecutor.access$000(Lorg/apache/maven/lifecycle/internal/MojoExecutor;Lorg/apache/maven/execution/MavenSession;Lorg/apache/maven/plugin/MojoExecution;Lorg/apache/maven/lifecycle/internal/ProjectIndex;Lorg/apache/maven/lifecycle/internal/DependencyContext;Lorg/apache/maven/lifecycle/internal/PhaseRecorder;)V+8
j  org.apache.maven.lifecycle.internal.MojoExecutor$1.run(Lorg/apache/maven/plugin/MojoExecution;)V+21
j  org.apache.maven.plugin.DefaultMojosExecutionStrategy.execute(Ljava/util/List;Lorg/apache/maven/execution/MavenSession;Lorg/apache/maven/plugin/MojoExecutionRunner;)V+33
j  org.apache.maven.lifecycle.internal.MojoExecutor.execute(Lorg/apache/maven/execution/MavenSession;Ljava/util/List;Lorg/apache/maven/lifecycle/internal/ProjectIndex;)V+72
j  org.apache.maven.lifecycle.internal.LifecycleModuleBuilder.buildProject(Lorg/apache/maven/execution/MavenSession;Lorg/apache/maven/execution/MavenSession;Lorg/apache/maven/lifecycle/internal/ReactorContext;Lorg/apache/maven/project/MavenProject;Lorg/apache/maven/lifecycle/internal/TaskSegment;)V+151
j  org.apache.maven.lifecycle.internal.LifecycleModuleBuilder.buildProject(Lorg/apache/maven/execution/MavenSession;Lorg/apache/maven/lifecycle/internal/ReactorContext;Lorg/apache/maven/project/MavenProject;Lorg/apache/maven/lifecycle/internal/TaskSegment;)V+7
j  org.apache.maven.lifecycle.internal.builder.singlethreaded.SingleThreadedBuilder.build(Lorg/apache/maven/execution/MavenSession;Lorg/apache/maven/lifecycle/internal/ReactorContext;Lorg/apache/maven/lifecycle/internal/ProjectBuildList;Ljava/util/List;Lorg/apache/maven/lifecycle/internal/ReactorBuildStatus;)V+77
j  org.apache.maven.lifecycle.internal.LifecycleStarter.execute(Lorg/apache/maven/execution/MavenSession;)V+343
j  org.apache.maven.DefaultMaven.doExecute(Lorg/apache/maven/execution/MavenExecutionRequest;Lorg/apache/maven/execution/MavenSession;Lorg/apache/maven/execution/MavenExecutionResult;Lorg/eclipse/aether/DefaultRepositorySystemSession;)Lorg/apache/maven/execution/MavenExecutionResult;+418
j  org.apache.maven.DefaultMaven.doExecute(Lorg/apache/maven/execution/MavenExecutionRequest;)Lorg/apache/maven/execution/MavenExecutionResult;+98
j  org.apache.maven.DefaultMaven.execute(Lorg/apache/maven/execution/MavenExecutionRequest;)Lorg/apache/maven/execution/MavenExecutionResult;+2
j  org.apache.maven.cli.MavenCli.execute(Lorg/apache/maven/cli/CliRequest;)I+41
j  org.apache.maven.cli.MavenCli.doMain(Lorg/apache/maven/cli/CliRequest;)I+70
j  org.apache.maven.cli.MavenCli.main([Ljava/lang/String;Lorg/codehaus/plexus/classworlds/ClassWorld;)I+24
j  java.lang.invoke.DirectMethodHandle$Holder.invokeStatic(Ljava/lang/Object;Ljava/lang/Object;Ljava/lang/Object;)I+11 java.base@21.0.1
j  java.lang.invoke.LambdaForm$MH+0x000001a8ab009400.invoke(Ljava/lang/Object;Ljava/lang/Object;Ljava/lang/Object;Ljava/lang/Object;)Ljava/lang/Object;+54 java.base@21.0.1
j  java.lang.invoke.LambdaForm$MH+0x000001a8ab009800.invokeExact_MT(Ljava/lang/Object;Ljava/lang/Object;Ljava/lang/Object;Ljava/lang/Object;Ljava/lang/Object;)Ljava/lang/Object;+22 java.base@21.0.1
j  jdk.internal.reflect.DirectMethodHandleAccessor.invokeImpl(Ljava/lang/Object;[Ljava/lang/Object;)Ljava/lang/Object;+72 java.base@21.0.1
j  jdk.internal.reflect.DirectMethodHandleAccessor.invoke(Ljava/lang/Object;[Ljava/lang/Object;)Ljava/lang/Object;+23 java.base@21.0.1
j  java.lang.reflect.Method.invoke(Ljava/lang/Object;[Ljava/lang/Object;)Ljava/lang/Object;+102 java.base@21.0.1
j  org.codehaus.plexus.classworlds.launcher.Launcher.launchEnhanced([Ljava/lang/String;)V+45
j  org.codehaus.plexus.classworlds.launcher.Launcher.launch([Ljava/lang/String;)V+2
j  org.codehaus.plexus.classworlds.launcher.Launcher.mainWithExitCode([Ljava/lang/String;)I+108
j  org.codehaus.plexus.classworlds.launcher.Launcher.main([Ljava/lang/String;)V+1
v  ~StubRoutines::call_stub 0x000001a899d410e7

Compiled method (n/a)   46824 5356     n 0       java.lang.ClassLoader::defineClass2 (native)
 total in heap  [0x000001a89a5c7e90,0x000001a89a5c85f0] = 1888
 relocation     [0x000001a89a5c7ff0,0x000001a89a5c8030] = 64
 main code      [0x000001a89a5c8040,0x000001a89a5c85ef] = 1455
 stub code      [0x000001a89a5c85ef,0x000001a89a5c85f0] = 1

[Constant Pool (empty)]

[MachCode]
[Entry Point]
  # {method} {0x000001a8aa43ca70} 'defineClass2' '(Ljava/lang/ClassLoader;Ljava/lang/String;Ljava/nio/ByteBuffer;IILjava/security/ProtectionDomain;Ljava/lang/String;)Ljava/lang/Class;' in 'java/lang/ClassLoader'
  # parm0:    rdx:rdx   = 'java/lang/ClassLoader'
  # parm1:    r8:r8     = 'java/lang/String'
  # parm2:    r9:r9     = 'java/nio/ByteBuffer'
  # parm3:    rdi       = int
  # parm4:    rsi       = int
  # parm5:    rcx:rcx   = 'java/security/ProtectionDomain'
  # parm6:    [sp+0xa0]   = 'java/lang/String'  (sp of caller)
  0x000001a89a5c8040: 448b 5208 | 49bb 0000 | 00aa a801 | 0000 4d03 | d349 3bc2 | 0f84 0600 

  0x000001a89a5c8058: ;   {runtime_call ic_miss_stub}
  0x000001a89a5c8058: 0000 e921 | 697c ff90 
[Verified Entry Point]
  0x000001a89a5c8060: 8984 2400 | 80ff ff55 | 488b ec48 | 81ec 9000 | 0000 6690 | 4181 7f20 | 0100 0000 

  0x000001a89a5c807c: ;   {runtime_call StubRoutines (final stubs)}
  0x000001a89a5c807c: 7405 e87d | e17a ff48 | 837d 1000 | 488d 4510 | 480f 4445 | 1048 8944 | 2440 4889 | 4c24 7048 
  0x000001a89a5c809c: 83f9 0048 | 8d44 2470 | 480f 4444 | 2470 4889 | 4424 3848 | 8974 2430 | 4889 7c24 | 284c 894c 
  0x000001a89a5c80bc: 2458 4983 | f900 488d | 4424 5848 | 0f44 4424 | 5848 8944 | 2420 4c89 | 4424 5049 | 83f8 004c 
  0x000001a89a5c80dc: 8d4c 2450 | 4c0f 444c | 2450 4889 | 5424 4848 | 83fa 004c | 8d44 2448 | 4c0f 4444 

  0x000001a89a5c80f8: ;   {oop(a 'java/lang/Class'{0x0000000704a2b240} = 'java/lang/ClassLoader')}
  0x000001a89a5c80f8: 2448 49be | 40b2 a204 | 0700 0000 | 4c89 7424 | 784c 8d74 | 2478 498b | d6c5 f877 

  0x000001a89a5c8114: ;   {internal_word}
  0x000001a89a5c8114: 49ba 1181 | 5c9a a801 | 0000 4d89 | 97a0 0300 | 0049 89a7 | 9803 0000 

  0x000001a89a5c812c: ;   {external_word}
  0x000001a89a5c812c: 49ba c925 | dbea fc7f | 0000 4180 | 3a00 0f84 | 4e00 0000 | 5241 5041 

  0x000001a89a5c8144: ;   {metadata({method} {0x000001a8aa43ca70} 'defineClass2' '(Ljava/lang/ClassLoader;Ljava/lang/String;Ljava/nio/ByteBuffer;IILjava/security/ProtectionDomain;Ljava/lang/String;)Ljava/lang/Class;' in 'java/lang/ClassLoader')}
  0x000001a89a5c8144: 5148 ba68 | ca43 aaa8 | 0100 0049 | 8bcf 4883 | ec20 40f6 | c40f 0f84 | 1900 0000 | 4883 ec08 
  0x000001a89a5c8164: ;   {runtime_call}
  0x000001a89a5c8164: 48b8 30eb | 8bea fc7f | 0000 ffd0 | 4883 c408 | e90c 0000 

  0x000001a89a5c8178: ;   {runtime_call}
  0x000001a89a5c8178: 0048 b830 | eb8b eafc | 7f00 00ff | d048 83c4 | 2041 5941 | 585a 498d | 8fb8 0300 | 0041 c787 
  0x000001a89a5c8198: 4c04 0000 | 0400 0000 

  0x000001a89a5c81a0: ;   {runtime_call}
  0x000001a89a5c81a0: 48b8 5c18 | 8d08 fd7f | 0000 ffd0 | c5f8 7741 | c787 4c04 | 0000 0500 | 0000 f083 | 4424 c000 
  0x000001a89a5c81c0: 493b af50 | 0400 000f | 870e 0000 | 0041 83bf | 4804 0000 | 000f 842b | 0000 00c5 | f877 4889 
  0x000001a89a5c81e0: 45f8 498b | cf4c 8be4 | 4883 ec20 | 4883 e4f0 

  0x000001a89a5c81f0: ;   {runtime_call}
  0x000001a89a5c81f0: 48b8 c0be | 57ea fc7f | 0000 ffd0 | 498b e44d | 33e4 488b | 45f8 41c7 | 874c 0400 | 0008 0000 
  0x000001a89a5c8210: 0041 83bf | c804 0000 | 020f 84a3 

  0x000001a89a5c821c: ;   {external_word}
  0x000001a89a5c821c: 0300 0049 | bac9 25db | eafc 7f00 | 0041 803a | 000f 844c | 0000 0048 

  0x000001a89a5c8234: ;   {metadata({method} {0x000001a8aa43ca70} 'defineClass2' '(Ljava/lang/ClassLoader;Ljava/lang/String;Ljava/nio/ByteBuffer;IILjava/security/ProtectionDomain;Ljava/lang/String;)Ljava/lang/Class;' in 'java/lang/ClassLoader')}
  0x000001a89a5c8234: 8945 f848 | ba68 ca43 | aaa8 0100 | 0049 8bcf | 4883 ec20 | 40f6 c40f | 0f84 1900 | 0000 4883 
  0x000001a89a5c8254: ;   {runtime_call}
  0x000001a89a5c8254: ec08 48b8 | 30eb 8bea | fc7f 0000 | ffd0 4883 | c408 e90c 

  0x000001a89a5c8268: ;   {runtime_call}
  0x000001a89a5c8268: 0000 0048 | b830 eb8b | eafc 7f00 | 00ff d048 | 83c4 2048 | 8b45 f849 | c787 9803 | 0000 0000 
  0x000001a89a5c8288: 0000 49c7 | 87a0 0300 | 0000 0000 | 00c5 f877 | 4885 c00f | 84fe 0200 | 00a8 030f | 8508 0000 
  0x000001a89a5c82a8: 0048 8b00 | e9ee 0200 | 00a8 010f | 8509 0000 | 0048 8b40 | fee9 dd02 | 0000 488b | 40ff 4180 
  0x000001a89a5c82c8: 7f40 000f | 84ce 0200 | 0048 83f8 | 000f 84c4 | 0200 0049 | 8b4f 2848 | 83f9 000f | 8414 0000 
  0x000001a89a5c82e8: 0048 83e9 | 0849 894f | 2849 034f | 3848 8901 | e9a2 0200 | 0048 81ec | 5001 0000 | 4889 0424 
  0x000001a89a5c8308: 4889 4c24 | 0848 8954 | 2410 4889 | 7424 1848 | 897c 2420 | 4c89 4424 | 284c 894c | 2430 4c89 
  0x000001a89a5c8328: 5424 384c | 895c 2440 | c5fb 1144 | 2450 c5fb | 114c 2458 | c5fb 1154 | 2460 c5fb | 115c 2468 
  0x000001a89a5c8348: c5fb 1164 | 2470 c5fb | 116c 2478 | c5fb 11b4 | 2480 0000 | 00c5 fb11 | bc24 8800 | 0000 c57b 
  0x000001a89a5c8368: ;   {no_reloc}
  0x000001a89a5c8368: 1184 2490 | 0000 00c5 | 7b11 8c24 | 9800 0000 | c57b 1194 | 24a0 0000 | 00c5 7b11 | 9c24 a800 
  0x000001a89a5c8388: 0000 c57b | 11a4 24b0 | 0000 00c5 | 7b11 ac24 | b800 0000 | c57b 11b4 | 24c0 0000 | 00c5 7b11 
  0x000001a89a5c83a8: bc24 c800 | 0000 62e1 | ff08 1144 | 241a 62e1 | ff08 114c | 241b 62e1 | ff08 1154 | 241c 62e1 
  0x000001a89a5c83c8: ff08 115c | 241d 62e1 | ff08 1164 | 241e 62e1 | ff08 116c | 241f 62e1 | ff08 1174 | 2420 62e1 
  0x000001a89a5c83e8: ff08 117c | 2421 6261 | ff08 1144 | 2422 6261 | ff08 114c | 2423 6261 | ff08 1154 | 2424 6261 
  0x000001a89a5c8408: ff08 115c | 2425 6261 | ff08 1164 | 2426 6261 | ff08 116c | 2427 6261 | ff08 1174 | 2428 6261 
  0x000001a89a5c8428: ff08 117c | 2429 498b | d748 8bc8 | 4883 ec20 | 40f6 c40f | 0f84 1900 | 0000 4883 

  0x000001a89a5c8444: ;   {runtime_call}
  0x000001a89a5c8444: ec08 48b8 | b022 4bea | fc7f 0000 | ffd0 4883 | c408 e90c 

  0x000001a89a5c8458: ;   {runtime_call}
  0x000001a89a5c8458: 0000 0048 | b8b0 224b | eafc 7f00 | 00ff d048 | 83c4 2062 | 61ff 0810 | 7c24 2962 | 61ff 0810 
  0x000001a89a5c8478: 7424 2862 | 61ff 0810 | 6c24 2762 | 61ff 0810 | 6424 2662 | 61ff 0810 | 5c24 2562 | 61ff 0810 
  0x000001a89a5c8498: 5424 2462 | 61ff 0810 | 4c24 2362 | 61ff 0810 | 4424 2262 | e1ff 0810 | 7c24 2162 | e1ff 0810 
  0x000001a89a5c84b8: 7424 2062 | e1ff 0810 | 6c24 1f62 | e1ff 0810 | 6424 1e62 | e1ff 0810 | 5c24 1d62 | e1ff 0810 
  0x000001a89a5c84d8: 5424 1c62 | e1ff 0810 | 4c24 1b62 | e1ff 0810 | 4424 1ac5 | 7b10 bc24 | c800 0000 | c57b 10b4 
  0x000001a89a5c84f8: 24c0 0000 | 00c5 7b10 | ac24 b800 | 0000 c57b | 10a4 24b0 | 0000 00c5 | 7b10 9c24 | a800 0000 
  0x000001a89a5c8518: c57b 1094 | 24a0 0000 | 00c5 7b10 | 8c24 9800 | 0000 c57b | 1084 2490 | 0000 00c5 | fb10 bc24 
  0x000001a89a5c8538: 8800 0000 | c5fb 10b4 | 2480 0000 | 00c5 fb10 | 6c24 78c5 | fb10 6424 | 70c5 fb10 | 5c24 68c5 
  0x000001a89a5c8558: ;   {no_reloc}
  0x000001a89a5c8558: fb10 5424 | 60c5 fb10 | 4c24 58c5 | fb10 4424 | 504c 8b5c | 2440 4c8b | 5424 384c | 8b4c 2430 
  0x000001a89a5c8578: 4c8b 4424 | 2848 8b7c | 2420 488b | 7424 1848 | 8b54 2410 | 488b 4c24 | 0848 8b04 | 2448 81c4 
  0x000001a89a5c8598: 5001 0000 | c5f8 7749 | 8b8f 2804 | 0000 c781 | 0001 0000 | 0000 0000 | c949 837f | 0800 0f85 
  0x000001a89a5c85b8: 0100 0000 

  0x000001a89a5c85bc: ;   {runtime_call StubRoutines (initial stubs)}
  0x000001a89a5c85bc: c3e9 3e89 | 77ff c5f8 | 7748 8945 | f84c 8be4 | 4883 ec20 | 4883 e4f0 

  0x000001a89a5c85d4: ;   {runtime_call}
  0x000001a89a5c85d4: 48b8 6023 | 8cea fc7f | 0000 ffd0 | 498b e44d | 33e4 488b | 45f8 e930 | fcff fff4 
[/MachCode]


Compiled method (c1)   46906 5355       3       java.lang.ClassLoader::defineClass (108 bytes)
 total in heap  [0x000001a8933adf90,0x000001a8933af860] = 6352
 relocation     [0x000001a8933ae0f0,0x000001a8933ae288] = 408
 main code      [0x000001a8933ae2a0,0x000001a8933af218] = 3960
 stub code      [0x000001a8933af218,0x000001a8933af2e8] = 208
 metadata       [0x000001a8933af2e8,0x000001a8933af348] = 96
 scopes data    [0x000001a8933af348,0x000001a8933af5d0] = 648
 scopes pcs     [0x000001a8933af5d0,0x000001a8933af820] = 592
 dependencies   [0x000001a8933af820,0x000001a8933af830] = 16
 nul chk table  [0x000001a8933af830,0x000001a8933af860] = 48

[Constant Pool (empty)]

[MachCode]
[Entry Point]
  # {method} {0x000001a8aa43ce00} 'defineClass' '(Ljava/lang/String;Ljava/nio/ByteBuffer;Ljava/security/ProtectionDomain;)Ljava/lang/Class;' in 'java/lang/ClassLoader'
  # this:     rdx:rdx   = 'java/lang/ClassLoader'
  # parm0:    r8:r8     = 'java/lang/String'
  # parm1:    r9:r9     = 'java/nio/ByteBuffer'
  # parm2:    rdi:rdi   = 'java/security/ProtectionDomain'
  #           [sp+0x100]  (sp of caller)
  0x000001a8933ae2a0: 448b 5208 | 49bb 0000 | 00aa a801 | 0000 4d03 | d34c 3bd0 

  0x000001a8933ae2b4: ;   {runtime_call ic_miss_stub}
  0x000001a8933ae2b4: 0f85 c606 | 9e06 660f | 1f44 0000 
[Verified Entry Point]
  0x000001a8933ae2c0: 8984 2400 | 80ff ff55 | 4881 ecf0 | 0000 0090 | 4181 7f20 | 0100 0000 

  0x000001a8933ae2d8: ;   {runtime_call StubRoutines (final stubs)}
  0x000001a8933ae2d8: 7405 e821 | 7f9c 0648 | 8994 2480 | 0000 004c | 8984 2488 | 0000 004c | 894c 2478 | 4889 bc24 
  0x000001a8933ae2f8: 9000 0000 

  0x000001a8933ae2fc: ;   {metadata(method data for {method} {0x000001a8aa43ce00} 'defineClass' '(Ljava/lang/String;Ljava/nio/ByteBuffer;Ljava/security/ProtectionDomain;)Ljava/lang/Class;' in 'java/lang/ClassLoader')}
  0x000001a8933ae2fc: 48be 90ce | 14ec a801 | 0000 8b9e | cc00 0000 | 83c3 0289 | 9ecc 0000 | 0081 e3fe | 0700 0083 
  0x000001a8933ae31c: fb00 0f84 | 9d0c 0000 

  0x000001a8933ae324: ; implicit exception: dispatches to 0x000001a8933aefe2
  0x000001a8933ae324: 493b 0149 

  0x000001a8933ae328: ;   {metadata(method data for {method} {0x000001a8aa43ce00} 'defineClass' '(Ljava/lang/String;Ljava/nio/ByteBuffer;Ljava/security/ProtectionDomain;)Ljava/lang/Class;' in 'java/lang/ClassLoader')}
  0x000001a8933ae328: 8bf1 48bb | 90ce 14ec | a801 0000 | 4883 8310 | 0100 0001 

  0x000001a8933ae33c: ;   {metadata(method data for {method} {0x000001a8aa0556a0} 'remaining' '()I' in 'java/nio/Buffer')}
  0x000001a8933ae33c: 48be 9048 | 20eb a801 | 0000 8b9e | cc00 0000 | 83c3 0289 | 9ecc 0000 | 0081 e3fe | ff1f 0083 
  0x000001a8933ae35c: fb00 0f84 | 830c 0000 | 418b 711c | 418b 5918 | 2bf3 83fe 

  0x000001a8933ae370: ;   {metadata(method data for {method} {0x000001a8aa0556a0} 'remaining' '()I' in 'java/nio/Buffer')}
  0x000001a8933ae370: 0048 bb90 | 4820 eba8 | 0100 0048 | b810 0100 | 0000 0000 | 000f 8e0a | 0000 0048 | b820 0100 
  0x000001a8933ae390: 0000 0000 | 0048 8b0c | 0348 8d49 | 0148 890c | 030f 8e15 

  0x000001a8933ae3a4: ;   {metadata(method data for {method} {0x000001a8aa0556a0} 'remaining' '()I' in 'java/nio/Buffer')}
  0x000001a8933ae3a4: 0000 0048 | bb90 4820 | eba8 0100 | 00ff 8330 | 0100 00e9 | 0500 0000 | be00 0000 | 0089 b424 
  0x000001a8933ae3c4: 9800 0000 

  0x000001a8933ae3c8: ;   {metadata(method data for {method} {0x000001a8aa43ce00} 'defineClass' '(Ljava/lang/String;Ljava/nio/ByteBuffer;Ljava/security/ProtectionDomain;)Ljava/lang/Class;' in 'java/lang/ClassLoader')}
  0x000001a8933ae3c8: 498b d948 | b890 ce14 | eca8 0100 | 008b 5b08 | 49ba 0000 | 00aa a801 | 0000 4903 | da48 3b98 
  0x000001a8933ae3e8: 5801 0000 | 750d 4883 | 8060 0100 | 0001 e960 | 0000 0048 | 3b98 6801 | 0000 750d | 4883 8070 
  0x000001a8933ae408: 0100 0001 | e94a 0000 | 0048 83b8 | 5801 0000 | 0075 1748 | 8998 5801 | 0000 48c7 | 8060 0100 
  0x000001a8933ae428: 0001 0000 | 00e9 2900 | 0000 4883 | b868 0100 | 0000 7517 | 4889 9868 | 0100 0048 | c780 7001 
  0x000001a8933ae448: 0000 0100 | 0000 e908 | 0000 0048 | 8380 4801 | 0000 0149 | 8bd1 0f1f | 8000 0000 | 0048 b868 
  0x000001a8933ae468: 6326 aaa8 

  0x000001a8933ae46c: ;   {virtual_call}
  0x000001a8933ae46c: 0100 00e8 

  0x000001a8933ae470: ; ImmutableOopMap {[120]=Oop [128]=Oop [136]=Oop [144]=Oop }
                      ;*invokevirtual isDirect {reexecute=0 rethrow=0 return_oop=0}
                      ; - java.lang.ClassLoader::defineClass@7 (line 1103)
  0x000001a8933ae470: 2c3e 1f07 

  0x000001a8933ae474: ;   {other}
  0x000001a8933ae474: 0f1f 8400 | e404 0000 

  0x000001a8933ae47c: ;   {metadata(method data for {method} {0x000001a8aa43ce00} 'defineClass' '(Ljava/lang/String;Ljava/nio/ByteBuffer;Ljava/security/ProtectionDomain;)Ljava/lang/Class;' in 'java/lang/ClassLoader')}
  0x000001a8933ae47c: 83f8 0049 | b890 ce14 | eca8 0100 | 0049 b980 | 0100 0000 | 0000 000f | 850a 0000 | 0049 b990 
  0x000001a8933ae49c: 0100 0000 | 0000 004b | 8b14 0848 | 8d52 014b | 8914 080f | 85bb 0200 | 004c 8b4c | 2478 4d8b 
  0x000001a8933ae4bc: ;   {metadata(method data for {method} {0x000001a8aa43ce00} 'defineClass' '(Ljava/lang/String;Ljava/nio/ByteBuffer;Ljava/security/ProtectionDomain;)Ljava/lang/Class;' in 'java/lang/ClassLoader')}
  0x000001a8933ae4bc: c148 ba90 | ce14 eca8 | 0100 0048 | 8382 a001 

  0x000001a8933ae4cc: ;   {metadata(method data for {method} {0x000001a8aa0c44c8} 'hasArray' '()Z' in 'java/nio/ByteBuffer')}
  0x000001a8933ae4cc: 0000 0149 | b8a0 f91f | eba8 0100 | 0041 8b90 | cc00 0000 | 83c2 0241 | 8990 cc00 | 0000 81e2 
  0x000001a8933ae4ec: feff 1f00 | 83fa 000f | 840f 0b00 | 0041 8b71 | 3048 c1e6 | 0348 89b4 | 24c0 0000 | 0048 83fe 
  0x000001a8933ae50c: ;   {metadata(method data for {method} {0x000001a8aa0c44c8} 'hasArray' '()Z' in 'java/nio/ByteBuffer')}
  0x000001a8933ae50c: 0049 b8a0 | f91f eba8 | 0100 0048 | ba10 0100 | 0000 0000 | 000f 840a | 0000 0048 | ba20 0100 
  0x000001a8933ae52c: 0000 0000 | 0049 8b3c | 1048 8d7f | 0149 893c | 100f 843f | 0000 0045 | 0fbe 412c | 4183 f800 
  0x000001a8933ae54c: ;   {metadata(method data for {method} {0x000001a8aa0c44c8} 'hasArray' '()Z' in 'java/nio/ByteBuffer')}
  0x000001a8933ae54c: 49b8 a0f9 | 1feb a801 | 0000 48ba | 4001 0000 | 0000 0000 | 0f84 0a00 | 0000 48ba | 3001 0000 
  0x000001a8933ae56c: 0000 0000 | 498b 3c10 | 488d 7f01 | 4989 3c10 | 0f84 0b00 | 0000 41b8 | 0000 0000 | e917 0000 
  0x000001a8933ae58c: ;   {metadata(method data for {method} {0x000001a8aa0c44c8} 'hasArray' '()Z' in 'java/nio/ByteBuffer')}
  0x000001a8933ae58c: 0049 b8a0 | f91f eba8 | 0100 0041 | ff80 5001 | 0000 41b8 | 0100 0000 | 4183 e001 | 4183 f800 
  0x000001a8933ae5ac: ;   {metadata(method data for {method} {0x000001a8aa43ce00} 'defineClass' '(Ljava/lang/String;Ljava/nio/ByteBuffer;Ljava/security/ProtectionDomain;)Ljava/lang/Class;' in 'java/lang/ClassLoader')}
  0x000001a8933ae5ac: 49b8 90ce | 14ec a801 | 0000 48ba | d801 0000 | 0000 0000 | 0f84 0a00 | 0000 48ba | e801 0000 
  0x000001a8933ae5cc: 0000 0000 | 498b 3c10 | 488d 7f01 | 4989 3c10 | 0f84 7805 | 0000 4d8b 

  0x000001a8933ae5e4: ;   {metadata(method data for {method} {0x000001a8aa43ce00} 'defineClass' '(Ljava/lang/String;Ljava/nio/ByteBuffer;Ljava/security/ProtectionDomain;)Ljava/lang/Class;' in 'java/lang/ClassLoader')}
  0x000001a8933ae5e4: c148 ba90 | ce14 eca8 | 0100 0048 | 8382 f801 

  0x000001a8933ae5f4: ;   {metadata(method data for {method} {0x000001a8aa0c5f40} 'array' '()[B' in 'java/nio/ByteBuffer')}
  0x000001a8933ae5f4: 0000 0149 | b870 ed1f | eba8 0100 | 0041 8b90 | cc00 0000 | 83c2 0241 | 8990 cc00 | 0000 81e2 
  0x000001a8933ae614: feff 1f00 | 83fa 000f | 8408 0a00 | 0048 83fe 

  0x000001a8933ae624: ;   {metadata(method data for {method} {0x000001a8aa0c5f40} 'array' '()[B' in 'java/nio/ByteBuffer')}
  0x000001a8933ae624: 0049 b870 | ed1f eba8 | 0100 0048 | ba20 0100 | 0000 0000 | 000f 840a | 0000 0048 | ba10 0100 
  0x000001a8933ae644: 0000 0000 | 0049 8b3c | 1048 8d7f | 0149 893c | 100f 84c6 | 0800 0045 | 0fbe 412c | 4183 f800 
  0x000001a8933ae664: ;   {metadata(method data for {method} {0x000001a8aa0c5f40} 'array' '()[B' in 'java/nio/ByteBuffer')}
  0x000001a8933ae664: 48ba 70ed | 1feb a801 | 0000 48bf | 5001 0000 | 0000 0000 | 0f85 0a00 | 0000 48bf | 4001 0000 
  0x000001a8933ae684: 0000 0000 | 488b 1c3a | 488d 5b01 | 4889 1c3a | 0f85 3708 | 0000 498b 

  0x000001a8933ae69c: ;   {metadata(method data for {method} {0x000001a8aa43ce00} 'defineClass' '(Ljava/lang/String;Ljava/nio/ByteBuffer;Ljava/security/ProtectionDomain;)Ljava/lang/Class;' in 'java/lang/ClassLoader')}
  0x000001a8933ae69c: d148 bf90 | ce14 eca8 | 0100 0048 | 8387 3002 | 0000 0141 | 8b79 1889 | bc24 9c00 | 0000 498b 
  0x000001a8933ae6bc: ;   {metadata(method data for {method} {0x000001a8aa43ce00} 'defineClass' '(Ljava/lang/String;Ljava/nio/ByteBuffer;Ljava/security/ProtectionDomain;)Ljava/lang/Class;' in 'java/lang/ClassLoader')}
  0x000001a8933ae6bc: d148 bb90 | ce14 eca8 | 0100 0048 | 8383 6802 

  0x000001a8933ae6cc: ;   {metadata(method data for {method} {0x000001a8aa0c4578} 'arrayOffset' '()I' in 'java/nio/ByteBuffer')}
  0x000001a8933ae6cc: 0000 0148 | bac8 c81f | eba8 0100 | 008b 9acc | 0000 0083 | c302 899a | cc00 0000 | 81e3 feff 
  0x000001a8933ae6ec: 1f00 83fb | 000f 8453 | 0900 0048 

  0x000001a8933ae6f8: ;   {metadata(method data for {method} {0x000001a8aa0c4578} 'arrayOffset' '()I' in 'java/nio/ByteBuffer')}
  0x000001a8933ae6f8: 83fe 0048 | bac8 c81f | eba8 0100 | 0048 bb20 | 0100 0000 | 0000 000f | 840a 0000 | 0048 bb10 
  0x000001a8933ae718: 0100 0000 | 0000 0048 | 8b04 1a48 | 8d40 0148 | 8904 1a0f | 8400 0700 | 0041 83f8 

  0x000001a8933ae734: ;   {metadata(method data for {method} {0x000001a8aa0c4578} 'arrayOffset' '()I' in 'java/nio/ByteBuffer')}
  0x000001a8933ae734: 0049 b8c8 | c81f eba8 | 0100 0048 | ba40 0100 | 0000 0000 | 000f 840a | 0000 0048 | ba50 0100 
  0x000001a8933ae754: 0000 0000 | 0049 8b1c | 1048 8d5b | 0149 891c | 100f 847f | 0300 00e9 | 7206 0000 | 488b 9424 
  0x000001a8933ae774: 8000 0000 

  0x000001a8933ae778: ;   {metadata(method data for {method} {0x000001a8aa43ce00} 'defineClass' '(Ljava/lang/String;Ljava/nio/ByteBuffer;Ljava/security/ProtectionDomain;)Ljava/lang/Class;' in 'java/lang/ClassLoader')}
  0x000001a8933ae778: 49b8 90ce | 14ec a801 | 0000 4983 | 8048 0300 | 0001 4c8b | 8424 8800 | 0000 4c8b | 8c24 9000 
  0x000001a8933ae798: 0000 488b | 9424 8000 | 0000 0f1f 

  0x000001a8933ae7a4: ;   {optimized virtual_call}
  0x000001a8933ae7a4: 4400 00e8 

  0x000001a8933ae7a8: ; ImmutableOopMap {[120]=Oop [128]=Oop [136]=Oop }
                      ;*invokevirtual preDefineClass {reexecute=0 rethrow=0 return_oop=0}
                      ; - java.lang.ClassLoader::defineClass@70 (line 1116)
  0x000001a8933ae7a8: f443 63ff 

  0x000001a8933ae7ac: ;   {other}
  0x000001a8933ae7ac: 0f1f 8400 | 1c08 0001 | 4889 8424 | a000 0000 | 488b 9424 | 8000 0000 

  0x000001a8933ae7c4: ;   {metadata(method data for {method} {0x000001a8aa43ce00} 'defineClass' '(Ljava/lang/String;Ljava/nio/ByteBuffer;Ljava/security/ProtectionDomain;)Ljava/lang/Class;' in 'java/lang/ClassLoader')}
  0x000001a8933ae7c4: 49b8 90ce | 14ec a801 | 0000 4983 | 8080 0300 

  0x000001a8933ae7d4: ;   {metadata(method data for {method} {0x000001a8aa43cb98} 'defineClassSourceLocation' '(Ljava/security/ProtectionDomain;)Ljava/lang/String;' in 'java/lang/ClassLoader')}
  0x000001a8933ae7d4: 0001 49b8 | 2874 1beb | a801 0000 | 418b 90cc | 0000 0083 | c202 4189 | 90cc 0000 | 0081 e2fe 
  0x000001a8933ae7f4: ff1f 0083 | fa00 0f84 | 6b08 0000 

  0x000001a8933ae800: ; implicit exception: dispatches to 0x000001a8933af08c
  0x000001a8933ae800: 483b 004c 

  0x000001a8933ae804: ;   {metadata(method data for {method} {0x000001a8aa43cb98} 'defineClassSourceLocation' '(Ljava/security/ProtectionDomain;)Ljava/lang/String;' in 'java/lang/ClassLoader')}
  0x000001a8933ae804: 8bc0 48ba | 2874 1beb | a801 0000 | 4883 8210 | 0100 0001 | 448b 4010 | 49c1 e003 | 4983 f800 
  0x000001a8933ae824: ;   {metadata(method data for {method} {0x000001a8aa43cb98} 'defineClassSourceLocation' '(Ljava/security/ProtectionDomain;)Ljava/lang/String;' in 'java/lang/ClassLoader')}
  0x000001a8933ae824: 48ba 2874 | 1beb a801 | 0000 48be | 5801 0000 | 0000 0000 | 0f85 0a00 | 0000 48be | 4801 0000 
  0x000001a8933ae844: 0000 0000 | 488b 3c32 | 488d 7f01 | 4889 3c32 | 0f85 0f00 

  0x000001a8933ae858: ;   {oop(nullptr)}
  0x000001a8933ae858: 0000 48bb | 0000 0000 | 0000 0000 | e9b6 0100 | 0049 3b00 

  0x000001a8933ae86c: ;   {metadata(method data for {method} {0x000001a8aa43cb98} 'defineClassSourceLocation' '(Ljava/security/ProtectionDomain;)Ljava/lang/String;' in 'java/lang/ClassLoader')}
  0x000001a8933ae86c: 498b d048 | be28 741b | eba8 0100 | 0048 8386 | 6801 0000 | 0141 8b50 | 0c48 c1e2 | 0348 83fa 
  0x000001a8933ae88c: ;   {metadata(method data for {method} {0x000001a8aa43cb98} 'defineClassSourceLocation' '(Ljava/security/ProtectionDomain;)Ljava/lang/String;' in 'java/lang/ClassLoader')}
  0x000001a8933ae88c: 0048 be28 | 741b eba8 | 0100 0048 | bfb0 0100 | 0000 0000 | 000f 850a | 0000 0048 | bfa0 0100 
  0x000001a8933ae8ac: 0000 0000 | 0048 8b1c | 3e48 8d5b | 0148 891c | 3e0f 850f 

  0x000001a8933ae8c0: ;   {oop(nullptr)}
  0x000001a8933ae8c0: 0000 0048 | bb00 0000 | 0000 0000 | 00e9 4d01 

  0x000001a8933ae8d0: ;   {metadata(method data for {method} {0x000001a8aa43cb98} 'defineClassSourceLocation' '(Ljava/security/ProtectionDomain;)Ljava/lang/String;' in 'java/lang/ClassLoader')}
  0x000001a8933ae8d0: 0000 48be | 2874 1beb | a801 0000 | 4883 86c0 | 0100 0001 

  0x000001a8933ae8e4: ; implicit exception: dispatches to 0x000001a8933af096
  0x000001a8933ae8e4: 483b 024c 

  0x000001a8933ae8e8: ;   {metadata(method data for {method} {0x000001a8aa43cb98} 'defineClassSourceLocation' '(Ljava/security/ProtectionDomain;)Ljava/lang/String;' in 'java/lang/ClassLoader')}
  0x000001a8933ae8e8: 8bc2 48be | 2874 1beb | a801 0000 | 4883 86f8 | 0100 0001 

  0x000001a8933ae8fc: ;   {metadata(method data for {method} {0x000001a8aa01aa98} 'toString' '()Ljava/lang/String;' in 'java/net/URL')}
  0x000001a8933ae8fc: 49b8 20f7 | 16eb a801 | 0000 418b | b0cc 0000 | 0083 c602 | 4189 b0cc | 0000 0081 | e6fe ff1f 
  0x000001a8933ae91c: 0083 fe00 | 0f84 7507 | 0000 4c8b 

  0x000001a8933ae928: ;   {metadata(method data for {method} {0x000001a8aa01aa98} 'toString' '()Ljava/lang/String;' in 'java/net/URL')}
  0x000001a8933ae928: c248 be20 | f716 eba8 | 0100 0048 | 8386 1001 

  0x000001a8933ae938: ;   {metadata(method data for {method} {0x000001a8aa4307b8} 'toExternalForm' '()Ljava/lang/String;' in 'java/net/URL')}
  0x000001a8933ae938: 0000 0149 | b8e0 a012 | eba8 0100 | 0041 8bb0 | cc00 0000 | 83c6 0241 | 89b0 cc00 | 0000 81e6 
  0x000001a8933ae958: feff 1f00 | 83fe 000f | 8457 0700 | 008b 7238 | 48c1 e603 

  0x000001a8933ae96c: ; implicit exception: dispatches to 0x000001a8933af0dd
  0x000001a8933ae96c: 483b 064c 

  0x000001a8933ae970: ;   {metadata(method data for {method} {0x000001a8aa4307b8} 'toExternalForm' '()Ljava/lang/String;' in 'java/net/URL')}
  0x000001a8933ae970: 8bc6 48bf | e0a0 12eb | a801 0000 | 458b 4008 | 49ba 0000 | 00aa a801 | 0000 4d03 | c24c 3b87 
  0x000001a8933ae990: 2001 0000 | 750d 4883 | 8728 0100 | 0001 e960 | 0000 004c | 3b87 3001 | 0000 750d | 4883 8738 
  0x000001a8933ae9b0: 0100 0001 | e94a 0000 | 0048 83bf | 2001 0000 | 0075 174c | 8987 2001 | 0000 48c7 | 8728 0100 
  0x000001a8933ae9d0: 0001 0000 | 00e9 2900 | 0000 4883 | bf30 0100 | 0000 7517 | 4c89 8730 | 0100 0048 | c787 3801 
  0x000001a8933ae9f0: 0000 0100 | 0000 e908 | 0000 0048 | 8387 1001 | 0000 014c | 8bc2 488b | d666 0f1f 

  0x000001a8933aea0c: ;   {optimized virtual_call}
  0x000001a8933aea0c: 4400 00e8 

  0x000001a8933aea10: ; ImmutableOopMap {[120]=Oop [128]=Oop [136]=Oop [160]=Oop }
                      ;*invokevirtual toExternalForm {reexecute=0 rethrow=0 return_oop=0}
                      ; - java.net.URL::toExternalForm@5 (line 1203)
                      ; - java.net.URL::toString@1 (line 1189)
                      ; - java.lang.ClassLoader::defineClassSourceLocation@22 (line 927)
                      ; - java.lang.ClassLoader::defineClass@76 (line 1117)
  0x000001a8933aea10: 8c72 55ff 

  0x000001a8933aea14: ;   {other}
  0x000001a8933aea14: 0f1f 8400 | 840a 0002 | 488b d848 | 8b84 24a0 | 0000 004c | 8b4c 2478 

  0x000001a8933aea2c: ;   {metadata(method data for {method} {0x000001a8aa43ce00} 'defineClass' '(Ljava/lang/String;Ljava/nio/ByteBuffer;Ljava/security/ProtectionDomain;)Ljava/lang/Class;' in 'java/lang/ClassLoader')}
  0x000001a8933aea2c: 498b d149 | b890 ce14 | eca8 0100 | 0049 8380 | b803 0000 | 0141 8b79 

  0x000001a8933aea44: ;   {metadata(method data for {method} {0x000001a8aa43ce00} 'defineClass' '(Ljava/lang/String;Ljava/nio/ByteBuffer;Ljava/security/ProtectionDomain;)Ljava/lang/Class;' in 'java/lang/ClassLoader')}
  0x000001a8933aea44: 1848 ba90 | ce14 eca8 | 0100 0048 | 8382 f003 | 0000 0148 | 8b94 2480 | 0000 004c | 8b84 2488 
  0x000001a8933aea64: 0000 008b | b424 9800 | 0000 488b | c848 891c 

  0x000001a8933aea74: ;   {static_call}
  0x000001a8933aea74: 2466 90e8 

  0x000001a8933aea78: ; ImmutableOopMap {[128]=Oop [160]=Oop }
                      ;*invokestatic defineClass2 {reexecute=0 rethrow=0 return_oop=0}
                      ; - java.lang.ClassLoader::defineClass@93 (line 1118)
  0x000001a8933aea78: e495 2107 

  0x000001a8933aea7c: ;   {other}
  0x000001a8933aea7c: 0f1f 8400 | ec0a 0003 | 488b 9424 | 8000 0000 

  0x000001a8933aea8c: ;   {metadata(method data for {method} {0x000001a8aa43ce00} 'defineClass' '(Ljava/lang/String;Ljava/nio/ByteBuffer;Ljava/security/ProtectionDomain;)Ljava/lang/Class;' in 'java/lang/ClassLoader')}
  0x000001a8933aea8c: 49b8 90ce | 14ec a801 | 0000 4983 | 8000 0400 | 0001 4c8b | c04c 8b8c | 24a0 0000 | 0048 8b94 
  0x000001a8933aeaac: 2480 0000 | 0048 8984 | 24a8 0000 | 0066 0f1f 

  0x000001a8933aeabc: ;   {optimized virtual_call}
  0x000001a8933aeabc: 4400 00e8 

  0x000001a8933aeac0: ; ImmutableOopMap {[168]=Oop }
                      ;*invokevirtual postDefineClass {reexecute=0 rethrow=0 return_oop=0}
                      ; - java.lang.ClassLoader::defineClass@102 (line 1119)
  0x000001a8933aeac0: dc92 63ff 

  0x000001a8933aeac4: ;   {other}
  0x000001a8933aeac4: 0f1f 8400 | 340b 0004 | 488b 8424 | a800 0000 | 4881 c4f0 | 0000 005d 

  0x000001a8933aeadc: ;   {poll_return}
  0x000001a8933aeadc: 493b a750 | 0400 000f | 87f9 0500 | 00c3 458b | 4128 488b | 9424 8000 

  0x000001a8933aeaf4: ;   {metadata(method data for {method} {0x000001a8aa43ce00} 'defineClass' '(Ljava/lang/String;Ljava/nio/ByteBuffer;Ljava/security/ProtectionDomain;)Ljava/lang/Class;' in 'java/lang/ClassLoader')}
  0x000001a8933aeaf4: 0000 49b9 | 90ce 14ec | a801 0000 | 4983 81a0 | 0200 0001 | 498b c803 | cf4c 8b84 | 2488 0000 
  0x000001a8933aeb14: 004c 8bce | 488b f98b | b424 9800 | 0000 488b | 8c24 9000 | 0000 488b | 9424 8000 | 0000 0f1f 
  0x000001a8933aeb34: ;   {optimized virtual_call}
  0x000001a8933aeb34: 4400 00e8 

  0x000001a8933aeb38: ; ImmutableOopMap {}
                      ;*invokevirtual defineClass {reexecute=0 rethrow=0 return_oop=0}
                      ; - java.lang.ClassLoader::defineClass@38 (line 1105)
  0x000001a8933aeb38: 4403 9e06 

  0x000001a8933aeb3c: ;   {other}
  0x000001a8933aeb3c: 0f1f 8400 | ac0b 0005 | 4881 c4f0 | 0000 005d 

  0x000001a8933aeb4c: ;   {poll_return}
  0x000001a8933aeb4c: 493b a750 | 0400 000f | 879f 0500 | 00c3 8b9c | 2498 0000 

  0x000001a8933aeb60: ;   {metadata({type array byte})}
  0x000001a8933aeb60: 0048 bac0 | 2200 aaa8 | 0100 0048 | 63db 488b | fb48 81fb | ffff ff00 | 0f87 9005 | 0000 48be 
  0x000001a8933aeb80: 1700 0000 | 0000 0000 | 488d 341e | 4883 e6f8 | 498b 87b8 | 0100 0048 | 8d34 3049 | 3bb7 c801 
  0x000001a8933aeba0: 0000 0f87 | 6605 0000 | 4989 b7b8 | 0100 0048 | 2bf0 48c7 | 0001 0000 | 0048 8bca | 49ba 0000 
  0x000001a8933aebc0: 00aa a801 | 0000 492b | ca89 4808 | 8958 0c48 | 83ee 1048 | 85f6 0f84 | 1100 0000 | 4833 db48 
  0x000001a8933aebe0: c1ee 0348 | 895c f008 | 48ff ce75 | f64d 8bc1 

  0x000001a8933aebf0: ;   {metadata(method data for {method} {0x000001a8aa43ce00} 'defineClass' '(Ljava/lang/String;Ljava/nio/ByteBuffer;Ljava/security/ProtectionDomain;)Ljava/lang/Class;' in 'java/lang/ClassLoader')}
  0x000001a8933aebf0: 48bf 90ce | 14ec a801 | 0000 458b | 4008 49ba | 0000 00aa | a801 0000 | 4d03 c24c | 3b87 e802 
  0x000001a8933aec10: 0000 750d | 4883 87f0 | 0200 0001 | e960 0000 | 004c 3b87 | f802 0000 | 750d 4883 | 8700 0300 
  0x000001a8933aec30: 0001 e94a | 0000 0048 | 83bf e802 | 0000 0075 | 174c 8987 | e802 0000 | 48c7 87f0 | 0200 0001 
  0x000001a8933aec50: 0000 00e9 | 2900 0000 | 4883 bff8 | 0200 0000 | 7517 4c89 | 87f8 0200 | 0048 c787 | 0003 0000 
  0x000001a8933aec70: 0100 0000 | e908 0000 | 0048 8387 | d802 0000 

  0x000001a8933aec80: ;   {metadata(method data for {method} {0x000001a8aa0c4838} 'get' '([B)Ljava/nio/ByteBuffer;' in 'java/nio/ByteBuffer')}
  0x000001a8933aec80: 0149 b820 | d314 eca8 | 0100 0041 | 8bb8 cc00 | 0000 83c7 | 0241 89b8 | cc00 0000 | 81e7 feff 
  0x000001a8933aeca0: 1f00 83ff | 000f 846d | 0400 008b | 780c 4d8b 

  0x000001a8933aecb0: ;   {metadata(method data for {method} {0x000001a8aa0c4838} 'get' '([B)Ljava/nio/ByteBuffer;' in 'java/nio/ByteBuffer')}
  0x000001a8933aecb0: c148 ba20 | d314 eca8 | 0100 0045 | 8b40 0849 | ba00 0000 | aaa8 0100 | 004d 03c2 | 4c3b 8220 
  0x000001a8933aecd0: 0100 0075 | 0d48 8382 | 2801 0000 | 01e9 6000 | 0000 4c3b | 8230 0100 | 0075 0d48 | 8382 3801 
  0x000001a8933aecf0: 0000 01e9 | 4a00 0000 | 4883 ba20 | 0100 0000 | 7517 4c89 | 8220 0100 | 0048 c782 | 2801 0000 
  0x000001a8933aed10: 0100 0000 | e929 0000 | 0048 83ba | 3001 0000 | 0075 174c | 8982 3001 | 0000 48c7 | 8238 0100 
  0x000001a8933aed30: 0001 0000 | 00e9 0800 | 0000 4883 | 8210 0100 | 0001 4c8b | c049 8bf1 | 41b9 0000 | 0000 488b 
  0x000001a8933aed50: d648 8984 | 24b0 0000 | 000f 1f40 | 0048 b8ff | ffff ffff 

  0x000001a8933aed64: ;   {virtual_call}
  0x000001a8933aed64: ffff ffe8 

  0x000001a8933aed68: ; ImmutableOopMap {[128]=Oop [136]=Oop [144]=Oop [176]=Oop }
                      ;*invokevirtual get {reexecute=0 rethrow=0 return_oop=0}
                      ; - java.nio.ByteBuffer::get@5 (line 855)
                      ; - java.lang.ClassLoader::defineClass@51 (line 1111)
  0x000001a8933aed68: 1406 9e06 

  0x000001a8933aed6c: ;   {other}
  0x000001a8933aed6c: 0f1f 8400 | dc0d 0006 | 488b 9424 | 8000 0000 

  0x000001a8933aed7c: ;   {metadata(method data for {method} {0x000001a8aa43ce00} 'defineClass' '(Ljava/lang/String;Ljava/nio/ByteBuffer;Ljava/security/ProtectionDomain;)Ljava/lang/Class;' in 'java/lang/ClassLoader')}
  0x000001a8933aed7c: 49b8 90ce | 14ec a801 | 0000 4983 | 8010 0300 | 0001 4c8b | 8424 8800 | 0000 4c8b | 8c24 b000 
  0x000001a8933aed9c: 0000 bf00 | 0000 008b | b424 9800 | 0000 488b | 8c24 9000 | 0000 488b | 9424 8000 | 0000 0f1f 
  0x000001a8933aedbc: ;   {optimized virtual_call}
  0x000001a8933aedbc: 4400 00e8 

  0x000001a8933aedc0: ; ImmutableOopMap {}
                      ;*invokevirtual defineClass {reexecute=0 rethrow=0 return_oop=0}
                      ; - java.lang.ClassLoader::defineClass@63 (line 1112)
  0x000001a8933aedc0: bc00 9e06 

  0x000001a8933aedc4: ;   {other}
  0x000001a8933aedc4: 0f1f 8400 | 340e 0007 | 4881 c4f0 | 0000 005d 

  0x000001a8933aedd4: ;   {poll_return}
  0x000001a8933aedd4: 493b a750 | 0400 000f | 8758 0300 | 00c3 660f | 1f44 0000 

  0x000001a8933aede8: ;   {no_reloc}
  0x000001a8933aede8: e971 0300 | 0000 0000 | 0000 e971 | 0300 0048 

  0x000001a8933aedf8: ;   {metadata(method data for {method} {0x000001a8aa0c4578} 'arrayOffset' '()I' in 'java/nio/ByteBuffer')}
  0x000001a8933aedf8: 8bd0 48bb | c8c8 1feb | a801 0000 | 4883 8360 | 0100 0001 | 488b d048 | 8984 24b8 

  0x000001a8933aee14: ;   {optimized virtual_call}
  0x000001a8933aee14: 0000 00e8 

  0x000001a8933aee18: ; ImmutableOopMap {[128]=Oop [136]=Oop [144]=Oop [184]=Oop [192]=Oop }
                      ;*invokespecial <init> {reexecute=0 rethrow=0 return_oop=0}
                      ; - java.nio.ByteBuffer::arrayOffset@26 (line 1535)
                      ; - java.lang.ClassLoader::defineClass@31 (line 1106)
  0x000001a8933aee18: 6400 9e06 

  0x000001a8933aee1c: ;   {other}
  0x000001a8933aee1c: 0f1f 8400 | 8c0e 0008 | 488b 8424 | b800 0000 | e9d3 0300 | 000f 1f80 | 0000 0000 

  0x000001a8933aee38: ;   {no_reloc}
  0x000001a8933aee38: e947 0300 | 0000 0000 | 0000 498b | 87b8 0100 | 0048 8d78 | 2849 3bbf | c801 0000 | 0f87 3403 
  0x000001a8933aee58: 0000 4989 | bfb8 0100 | 0048 c700 | 0100 0000 | 488b ca49 | ba00 0000 | aaa8 0100 | 0049 2bca 
  0x000001a8933aee78: 8948 0848 | 33c9 8948 | 0c48 33c9 | 4889 4810 | 4889 4818 | 4889 4820 

  0x000001a8933aee90: ;   {metadata(method data for {method} {0x000001a8aa0c4578} 'arrayOffset' '()I' in 'java/nio/ByteBuffer')}
  0x000001a8933aee90: 488b d048 | bec8 c81f | eba8 0100 | 0048 8386 | 3001 0000 | 0148 8bd0 | 4889 8424 | c800 0000 
  0x000001a8933aeeb0: 0f1f 8000 

  0x000001a8933aeeb4: ;   {optimized virtual_call}
  0x000001a8933aeeb4: 0000 00e8 

  0x000001a8933aeeb8: ; ImmutableOopMap {[128]=Oop [136]=Oop [144]=Oop [192]=Oop [200]=Oop }
                      ;*invokespecial <init> {reexecute=0 rethrow=0 return_oop=0}
                      ; - java.nio.ByteBuffer::arrayOffset@11 (line 1533)
                      ; - java.lang.ClassLoader::defineClass@31 (line 1106)
  0x000001a8933aeeb8: c4ff 9d06 

  0x000001a8933aeebc: ;   {other}
  0x000001a8933aeebc: 0f1f 8400 | 2c0f 0009 | 488b 8424 | c800 0000 | e933 0300 | 000f 1f80 | 0000 0000 

  0x000001a8933aeed8: ;   {no_reloc}
  0x000001a8933aeed8: e9cd 0200 | 0000 0000 | 0000 e9cd | 0200 0048 

  0x000001a8933aeee8: ;   {metadata(method data for {method} {0x000001a8aa0c5f40} 'array' '()[B' in 'java/nio/ByteBuffer')}
  0x000001a8933aeee8: 8bd0 48be | 70ed 1feb | a801 0000 | 4883 8660 | 0100 0001 | 488b d048 | 8984 24d0 

  0x000001a8933aef04: ;   {optimized virtual_call}
  0x000001a8933aef04: 0000 00e8 

  0x000001a8933aef08: ; ImmutableOopMap {[120]=Oop [128]=Oop [136]=Oop [144]=Oop [208]=Oop }
                      ;*invokespecial <init> {reexecute=0 rethrow=0 return_oop=0}
                      ; - java.nio.ByteBuffer::array@26 (line 1507)
                      ; - java.lang.ClassLoader::defineClass@23 (line 1105)
  0x000001a8933aef08: 74ff 9d06 

  0x000001a8933aef0c: ;   {other}
  0x000001a8933aef0c: 0f1f 8400 | 7c0f 000a | 488b 8424 | d000 0000 | e9e3 0200 | 000f 1f80 | 0000 0000 

  0x000001a8933aef28: ;   {no_reloc}
  0x000001a8933aef28: e9a3 0200 | 0000 0000 | 0000 498b | 87b8 0100 | 0048 8d78 | 2849 3bbf | c801 0000 | 0f87 9002 
  0x000001a8933aef48: 0000 4989 | bfb8 0100 | 0048 c700 | 0100 0000 | 488b ca49 | ba00 0000 | aaa8 0100 | 0049 2bca 
  0x000001a8933aef68: 8948 0848 | 33c9 8948 | 0c48 33c9 | 4889 4810 | 4889 4818 | 4889 4820 

  0x000001a8933aef80: ;   {metadata(method data for {method} {0x000001a8aa0c5f40} 'array' '()[B' in 'java/nio/ByteBuffer')}
  0x000001a8933aef80: 488b d048 | be70 ed1f | eba8 0100 | 0048 8386 | 3001 0000 | 0148 8bd0 | 4889 8424 | d800 0000 
  0x000001a8933aefa0: 0f1f 8000 

  0x000001a8933aefa4: ;   {optimized virtual_call}
  0x000001a8933aefa4: 0000 00e8 

  0x000001a8933aefa8: ; ImmutableOopMap {[120]=Oop [128]=Oop [136]=Oop [144]=Oop [216]=Oop }
                      ;*invokespecial <init> {reexecute=0 rethrow=0 return_oop=0}
                      ; - java.nio.ByteBuffer::array@11 (line 1505)
                      ; - java.lang.ClassLoader::defineClass@23 (line 1105)
  0x000001a8933aefa8: d4fe 9d06 

  0x000001a8933aefac: ;   {other}
  0x000001a8933aefac: 0f1f 8400 | 1c10 000b | 488b 8424 | d800 0000 | e943 0200 

  0x000001a8933aefc0: ;   {metadata({method} {0x000001a8aa43ce00} 'defineClass' '(Ljava/lang/String;Ljava/nio/ByteBuffer;Ljava/security/ProtectionDomain;)Ljava/lang/Class;' in 'java/lang/ClassLoader')}
  0x000001a8933aefc0: 0049 baf8 | cd43 aaa8 | 0100 004c | 8954 2408 | 48c7 0424 | ffff ffff 

  0x000001a8933aefd8: ;   {runtime_call counter_overflow Runtime1 stub}
  0x000001a8933aefd8: e823 b4ac 

  0x000001a8933aefdc: ; ImmutableOopMap {rdx=Oop r8=Oop r9=Oop rdi=Oop [120]=Oop [128]=Oop [136]=Oop [144]=Oop }
                      ;*synchronization entry
                      ; - java.lang.ClassLoader::defineClass@-1 (line 1100)
  0x000001a8933aefdc: 06e9 42f3 

  0x000001a8933aefe0: ;   {runtime_call throw_null_pointer_exception Runtime1 stub}
  0x000001a8933aefe0: ffff e8b9 

  0x000001a8933aefe4: ; ImmutableOopMap {rdx=Oop r8=Oop r9=Oop rdi=Oop [120]=Oop [128]=Oop [136]=Oop [144]=Oop }
                      ;*invokevirtual remaining {reexecute=0 rethrow=0 return_oop=0}
                      ; - java.lang.ClassLoader::defineClass@1 (line 1100)
                      ;   {metadata({method} {0x000001a8aa0556a0} 'remaining' '()I' in 'java/nio/Buffer')}
  0x000001a8933aefe4: 4eac 0649 | ba98 5605 | aaa8 0100 | 004c 8954 | 2408 48c7 | 0424 ffff 

  0x000001a8933aeffc: ;   {runtime_call counter_overflow Runtime1 stub}
  0x000001a8933aeffc: ffff e8fd 

  0x000001a8933af000: ; ImmutableOopMap {rdx=Oop r8=Oop r9=Oop rdi=Oop [120]=Oop [128]=Oop [136]=Oop [144]=Oop }
                      ;*synchronization entry
                      ; - java.nio.Buffer::remaining@-1 (line 521)
                      ; - java.lang.ClassLoader::defineClass@1 (line 1100)
  0x000001a8933af000: b3ac 06e9 | 5cf3 ffff 

  0x000001a8933af008: ;   {metadata({method} {0x000001a8aa0c44c8} 'hasArray' '()Z' in 'java/nio/ByteBuffer')}
  0x000001a8933af008: 49ba c044 | 0caa a801 | 0000 4c89 | 5424 0848 | c704 24ff 

  0x000001a8933af01c: ;   {runtime_call counter_overflow Runtime1 stub}
  0x000001a8933af01c: ffff ffe8 

  0x000001a8933af020: ; ImmutableOopMap {r9=Oop [120]=Oop [128]=Oop [136]=Oop [144]=Oop }
                      ;*synchronization entry
                      ; - java.nio.ByteBuffer::hasArray@-1 (line 1481)
                      ; - java.lang.ClassLoader::defineClass@14 (line 1104)
  0x000001a8933af020: dcb3 ac06 | e9d0 f4ff 

  0x000001a8933af028: ;   {metadata({method} {0x000001a8aa0c5f40} 'array' '()[B' in 'java/nio/ByteBuffer')}
  0x000001a8933af028: ff49 ba38 | 5f0c aaa8 | 0100 004c | 8954 2408 | 48c7 0424 | ffff ffff 

  0x000001a8933af040: ;   {runtime_call counter_overflow Runtime1 stub}
  0x000001a8933af040: e8bb b3ac 

  0x000001a8933af044: ; ImmutableOopMap {r9=Oop rsi=Oop [120]=Oop [128]=Oop [136]=Oop [144]=Oop [192]=Oop }
                      ;*synchronization entry
                      ; - java.nio.ByteBuffer::array@-1 (line 1504)
                      ; - java.lang.ClassLoader::defineClass@23 (line 1105)
  0x000001a8933af044: 06e9 d7f5 

  0x000001a8933af048: ;   {metadata({method} {0x000001a8aa0c4578} 'arrayOffset' '()I' in 'java/nio/ByteBuffer')}
  0x000001a8933af048: ffff 49ba | 7045 0caa | a801 0000 | 4c89 5424 | 0848 c704 | 24ff ffff 

  0x000001a8933af060: ;   {runtime_call counter_overflow Runtime1 stub}
  0x000001a8933af060: ffe8 9ab3 

  0x000001a8933af064: ; ImmutableOopMap {r9=Oop rsi=Oop [120]=Oop [128]=Oop [136]=Oop [144]=Oop [192]=Oop }
                      ;*synchronization entry
                      ; - java.nio.ByteBuffer::arrayOffset@-1 (line 1532)
                      ; - java.lang.ClassLoader::defineClass@31 (line 1106)
  0x000001a8933af064: ac06 e98c 

  0x000001a8933af068: ;   {metadata({method} {0x000001a8aa43cb98} 'defineClassSourceLocation' '(Ljava/security/ProtectionDomain;)Ljava/lang/String;' in 'java/lang/ClassLoader')}
  0x000001a8933af068: f6ff ff49 | ba90 cb43 | aaa8 0100 | 004c 8954 | 2408 48c7 | 0424 ffff 

  0x000001a8933af080: ;   {runtime_call counter_overflow Runtime1 stub}
  0x000001a8933af080: ffff e879 

  0x000001a8933af084: ; ImmutableOopMap {rax=Oop [120]=Oop [128]=Oop [136]=Oop [160]=Oop }
                      ;*synchronization entry
                      ; - java.lang.ClassLoader::defineClassSourceLocation@-1 (line 924)
                      ; - java.lang.ClassLoader::defineClass@76 (line 1117)
  0x000001a8933af084: b3ac 06e9 | 74f7 ffff 

  0x000001a8933af08c: ;   {runtime_call throw_null_pointer_exception Runtime1 stub}
  0x000001a8933af08c: e80f 4eac 

  0x000001a8933af090: ; ImmutableOopMap {rax=Oop [120]=Oop [128]=Oop [136]=Oop [160]=Oop }
                      ;*invokevirtual getCodeSource {reexecute=0 rethrow=0 return_oop=0}
                      ; - java.lang.ClassLoader::defineClassSourceLocation@1 (line 924)
                      ; - java.lang.ClassLoader::defineClass@76 (line 1117)
                      ;   {runtime_call throw_null_pointer_exception Runtime1 stub}
  0x000001a8933af090: 06e8 0a4e 

  0x000001a8933af094: ; ImmutableOopMap {rax=Oop r8=Oop [120]=Oop [128]=Oop [136]=Oop [160]=Oop }
                      ;*invokevirtual getLocation {reexecute=0 rethrow=0 return_oop=0}
                      ; - java.lang.ClassLoader::defineClassSourceLocation@12 (line 926)
                      ; - java.lang.ClassLoader::defineClass@76 (line 1117)
                      ;   {runtime_call throw_null_pointer_exception Runtime1 stub}
  0x000001a8933af094: ac06 e805 

  0x000001a8933af098: ; ImmutableOopMap {rdx=Oop [120]=Oop [128]=Oop [136]=Oop [160]=Oop }
                      ;*invokevirtual toString {reexecute=0 rethrow=0 return_oop=0}
                      ; - java.lang.ClassLoader::defineClassSourceLocation@22 (line 927)
                      ; - java.lang.ClassLoader::defineClass@76 (line 1117)
                      ;   {metadata({method} {0x000001a8aa01aa98} 'toString' '()Ljava/lang/String;' in 'java/net/URL')}
  0x000001a8933af098: 4eac 0649 | ba90 aa01 | aaa8 0100 | 004c 8954 | 2408 48c7 | 0424 ffff 

  0x000001a8933af0b0: ;   {runtime_call counter_overflow Runtime1 stub}
  0x000001a8933af0b0: ffff e849 

  0x000001a8933af0b4: ; ImmutableOopMap {rdx=Oop [120]=Oop [128]=Oop [136]=Oop [160]=Oop }
                      ;*synchronization entry
                      ; - java.net.URL::toString@-1 (line 1189)
                      ; - java.lang.ClassLoader::defineClassSourceLocation@22 (line 927)
                      ; - java.lang.ClassLoader::defineClass@76 (line 1117)
  0x000001a8933af0b4: b3ac 06e9 | 6af8 ffff 

  0x000001a8933af0bc: ;   {metadata({method} {0x000001a8aa4307b8} 'toExternalForm' '()Ljava/lang/String;' in 'java/net/URL')}
  0x000001a8933af0bc: 49ba b007 | 43aa a801 | 0000 4c89 | 5424 0848 | c704 24ff 

  0x000001a8933af0d0: ;   {runtime_call counter_overflow Runtime1 stub}
  0x000001a8933af0d0: ffff ffe8 

  0x000001a8933af0d4: ; ImmutableOopMap {rdx=Oop [120]=Oop [128]=Oop [136]=Oop [160]=Oop }
                      ;*synchronization entry
                      ; - java.net.URL::toExternalForm@-1 (line 1203)
                      ; - java.net.URL::toString@1 (line 1189)
                      ; - java.lang.ClassLoader::defineClassSourceLocation@22 (line 927)
                      ; - java.lang.ClassLoader::defineClass@76 (line 1117)
  0x000001a8933af0d4: 28b3 ac06 | e988 f8ff 

  0x000001a8933af0dc: ;   {runtime_call throw_null_pointer_exception Runtime1 stub}
  0x000001a8933af0dc: ffe8 be4d 

  0x000001a8933af0e0: ; ImmutableOopMap {rdx=Oop rsi=Oop [120]=Oop [128]=Oop [136]=Oop [160]=Oop }
                      ;*invokevirtual toExternalForm {reexecute=0 rethrow=0 return_oop=0}
                      ; - java.net.URL::toExternalForm@5 (line 1203)
                      ; - java.net.URL::toString@1 (line 1189)
                      ; - java.lang.ClassLoader::defineClassSourceLocation@22 (line 927)
                      ; - java.lang.ClassLoader::defineClass@76 (line 1117)
                      ;   {internal_word}
  0x000001a8933af0e0: ac06 49ba | dcea 3a93 | a801 0000 | 4d89 9768 

  0x000001a8933af0f0: ;   {runtime_call SafepointBlob}
  0x000001a8933af0f0: 0400 00e9 | 887a 9e06 

  0x000001a8933af0f8: ;   {internal_word}
  0x000001a8933af0f8: 49ba 4ceb | 3a93 a801 | 0000 4d89 | 9768 0400 

  0x000001a8933af108: ;   {runtime_call SafepointBlob}
  0x000001a8933af108: 00e9 727a 

  0x000001a8933af10c: ;   {runtime_call new_type_array Runtime1 stub}
  0x000001a8933af10c: 9e06 e86d 

  0x000001a8933af110: ; ImmutableOopMap {r9=Oop [120]=Oop [128]=Oop [136]=Oop [144]=Oop }
                      ;*newarray {reexecute=0 rethrow=0 return_oop=0}
                      ; - java.lang.ClassLoader::defineClass@44 (line 1110)
  0x000001a8933af110: 60ac 06e9 | d5fa ffff 

  0x000001a8933af118: ;   {metadata({method} {0x000001a8aa0c4838} 'get' '([B)Ljava/nio/ByteBuffer;' in 'java/nio/ByteBuffer')}
  0x000001a8933af118: 49ba 3048 | 0caa a801 | 0000 4c89 | 5424 0848 | c704 24ff 

  0x000001a8933af12c: ;   {runtime_call counter_overflow Runtime1 stub}
  0x000001a8933af12c: ffff ffe8 

  0x000001a8933af130: ; ImmutableOopMap {r9=Oop rax=Oop [120]=Oop [128]=Oop [136]=Oop [144]=Oop }
                      ;*synchronization entry
                      ; - java.nio.ByteBuffer::get@-1 (line 855)
                      ; - java.lang.ClassLoader::defineClass@51 (line 1111)
  0x000001a8933af130: ccb2 ac06 | e972 fbff 

  0x000001a8933af138: ;   {internal_word}
  0x000001a8933af138: ff49 bad4 | ed3a 93a8 | 0100 004d | 8997 6804 

  0x000001a8933af148: ;   {runtime_call SafepointBlob}
  0x000001a8933af148: 0000 e931 

  0x000001a8933af14c: ;   {metadata(nullptr)}
  0x000001a8933af14c: 7a9e 0648 | ba00 0000 | 0000 0000 | 00b8 000f 

  0x000001a8933af15c: ;   {runtime_call load_klass_patching Runtime1 stub}
  0x000001a8933af15c: 050a e81d 

  0x000001a8933af160: ; ImmutableOopMap {[128]=Oop [136]=Oop [144]=Oop [192]=Oop }
                      ;*new {reexecute=1 rethrow=0 return_oop=0}
                      ; - (reexecute) java.nio.ByteBuffer::arrayOffset@22 (line 1535)
                      ; - java.lang.ClassLoader::defineClass@31 (line 1106)
  0x000001a8933af160: 9fac 06e9 | 80fc ffff 

  0x000001a8933af168: ;   {runtime_call new_instance Runtime1 stub}
  0x000001a8933af168: 488b d2e8 

  0x000001a8933af16c: ; ImmutableOopMap {[128]=Oop [136]=Oop [144]=Oop [192]=Oop }
                      ;*new {reexecute=0 rethrow=0 return_oop=0}
                      ; - java.nio.ByteBuffer::arrayOffset@22 (line 1535)
                      ; - java.lang.ClassLoader::defineClass@31 (line 1106)
  0x000001a8933af16c: 1054 ac06 | e982 fcff 

  0x000001a8933af174: ;   {metadata(nullptr)}
  0x000001a8933af174: ff48 ba00 | 0000 0000 | 0000 00b8 | 000f 050a 

  0x000001a8933af184: ;   {runtime_call load_klass_patching Runtime1 stub}
  0x000001a8933af184: e8f7 9eac 

  0x000001a8933af188: ; ImmutableOopMap {[128]=Oop [136]=Oop [144]=Oop [192]=Oop }
                      ;*new {reexecute=1 rethrow=0 return_oop=0}
                      ; - (reexecute) java.nio.ByteBuffer::arrayOffset@7 (line 1533)
                      ; - java.lang.ClassLoader::defineClass@31 (line 1106)
  0x000001a8933af188: 06e9 aafc | ffff 488b 

  0x000001a8933af190: ;   {runtime_call fast_new_instance Runtime1 stub}
  0x000001a8933af190: d2e8 ea57 

  0x000001a8933af194: ; ImmutableOopMap {[128]=Oop [136]=Oop [144]=Oop [192]=Oop }
                      ;*new {reexecute=0 rethrow=0 return_oop=0}
                      ; - java.nio.ByteBuffer::arrayOffset@7 (line 1533)
                      ; - java.lang.ClassLoader::defineClass@31 (line 1106)
  0x000001a8933af194: ac06 e9f5 

  0x000001a8933af198: ;   {metadata(nullptr)}
  0x000001a8933af198: fcff ff48 | ba00 0000 | 0000 0000 | 00b8 000f 

  0x000001a8933af1a8: ;   {runtime_call load_klass_patching Runtime1 stub}
  0x000001a8933af1a8: 050a e8d1 

  0x000001a8933af1ac: ; ImmutableOopMap {[120]=Oop [128]=Oop [136]=Oop [144]=Oop }
                      ;*new {reexecute=1 rethrow=0 return_oop=0}
                      ; - (reexecute) java.nio.ByteBuffer::array@22 (line 1507)
                      ; - java.lang.ClassLoader::defineClass@23 (line 1105)
  0x000001a8933af1ac: 9eac 06e9 | 24fd ffff 

  0x000001a8933af1b4: ;   {runtime_call new_instance Runtime1 stub}
  0x000001a8933af1b4: 488b d2e8 

  0x000001a8933af1b8: ; ImmutableOopMap {[120]=Oop [128]=Oop [136]=Oop [144]=Oop }
                      ;*new {reexecute=0 rethrow=0 return_oop=0}
                      ; - java.nio.ByteBuffer::array@22 (line 1507)
                      ; - java.lang.ClassLoader::defineClass@23 (line 1105)
  0x000001a8933af1b8: c453 ac06 | e926 fdff 

  0x000001a8933af1c0: ;   {metadata(nullptr)}
  0x000001a8933af1c0: ff48 ba00 | 0000 0000 | 0000 00b8 | 000f 050a 

  0x000001a8933af1d0: ;   {runtime_call load_klass_patching Runtime1 stub}
  0x000001a8933af1d0: e8ab 9eac 

  0x000001a8933af1d4: ; ImmutableOopMap {[120]=Oop [128]=Oop [136]=Oop [144]=Oop }
                      ;*new {reexecute=1 rethrow=0 return_oop=0}
                      ; - (reexecute) java.nio.ByteBuffer::array@7 (line 1505)
                      ; - java.lang.ClassLoader::defineClass@23 (line 1105)
  0x000001a8933af1d4: 06e9 4efd | ffff 488b 

  0x000001a8933af1dc: ;   {runtime_call fast_new_instance Runtime1 stub}
  0x000001a8933af1dc: d2e8 9e57 

  0x000001a8933af1e0: ; ImmutableOopMap {[120]=Oop [128]=Oop [136]=Oop [144]=Oop }
                      ;*new {reexecute=0 rethrow=0 return_oop=0}
                      ; - java.nio.ByteBuffer::array@7 (line 1505)
                      ; - java.lang.ClassLoader::defineClass@23 (line 1105)
  0x000001a8933af1e0: ac06 e999 | fdff ff49 | 8b87 0005 | 0000 49c7 | 8700 0500 | 0000 0000 | 0049 c787 | 0805 0000 
  0x000001a8933af200: 0000 0000 | 4881 c4f0 | 0000 005d 

  0x000001a8933af20c: ;   {runtime_call unwind_exception Runtime1 stub}
  0x000001a8933af20c: e96f 3dac | 06f4 f4f4 | f4f4 f4f4 
[Stub Code]
  0x000001a8933af218: ;   {no_reloc}
  0x000001a8933af218: 0f1f 4400 

  0x000001a8933af21c: ;   {static_stub}
  0x000001a8933af21c: 0048 bb00 | 0000 0000 

  0x000001a8933af224: ;   {runtime_call}
  0x000001a8933af224: 0000 00e9 | fbff ffff 

  0x000001a8933af22c: ;   {static_stub}
  0x000001a8933af22c: 9048 bb00 | 0000 0000 

  0x000001a8933af234: ;   {runtime_call}
  0x000001a8933af234: 0000 00e9 | fbff ffff 

  0x000001a8933af23c: ;   {static_stub}
  0x000001a8933af23c: 9048 bb00 | 0000 0000 

  0x000001a8933af244: ;   {runtime_call}
  0x000001a8933af244: 0000 00e9 | fbff ffff 

  0x000001a8933af24c: ;   {static_stub}
  0x000001a8933af24c: 9048 bb00 | 0000 0000 

  0x000001a8933af254: ;   {runtime_call}
  0x000001a8933af254: 0000 00e9 | fbff ffff 

  0x000001a8933af25c: ;   {static_stub}
  0x000001a8933af25c: 9048 bb00 | 0000 0000 

  0x000001a8933af264: ;   {runtime_call}
  0x000001a8933af264: 0000 00e9 | fbff ffff 

  0x000001a8933af26c: ;   {static_stub}
  0x000001a8933af26c: 48bb 0000 | 0000 0000 

  0x000001a8933af274: ;   {runtime_call}
  0x000001a8933af274: 0000 e9fb 

  0x000001a8933af278: ;   {static_stub}
  0x000001a8933af278: ffff ff48 | bb00 0000 | 0000 0000 

  0x000001a8933af284: ;   {runtime_call}
  0x000001a8933af284: 00e9 fbff 

  0x000001a8933af288: ;   {static_stub}
  0x000001a8933af288: ffff 48bb | 0000 0000 | 0000 0000 

  0x000001a8933af294: ;   {runtime_call}
  0x000001a8933af294: e9fb ffff 

  0x000001a8933af298: ;   {static_stub}
  0x000001a8933af298: ff48 bb00 | 0000 0000 

  0x000001a8933af2a0: ;   {runtime_call}
  0x000001a8933af2a0: 0000 00e9 | fbff ffff 

  0x000001a8933af2a8: ;   {static_stub}
  0x000001a8933af2a8: 48bb 0000 | 0000 0000 

  0x000001a8933af2b0: ;   {runtime_call}
  0x000001a8933af2b0: 0000 e9fb 

  0x000001a8933af2b4: ;   {runtime_call handle_exception_from_callee Runtime1 stub}
  0x000001a8933af2b4: ffff ffe8 | c471 ac06 

  0x000001a8933af2bc: ;   {external_word}
  0x000001a8933af2bc: 48b9 0028 | b3ea fc7f | 0000 4883 

  0x000001a8933af2c8: ;   {runtime_call}
  0x000001a8933af2c8: e4f0 48b8 | e00f 7bea | fc7f 0000 

  0x000001a8933af2d4: ;   {section_word}
  0x000001a8933af2d4: ffd0 f449 | bad7 f23a | 93a8 0100 

  0x000001a8933af2e0: ;   {runtime_call DeoptimizationBlob}
  0x000001a8933af2e0: 0041 52e9 | 388d 9e06 
[/MachCode]


Compiled method (c1)   47077 5402       3       java.security.SecureClassLoader::defineClass (12 bytes)
 total in heap  [0x000001a8933bf990,0x000001a8933bfd78] = 1000
 relocation     [0x000001a8933bfaf0,0x000001a8933bfb40] = 80
 main code      [0x000001a8933bfb40,0x000001a8933bfc90] = 336
 stub code      [0x000001a8933bfc90,0x000001a8933bfce0] = 80
 metadata       [0x000001a8933bfce0,0x000001a8933bfce8] = 8
 scopes data    [0x000001a8933bfce8,0x000001a8933bfd20] = 56
 scopes pcs     [0x000001a8933bfd20,0x000001a8933bfd70] = 80
 dependencies   [0x000001a8933bfd70,0x000001a8933bfd78] = 8

[Constant Pool (empty)]

[MachCode]
[Entry Point]
  # {method} {0x000001a8aa04d7b8} 'defineClass' '(Ljava/lang/String;Ljava/nio/ByteBuffer;Ljava/security/CodeSource;)Ljava/lang/Class;' in 'java/security/SecureClassLoader'
  # this:     rdx:rdx   = 'java/security/SecureClassLoader'
  # parm0:    r8:r8     = 'java/lang/String'
  # parm1:    r9:r9     = 'java/nio/ByteBuffer'
  # parm2:    rdi:rdi   = 'java/security/CodeSource'
  #           [sp+0x60]  (sp of caller)
  0x000001a8933bfb40: 448b 5208 | 49bb 0000 | 00aa a801 | 0000 4d03 | d34c 3bd0 

  0x000001a8933bfb54: ;   {runtime_call ic_miss_stub}
  0x000001a8933bfb54: 0f85 26ee | 9c06 660f | 1f44 0000 
[Verified Entry Point]
  0x000001a8933bfb60: 8984 2400 | 80ff ff55 | 4883 ec50 | 4181 7f20 | 0100 0000 

  0x000001a8933bfb74: ;   {runtime_call StubRoutines (final stubs)}
  0x000001a8933bfb74: 7405 e885 

  0x000001a8933bfb78: ;   {metadata(method data for {method} {0x000001a8aa04d7b8} 'defineClass' '(Ljava/lang/String;Ljava/nio/ByteBuffer;Ljava/security/CodeSource;)Ljava/lang/Class;' in 'java/security/SecureClassLoader')}
  0x000001a8933bfb78: 669b 0648 | be48 e718 | eba8 0100 | 008b 9ecc | 0000 0083 | c302 899e | cc00 0000 | 81e3 fe07 
  0x000001a8933bfb98: 0000 83fb | 000f 848c | 0000 004c | 894c 2440 | 4c89 4424 | 3848 8bf2 

  0x000001a8933bfbb0: ;   {metadata(method data for {method} {0x000001a8aa04d7b8} 'defineClass' '(Ljava/lang/String;Ljava/nio/ByteBuffer;Ljava/security/CodeSource;)Ljava/lang/Class;' in 'java/security/SecureClassLoader')}
  0x000001a8933bfbb0: 48bb 48e7 | 18eb a801 | 0000 4883 | 8310 0100 | 0001 4c8b | c748 8bfa | 488b d748 | 897c 2430 
  0x000001a8933bfbd0: 0f1f 8000 

  0x000001a8933bfbd4: ;   {optimized virtual_call}
  0x000001a8933bfbd4: 0000 00e8 

  0x000001a8933bfbd8: ; ImmutableOopMap {[48]=Oop [56]=Oop [64]=Oop }
                      ;*invokevirtual getProtectionDomain {reexecute=0 rethrow=0 return_oop=0}
                      ; - java.security.SecureClassLoader::defineClass@5 (line 182)
  0x000001a8933bfbd8: c42e 60ff 

  0x000001a8933bfbdc: ;   {other}
  0x000001a8933bfbdc: 0f1f 8400 | 4c02 0000 | 488b 5424 

  0x000001a8933bfbe8: ;   {metadata(method data for {method} {0x000001a8aa04d7b8} 'defineClass' '(Ljava/lang/String;Ljava/nio/ByteBuffer;Ljava/security/CodeSource;)Ljava/lang/Class;' in 'java/security/SecureClassLoader')}
  0x000001a8933bfbe8: 3049 b848 | e718 eba8 | 0100 0049 | 8380 4801 | 0000 014c | 8b44 2438 | 4c8b 4c24 | 4048 8bf8 
  0x000001a8933bfc08: 488b 5424 

  0x000001a8933bfc0c: ;   {optimized virtual_call}
  0x000001a8933bfc0c: 3066 90e8 

  0x000001a8933bfc10: ; ImmutableOopMap {}
                      ;*invokevirtual defineClass {reexecute=0 rethrow=0 return_oop=0}
                      ; - java.security.SecureClassLoader::defineClass@8 (line 182)
  0x000001a8933bfc10: ace6 feff 

  0x000001a8933bfc14: ;   {other}
  0x000001a8933bfc14: 0f1f 8400 | 8402 0001 | 4883 c450 

  0x000001a8933bfc20: ;   {poll_return}
  0x000001a8933bfc20: 5d49 3ba7 | 5004 0000 | 0f87 2200 

  0x000001a8933bfc2c: ;   {metadata({method} {0x000001a8aa04d7b8} 'defineClass' '(Ljava/lang/String;Ljava/nio/ByteBuffer;Ljava/security/CodeSource;)Ljava/lang/Class;' in 'java/security/SecureClassLoader')}
  0x000001a8933bfc2c: 0000 c349 | bab0 d704 | aaa8 0100 | 004c 8954 | 2408 48c7 | 0424 ffff 

  0x000001a8933bfc44: ;   {runtime_call counter_overflow Runtime1 stub}
  0x000001a8933bfc44: ffff e8b5 

  0x000001a8933bfc48: ; ImmutableOopMap {rdx=Oop r8=Oop r9=Oop rdi=Oop }
                      ;*synchronization entry
                      ; - java.security.SecureClassLoader::defineClass@-1 (line 182)
  0x000001a8933bfc48: a7ab 06e9 | 53ff ffff 

  0x000001a8933bfc50: ;   {internal_word}
  0x000001a8933bfc50: 49ba 21fc | 3b93 a801 | 0000 4d89 | 9768 0400 

  0x000001a8933bfc60: ;   {runtime_call SafepointBlob}
  0x000001a8933bfc60: 00e9 1a6f | 9d06 498b | 8700 0500 | 0049 c787 | 0005 0000 | 0000 0000 | 49c7 8708 | 0500 0000 
  0x000001a8933bfc80: 0000 0048 | 83c4 505d 

  0x000001a8933bfc88: ;   {runtime_call unwind_exception Runtime1 stub}
  0x000001a8933bfc88: e9f3 32ab | 06f4 f4f4 
[Stub Code]
  0x000001a8933bfc90: ;   {no_reloc}
  0x000001a8933bfc90: 48bb 0000 | 0000 0000 

  0x000001a8933bfc98: ;   {runtime_call}
  0x000001a8933bfc98: 0000 e9fb 

  0x000001a8933bfc9c: ;   {static_stub}
  0x000001a8933bfc9c: ffff ff48 | bb00 0000 | 0000 0000 

  0x000001a8933bfca8: ;   {runtime_call}
  0x000001a8933bfca8: 00e9 fbff 

  0x000001a8933bfcac: ;   {runtime_call handle_exception_from_callee Runtime1 stub}
  0x000001a8933bfcac: ffff e8cd 

  0x000001a8933bfcb0: ;   {external_word}
  0x000001a8933bfcb0: 67ab 0648 | b900 28b3 | eafc 7f00 | 0048 83e4 

  0x000001a8933bfcc0: ;   {runtime_call}
  0x000001a8933bfcc0: f048 b8e0 | 0f7b eafc | 7f00 00ff 

  0x000001a8933bfccc: ;   {section_word}
  0x000001a8933bfccc: d0f4 49ba | cefc 3b93 | a801 0000 

  0x000001a8933bfcd8: ;   {runtime_call DeoptimizationBlob}
  0x000001a8933bfcd8: 4152 e941 | 839d 06f4 
[/MachCode]


---------------  P R O C E S S  ---------------

Threads class SMR info:
_java_thread_list=0x000001a8effb8560, length=12, elements={
0x000001a88824cb60, 0x000001a8a941b8f0, 0x000001a8a941d7b0, 0x000001a8a9420720,
0x000001a8a9421270, 0x000001a8a9421dc0, 0x000001a8a9423830, 0x000001a8a94245c0,
0x000001a8a942bf80, 0x000001a8a95dcfb0, 0x000001a8a95dd620, 0x000001a8ef9128a0
}

Java Threads: ( => current thread )
=>0x000001a88824cb60 JavaThread "main"                              [_thread_in_vm, id=23296, stack(0x000000a23cc00000,0x000000a23cd00000) (1024K)]
  0x000001a8a941b8f0 JavaThread "Reference Handler"          daemon [_thread_blocked, id=21616, stack(0x000000a23d400000,0x000000a23d500000) (1024K)]
  0x000001a8a941d7b0 JavaThread "Finalizer"                  daemon [_thread_blocked, id=3504, stack(0x000000a23d500000,0x000000a23d600000) (1024K)]
  0x000001a8a9420720 JavaThread "Signal Dispatcher"          daemon [_thread_blocked, id=24688, stack(0x000000a23d600000,0x000000a23d700000) (1024K)]
  0x000001a8a9421270 JavaThread "Attach Listener"            daemon [_thread_blocked, id=24288, stack(0x000000a23d700000,0x000000a23d800000) (1024K)]
  0x000001a8a9421dc0 JavaThread "Service Thread"             daemon [_thread_blocked, id=16220, stack(0x000000a23d800000,0x000000a23d900000) (1024K)]
  0x000001a8a9423830 JavaThread "Monitor Deflation Thread"   daemon [_thread_blocked, id=16368, stack(0x000000a23d900000,0x000000a23da00000) (1024K)]
  0x000001a8a94245c0 JavaThread "C2 CompilerThread0"         daemon [_thread_blocked, id=25316, stack(0x000000a23da00000,0x000000a23db00000) (1024K)]
  0x000001a8a942bf80 JavaThread "C1 CompilerThread0"         daemon [_thread_blocked, id=7220, stack(0x000000a23db00000,0x000000a23dc00000) (1024K)]
  0x000001a8a95dcfb0 JavaThread "Notification Thread"        daemon [_thread_blocked, id=22540, stack(0x000000a23dc00000,0x000000a23dd00000) (1024K)]
  0x000001a8a95dd620 JavaThread "Common-Cleaner"             daemon [_thread_blocked, id=10572, stack(0x000000a23dd00000,0x000000a23de00000) (1024K)]
  0x000001a8ef9128a0 JavaThread "Thread-1"                   daemon [_thread_blocked, id=9780, stack(0x000000a23de00000,0x000000a23df00000) (1024K)]
Total: 12

Other Threads:
  0x000001a8a93fdb60 VMThread "VM Thread"                           [id=21324, stack(0x000000a23d300000,0x000000a23d400000) (1024K)] _threads_hazard_ptr=0x000001a8effb8560
  0x000001a8a93e2c30 WatcherThread "VM Periodic Task Thread"        [id=25112, stack(0x000000a23d200000,0x000000a23d300000) (1024K)]
  0x000001a88a41f720 WorkerThread "GC Thread#0"                     [id=9896, stack(0x000000a23cd00000,0x000000a23ce00000) (1024K)]
  0x000001a8efa24c20 WorkerThread "GC Thread#1"                     [id=25008, stack(0x000000a23e000000,0x000000a23e100000) (1024K)]
  0x000001a8ef244e70 WorkerThread "GC Thread#2"                     [id=20472, stack(0x000000a23e100000,0x000000a23e200000) (1024K)]
  0x000001a8ef1e9710 WorkerThread "GC Thread#3"                     [id=21940, stack(0x000000a23e200000,0x000000a23e300000) (1024K)]
  0x000001a8ef1e9ab0 WorkerThread "GC Thread#4"                     [id=23108, stack(0x000000a23e300000,0x000000a23e400000) (1024K)]
  0x000001a8ef1e9e50 WorkerThread "GC Thread#5"                     [id=22960, stack(0x000000a23e400000,0x000000a23e500000) (1024K)]
  0x000001a8a96ce410 WorkerThread "GC Thread#6"                     [id=24984, stack(0x000000a23e500000,0x000000a23e600000) (1024K)]
  0x000001a8a96d07c0 WorkerThread "GC Thread#7"                     [id=6380, stack(0x000000a23e600000,0x000000a23e700000) (1024K)]
  0x000001a88a431260 ConcurrentGCThread "G1 Main Marker"            [id=24116, stack(0x000000a23ce00000,0x000000a23cf00000) (1024K)]
  0x000001a88a431d60 WorkerThread "G1 Conc#0"                       [id=23716, stack(0x000000a23cf00000,0x000000a23d000000) (1024K)]
  0x000001a88a47e990 ConcurrentGCThread "G1 Refine#0"               [id=8732, stack(0x000000a23d000000,0x000000a23d100000) (1024K)]
  0x000001a8a92b9a70 ConcurrentGCThread "G1 Service"                [id=25424, stack(0x000000a23d100000,0x000000a23d200000) (1024K)]
Total: 14

Threads with active compile tasks:
C2 CompilerThread0    47098 5359   !   4       jdk.internal.loader.BuiltinClassLoader::loadClassOrNull (143 bytes)
Total: 1

VM state: synchronizing (normal execution)

VM Mutex/Monitor currently owned by a thread:  ([mutex/lock_event])
[0x00007ffceadc8578] Metaspace_lock - owner thread: 0x000001a88824cb60
[0x00007ffceadca5f8] Threads_lock - owner thread: 0x000001a8a93fdb60

Heap address: 0x0000000704a00000, size: 4022 MB, Compressed Oops mode: Zero based, Oop shift amount: 3

CDS archive(s) mapped at: [0x000001a8aa000000-0x000001a8aac90000-0x000001a8aac90000), size 13172736, SharedBaseAddress: 0x000001a8aa000000, ArchiveRelocationMode: 1.
Compressed class space mapped at: 0x000001a8ab000000-0x000001a8eb000000, reserved size: 1073741824
Narrow klass base: 0x000001a8aa000000, Narrow klass shift: 0, Narrow klass range: 0x100000000

GC Precious Log:
 CardTable entry size: 512
 Card Set container configuration: InlinePtr #cards 4 size 8 Array Of Cards #cards 16 size 48 Howl #buckets 8 coarsen threshold 3686 Howl Bitmap #cards 512 size 80 coarsen threshold 460 Card regions per heap region 1 cards per card region 4096
 CPUs: 8 total, 8 available
 Memory: 16080M
 Large Page Support: Disabled
 NUMA Support: Disabled
 Compressed Oops: Enabled (Zero based)
 Heap Region Size: 2M
 Heap Min Capacity: 8M
 Heap Initial Capacity: 252M
 Heap Max Capacity: 4022M
 Pre-touch: Disabled
 Parallel Workers: 8
 Concurrent Workers: 2
 Concurrent Refinement Workers: 8
 Periodic GC: Disabled

Heap:
 garbage-first heap   total 258048K, used 109743K [0x0000000704a00000, 0x0000000800000000)
  region size 2048K, 34 young (69632K), 7 survivors (14336K)
 Metaspace       used 21149K, committed 21440K, reserved 1114112K
  class space    used 2431K, committed 2560K, reserved 1048576K

Heap Regions: E=young(eden), S=young(survivor), O=old, HS=humongous(starts), HC=humongous(continues), CS=collection set, F=free, TAMS=top-at-mark-start, PB=parsable bottom
|   0|0x0000000704a00000, 0x0000000704c00000, 0x0000000704c00000|100%| O|  |TAMS 0x0000000704a00000| PB 0x0000000704a00000| Untracked 
|   1|0x0000000704c00000, 0x0000000704d82028, 0x0000000704e00000| 75%| O|  |TAMS 0x0000000704c00000| PB 0x0000000704c00000| Untracked 
|   2|0x0000000704e00000, 0x0000000705000000, 0x0000000705000000|100%|HS|  |TAMS 0x0000000704e00000| PB 0x0000000704e00000| Complete 
|   3|0x0000000705000000, 0x0000000705200000, 0x0000000705200000|100%|HC|  |TAMS 0x0000000705000000| PB 0x0000000705000000| Complete 
|   4|0x0000000705200000, 0x0000000705400000, 0x0000000705400000|100%|HC|  |TAMS 0x0000000705200000| PB 0x0000000705200000| Complete 
|   5|0x0000000705400000, 0x0000000705600000, 0x0000000705600000|100%|HC|  |TAMS 0x0000000705400000| PB 0x0000000705400000| Complete 
|   6|0x0000000705600000, 0x0000000705800000, 0x0000000705800000|100%|HS|  |TAMS 0x0000000705600000| PB 0x0000000705600000| Complete 
|   7|0x0000000705800000, 0x0000000705a00000, 0x0000000705a00000|100%|HC|  |TAMS 0x0000000705800000| PB 0x0000000705800000| Complete 
|   8|0x0000000705a00000, 0x0000000705c00000, 0x0000000705c00000|100%|HC|  |TAMS 0x0000000705a00000| PB 0x0000000705a00000| Complete 
|   9|0x0000000705c00000, 0x0000000705e00000, 0x0000000705e00000|100%|HC|  |TAMS 0x0000000705c00000| PB 0x0000000705c00000| Complete 
|  10|0x0000000705e00000, 0x0000000706000000, 0x0000000706000000|100%|HC|  |TAMS 0x0000000705e00000| PB 0x0000000705e00000| Complete 
|  11|0x0000000706000000, 0x0000000706200000, 0x0000000706200000|100%|HC|  |TAMS 0x0000000706000000| PB 0x0000000706000000| Complete 
|  12|0x0000000706200000, 0x0000000706400000, 0x0000000706400000|100%|HS|  |TAMS 0x0000000706200000| PB 0x0000000706200000| Complete 
|  13|0x0000000706400000, 0x0000000706600000, 0x0000000706600000|100%|HC|  |TAMS 0x0000000706400000| PB 0x0000000706400000| Complete 
|  14|0x0000000706600000, 0x0000000706800000, 0x0000000706800000|100%|HC|  |TAMS 0x0000000706600000| PB 0x0000000706600000| Complete 
|  15|0x0000000706800000, 0x0000000706a00000, 0x0000000706a00000|100%|HC|  |TAMS 0x0000000706800000| PB 0x0000000706800000| Complete 
|  16|0x0000000706a00000, 0x0000000706c00000, 0x0000000706c00000|100%|HC|  |TAMS 0x0000000706a00000| PB 0x0000000706a00000| Complete 
|  17|0x0000000706c00000, 0x0000000706e00000, 0x0000000706e00000|100%|HC|  |TAMS 0x0000000706c00000| PB 0x0000000706c00000| Complete 
|  18|0x0000000706e00000, 0x0000000707000000, 0x0000000707000000|100%|HS|  |TAMS 0x0000000706e00000| PB 0x0000000706e00000| Complete 
|  19|0x0000000707000000, 0x0000000707200000, 0x0000000707200000|100%|HC|  |TAMS 0x0000000707000000| PB 0x0000000707000000| Complete 
|  20|0x0000000707200000, 0x0000000707400000, 0x0000000707400000|100%|HS|  |TAMS 0x0000000707200000| PB 0x0000000707200000| Complete 
|  21|0x0000000707400000, 0x0000000707600000, 0x0000000707600000|100%|HC|  |TAMS 0x0000000707400000| PB 0x0000000707400000| Complete 
|  22|0x0000000707600000, 0x0000000707600000, 0x0000000707800000|  0%| F|  |TAMS 0x0000000707600000| PB 0x0000000707600000| Untracked 
|  23|0x0000000707800000, 0x0000000707800000, 0x0000000707a00000|  0%| F|  |TAMS 0x0000000707800000| PB 0x0000000707800000| Untracked 
|  24|0x0000000707a00000, 0x0000000707a00000, 0x0000000707c00000|  0%| F|  |TAMS 0x0000000707a00000| PB 0x0000000707a00000| Untracked 
|  25|0x0000000707c00000, 0x0000000707c00000, 0x0000000707e00000|  0%| F|  |TAMS 0x0000000707c00000| PB 0x0000000707c00000| Untracked 
|  26|0x0000000707e00000, 0x0000000707e00000, 0x0000000708000000|  0%| F|  |TAMS 0x0000000707e00000| PB 0x0000000707e00000| Untracked 
|  27|0x0000000708000000, 0x0000000708000000, 0x0000000708200000|  0%| F|  |TAMS 0x0000000708000000| PB 0x0000000708000000| Untracked 
|  28|0x0000000708200000, 0x0000000708200000, 0x0000000708400000|  0%| F|  |TAMS 0x0000000708200000| PB 0x0000000708200000| Untracked 
|  29|0x0000000708400000, 0x0000000708400000, 0x0000000708600000|  0%| F|  |TAMS 0x0000000708400000| PB 0x0000000708400000| Untracked 
|  30|0x0000000708600000, 0x0000000708600000, 0x0000000708800000|  0%| F|  |TAMS 0x0000000708600000| PB 0x0000000708600000| Untracked 
|  31|0x0000000708800000, 0x0000000708800000, 0x0000000708a00000|  0%| F|  |TAMS 0x0000000708800000| PB 0x0000000708800000| Untracked 
|  32|0x0000000708a00000, 0x0000000708a00000, 0x0000000708c00000|  0%| F|  |TAMS 0x0000000708a00000| PB 0x0000000708a00000| Untracked 
|  33|0x0000000708c00000, 0x0000000708c00000, 0x0000000708e00000|  0%| F|  |TAMS 0x0000000708c00000| PB 0x0000000708c00000| Untracked 
|  34|0x0000000708e00000, 0x0000000708e00000, 0x0000000709000000|  0%| F|  |TAMS 0x0000000708e00000| PB 0x0000000708e00000| Untracked 
|  35|0x0000000709000000, 0x0000000709000000, 0x0000000709200000|  0%| F|  |TAMS 0x0000000709000000| PB 0x0000000709000000| Untracked 
|  36|0x0000000709200000, 0x0000000709200000, 0x0000000709400000|  0%| F|  |TAMS 0x0000000709200000| PB 0x0000000709200000| Untracked 
|  37|0x0000000709400000, 0x0000000709400000, 0x0000000709600000|  0%| F|  |TAMS 0x0000000709400000| PB 0x0000000709400000| Untracked 
|  38|0x0000000709600000, 0x0000000709600000, 0x0000000709800000|  0%| F|  |TAMS 0x0000000709600000| PB 0x0000000709600000| Untracked 
|  39|0x0000000709800000, 0x0000000709800000, 0x0000000709a00000|  0%| F|  |TAMS 0x0000000709800000| PB 0x0000000709800000| Untracked 
|  40|0x0000000709a00000, 0x0000000709a00000, 0x0000000709c00000|  0%| F|  |TAMS 0x0000000709a00000| PB 0x0000000709a00000| Untracked 
|  41|0x0000000709c00000, 0x0000000709c00000, 0x0000000709e00000|  0%| F|  |TAMS 0x0000000709c00000| PB 0x0000000709c00000| Untracked 
|  42|0x0000000709e00000, 0x0000000709e00000, 0x000000070a000000|  0%| F|  |TAMS 0x0000000709e00000| PB 0x0000000709e00000| Untracked 
|  43|0x000000070a000000, 0x000000070a000000, 0x000000070a200000|  0%| F|  |TAMS 0x000000070a000000| PB 0x000000070a000000| Untracked 
|  44|0x000000070a200000, 0x000000070a3a9e80, 0x000000070a400000| 83%| S|CS|TAMS 0x000000070a200000| PB 0x000000070a200000| Complete 
|  45|0x000000070a400000, 0x000000070a600000, 0x000000070a600000|100%| S|CS|TAMS 0x000000070a400000| PB 0x000000070a400000| Complete 
|  46|0x000000070a600000, 0x000000070a800000, 0x000000070a800000|100%| S|CS|TAMS 0x000000070a600000| PB 0x000000070a600000| Complete 
|  47|0x000000070a800000, 0x000000070aa00000, 0x000000070aa00000|100%| S|CS|TAMS 0x000000070a800000| PB 0x000000070a800000| Complete 
|  48|0x000000070aa00000, 0x000000070ac00000, 0x000000070ac00000|100%| S|CS|TAMS 0x000000070aa00000| PB 0x000000070aa00000| Complete 
|  49|0x000000070ac00000, 0x000000070ae00000, 0x000000070ae00000|100%| S|CS|TAMS 0x000000070ac00000| PB 0x000000070ac00000| Complete 
|  50|0x000000070ae00000, 0x000000070b000000, 0x000000070b000000|100%| S|CS|TAMS 0x000000070ae00000| PB 0x000000070ae00000| Complete 
|  51|0x000000070b000000, 0x000000070b000000, 0x000000070b200000|  0%| F|  |TAMS 0x000000070b000000| PB 0x000000070b000000| Untracked 
|  52|0x000000070b200000, 0x000000070b200000, 0x000000070b400000|  0%| F|  |TAMS 0x000000070b200000| PB 0x000000070b200000| Untracked 
|  53|0x000000070b400000, 0x000000070b400000, 0x000000070b600000|  0%| F|  |TAMS 0x000000070b400000| PB 0x000000070b400000| Untracked 
|  54|0x000000070b600000, 0x000000070b600000, 0x000000070b800000|  0%| F|  |TAMS 0x000000070b600000| PB 0x000000070b600000| Untracked 
|  55|0x000000070b800000, 0x000000070b800000, 0x000000070ba00000|  0%| F|  |TAMS 0x000000070b800000| PB 0x000000070b800000| Untracked 
|  56|0x000000070ba00000, 0x000000070ba00000, 0x000000070bc00000|  0%| F|  |TAMS 0x000000070ba00000| PB 0x000000070ba00000| Untracked 
|  57|0x000000070bc00000, 0x000000070bc00000, 0x000000070be00000|  0%| F|  |TAMS 0x000000070bc00000| PB 0x000000070bc00000| Untracked 
|  58|0x000000070be00000, 0x000000070be00000, 0x000000070c000000|  0%| F|  |TAMS 0x000000070be00000| PB 0x000000070be00000| Untracked 
|  59|0x000000070c000000, 0x000000070c000000, 0x000000070c200000|  0%| F|  |TAMS 0x000000070c000000| PB 0x000000070c000000| Untracked 
|  60|0x000000070c200000, 0x000000070c200000, 0x000000070c400000|  0%| F|  |TAMS 0x000000070c200000| PB 0x000000070c200000| Untracked 
|  61|0x000000070c400000, 0x000000070c400000, 0x000000070c600000|  0%| F|  |TAMS 0x000000070c400000| PB 0x000000070c400000| Untracked 
|  62|0x000000070c600000, 0x000000070c600000, 0x000000070c800000|  0%| F|  |TAMS 0x000000070c600000| PB 0x000000070c600000| Untracked 
|  63|0x000000070c800000, 0x000000070c800000, 0x000000070ca00000|  0%| F|  |TAMS 0x000000070c800000| PB 0x000000070c800000| Untracked 
|  64|0x000000070ca00000, 0x000000070ca00000, 0x000000070cc00000|  0%| F|  |TAMS 0x000000070ca00000| PB 0x000000070ca00000| Untracked 
|  65|0x000000070cc00000, 0x000000070cc00000, 0x000000070ce00000|  0%| F|  |TAMS 0x000000070cc00000| PB 0x000000070cc00000| Untracked 
|  66|0x000000070ce00000, 0x000000070ce00000, 0x000000070d000000|  0%| F|  |TAMS 0x000000070ce00000| PB 0x000000070ce00000| Untracked 
|  67|0x000000070d000000, 0x000000070d000000, 0x000000070d200000|  0%| F|  |TAMS 0x000000070d000000| PB 0x000000070d000000| Untracked 
|  68|0x000000070d200000, 0x000000070d200000, 0x000000070d400000|  0%| F|  |TAMS 0x000000070d200000| PB 0x000000070d200000| Untracked 
|  69|0x000000070d400000, 0x000000070d400000, 0x000000070d600000|  0%| F|  |TAMS 0x000000070d400000| PB 0x000000070d400000| Untracked 
|  70|0x000000070d600000, 0x000000070d600000, 0x000000070d800000|  0%| F|  |TAMS 0x000000070d600000| PB 0x000000070d600000| Untracked 
|  71|0x000000070d800000, 0x000000070d800000, 0x000000070da00000|  0%| F|  |TAMS 0x000000070d800000| PB 0x000000070d800000| Untracked 
|  72|0x000000070da00000, 0x000000070da00000, 0x000000070dc00000|  0%| F|  |TAMS 0x000000070da00000| PB 0x000000070da00000| Untracked 
|  73|0x000000070dc00000, 0x000000070dc00000, 0x000000070de00000|  0%| F|  |TAMS 0x000000070dc00000| PB 0x000000070dc00000| Untracked 
|  74|0x000000070de00000, 0x000000070de00000, 0x000000070e000000|  0%| F|  |TAMS 0x000000070de00000| PB 0x000000070de00000| Untracked 
|  75|0x000000070e000000, 0x000000070e000000, 0x000000070e200000|  0%| F|  |TAMS 0x000000070e000000| PB 0x000000070e000000| Untracked 
|  76|0x000000070e200000, 0x000000070e200000, 0x000000070e400000|  0%| F|  |TAMS 0x000000070e200000| PB 0x000000070e200000| Untracked 
|  77|0x000000070e400000, 0x000000070e400000, 0x000000070e600000|  0%| F|  |TAMS 0x000000070e400000| PB 0x000000070e400000| Untracked 
|  78|0x000000070e600000, 0x000000070e600000, 0x000000070e800000|  0%| F|  |TAMS 0x000000070e600000| PB 0x000000070e600000| Untracked 
|  79|0x000000070e800000, 0x000000070e800000, 0x000000070ea00000|  0%| F|  |TAMS 0x000000070e800000| PB 0x000000070e800000| Untracked 
|  80|0x000000070ea00000, 0x000000070ea00000, 0x000000070ec00000|  0%| F|  |TAMS 0x000000070ea00000| PB 0x000000070ea00000| Untracked 
|  81|0x000000070ec00000, 0x000000070ec00000, 0x000000070ee00000|  0%| F|  |TAMS 0x000000070ec00000| PB 0x000000070ec00000| Untracked 
|  82|0x000000070ee00000, 0x000000070ee00000, 0x000000070f000000|  0%| F|  |TAMS 0x000000070ee00000| PB 0x000000070ee00000| Untracked 
|  83|0x000000070f000000, 0x000000070f000000, 0x000000070f200000|  0%| F|  |TAMS 0x000000070f000000| PB 0x000000070f000000| Untracked 
|  84|0x000000070f200000, 0x000000070f200000, 0x000000070f400000|  0%| F|  |TAMS 0x000000070f200000| PB 0x000000070f200000| Untracked 
|  85|0x000000070f400000, 0x000000070f400000, 0x000000070f600000|  0%| F|  |TAMS 0x000000070f400000| PB 0x000000070f400000| Untracked 
|  86|0x000000070f600000, 0x000000070f600000, 0x000000070f800000|  0%| F|  |TAMS 0x000000070f600000| PB 0x000000070f600000| Untracked 
|  87|0x000000070f800000, 0x000000070f800000, 0x000000070fa00000|  0%| F|  |TAMS 0x000000070f800000| PB 0x000000070f800000| Untracked 
|  88|0x000000070fa00000, 0x000000070fa00000, 0x000000070fc00000|  0%| F|  |TAMS 0x000000070fa00000| PB 0x000000070fa00000| Untracked 
|  89|0x000000070fc00000, 0x000000070fc00000, 0x000000070fe00000|  0%| F|  |TAMS 0x000000070fc00000| PB 0x000000070fc00000| Untracked 
|  90|0x000000070fe00000, 0x000000070fe00000, 0x0000000710000000|  0%| F|  |TAMS 0x000000070fe00000| PB 0x000000070fe00000| Untracked 
|  91|0x0000000710000000, 0x0000000710000000, 0x0000000710200000|  0%| F|  |TAMS 0x0000000710000000| PB 0x0000000710000000| Untracked 
|  92|0x0000000710200000, 0x0000000710200000, 0x0000000710400000|  0%| F|  |TAMS 0x0000000710200000| PB 0x0000000710200000| Untracked 
|  93|0x0000000710400000, 0x0000000710400000, 0x0000000710600000|  0%| F|  |TAMS 0x0000000710400000| PB 0x0000000710400000| Untracked 
|  94|0x0000000710600000, 0x0000000710600000, 0x0000000710800000|  0%| F|  |TAMS 0x0000000710600000| PB 0x0000000710600000| Untracked 
|  95|0x0000000710800000, 0x0000000710800000, 0x0000000710a00000|  0%| F|  |TAMS 0x0000000710800000| PB 0x0000000710800000| Untracked 
|  96|0x0000000710a00000, 0x0000000710a00000, 0x0000000710c00000|  0%| F|  |TAMS 0x0000000710a00000| PB 0x0000000710a00000| Untracked 
|  97|0x0000000710c00000, 0x0000000710c00000, 0x0000000710e00000|  0%| F|  |TAMS 0x0000000710c00000| PB 0x0000000710c00000| Untracked 
|  98|0x0000000710e00000, 0x0000000710e00000, 0x0000000711000000|  0%| F|  |TAMS 0x0000000710e00000| PB 0x0000000710e00000| Untracked 
|  99|0x0000000711000000, 0x0000000711200000, 0x0000000711200000|100%| E|  |TAMS 0x0000000711000000| PB 0x0000000711000000| Complete 
| 100|0x0000000711200000, 0x0000000711400000, 0x0000000711400000|100%| E|CS|TAMS 0x0000000711200000| PB 0x0000000711200000| Complete 
| 101|0x0000000711400000, 0x0000000711600000, 0x0000000711600000|100%| E|CS|TAMS 0x0000000711400000| PB 0x0000000711400000| Complete 
| 102|0x0000000711600000, 0x0000000711800000, 0x0000000711800000|100%| E|CS|TAMS 0x0000000711600000| PB 0x0000000711600000| Complete 
| 103|0x0000000711800000, 0x0000000711a00000, 0x0000000711a00000|100%| E|CS|TAMS 0x0000000711800000| PB 0x0000000711800000| Complete 
| 104|0x0000000711a00000, 0x0000000711c00000, 0x0000000711c00000|100%| E|CS|TAMS 0x0000000711a00000| PB 0x0000000711a00000| Complete 
| 105|0x0000000711c00000, 0x0000000711e00000, 0x0000000711e00000|100%| E|CS|TAMS 0x0000000711c00000| PB 0x0000000711c00000| Complete 
| 106|0x0000000711e00000, 0x0000000712000000, 0x0000000712000000|100%| E|CS|TAMS 0x0000000711e00000| PB 0x0000000711e00000| Complete 
| 107|0x0000000712000000, 0x0000000712200000, 0x0000000712200000|100%| E|  |TAMS 0x0000000712000000| PB 0x0000000712000000| Complete 
| 108|0x0000000712200000, 0x0000000712400000, 0x0000000712400000|100%| E|CS|TAMS 0x0000000712200000| PB 0x0000000712200000| Complete 
| 109|0x0000000712400000, 0x0000000712600000, 0x0000000712600000|100%| E|CS|TAMS 0x0000000712400000| PB 0x0000000712400000| Complete 
| 110|0x0000000712600000, 0x0000000712800000, 0x0000000712800000|100%| E|CS|TAMS 0x0000000712600000| PB 0x0000000712600000| Complete 
| 111|0x0000000712800000, 0x0000000712a00000, 0x0000000712a00000|100%| E|CS|TAMS 0x0000000712800000| PB 0x0000000712800000| Complete 
| 112|0x0000000712a00000, 0x0000000712c00000, 0x0000000712c00000|100%| E|CS|TAMS 0x0000000712a00000| PB 0x0000000712a00000| Complete 
| 113|0x0000000712c00000, 0x0000000712e00000, 0x0000000712e00000|100%| E|CS|TAMS 0x0000000712c00000| PB 0x0000000712c00000| Complete 
| 114|0x0000000712e00000, 0x0000000713000000, 0x0000000713000000|100%| E|CS|TAMS 0x0000000712e00000| PB 0x0000000712e00000| Complete 
| 115|0x0000000713000000, 0x0000000713200000, 0x0000000713200000|100%| E|CS|TAMS 0x0000000713000000| PB 0x0000000713000000| Complete 
| 116|0x0000000713200000, 0x0000000713400000, 0x0000000713400000|100%| E|CS|TAMS 0x0000000713200000| PB 0x0000000713200000| Complete 
| 117|0x0000000713400000, 0x0000000713600000, 0x0000000713600000|100%| E|CS|TAMS 0x0000000713400000| PB 0x0000000713400000| Complete 
| 118|0x0000000713600000, 0x0000000713800000, 0x0000000713800000|100%| E|CS|TAMS 0x0000000713600000| PB 0x0000000713600000| Complete 
| 119|0x0000000713800000, 0x0000000713a00000, 0x0000000713a00000|100%| E|CS|TAMS 0x0000000713800000| PB 0x0000000713800000| Complete 
| 120|0x0000000713a00000, 0x0000000713c00000, 0x0000000713c00000|100%| E|CS|TAMS 0x0000000713a00000| PB 0x0000000713a00000| Complete 
| 121|0x0000000713c00000, 0x0000000713e00000, 0x0000000713e00000|100%| E|CS|TAMS 0x0000000713c00000| PB 0x0000000713c00000| Complete 
| 122|0x0000000713e00000, 0x0000000714000000, 0x0000000714000000|100%| E|CS|TAMS 0x0000000713e00000| PB 0x0000000713e00000| Complete 
| 123|0x0000000714000000, 0x0000000714200000, 0x0000000714200000|100%| E|CS|TAMS 0x0000000714000000| PB 0x0000000714000000| Complete 
| 124|0x0000000714200000, 0x0000000714400000, 0x0000000714400000|100%| E|CS|TAMS 0x0000000714200000| PB 0x0000000714200000| Complete 
| 125|0x0000000714400000, 0x0000000714600000, 0x0000000714600000|100%| E|CS|TAMS 0x0000000714400000| PB 0x0000000714400000| Complete 

Card table byte_map: [0x000001a8a2320000,0x000001a8a2b00000] _byte_map_base: 0x000001a89eafb000

Marking Bits: (CMBitMap*) 0x000001a88a41fe20
 Bits: [0x000001a8a2b00000, 0x000001a8a69d8000)

Polling page: 0x000001a888390000

Metaspace:

Usage:
  Non-class:     18.28 MB used.
      Class:      2.37 MB used.
       Both:     20.65 MB used.

Virtual space:
  Non-class space:       64.00 MB reserved,      18.44 MB ( 29%) committed,  1 nodes.
      Class space:        1.00 GB reserved,       2.50 MB ( <1%) committed,  1 nodes.
             Both:        1.06 GB reserved,      20.94 MB (  2%) committed. 

Chunk freelists:
   Non-Class:  12.92 MB
       Class:  13.41 MB
        Both:  26.33 MB

MaxMetaspaceSize: unlimited
CompressedClassSpaceSize: 1.00 GB
Initial GC threshold: 21.00 MB
Current GC threshold: 21.00 MB
CDS: on
 - commit_granule_bytes: 65536.
 - commit_granule_words: 8192.
 - virtual_space_node_default_size: 8388608.
 - enlarge_chunks_in_place: 1.
 - use_allocation_guard: 0.


Internal statistics:

num_allocs_failed_limit: 0.
num_arena_births: 204.
num_arena_deaths: 0.
num_vsnodes_births: 2.
num_vsnodes_deaths: 0.
num_space_committed: 335.
num_space_uncommitted: 0.
num_chunks_returned_to_freelist: 0.
num_chunks_taken_from_freelist: 939.
num_chunk_merges: 0.
num_chunk_splits: 655.
num_chunks_enlarged: 530.
num_inconsistent_stats: 0.

CodeHeap 'non-profiled nmethods': size=120000Kb used=2991Kb max_used=2991Kb free=117009Kb
 bounds [0x000001a89a2e0000, 0x000001a89a5d0000, 0x000001a8a1810000]
CodeHeap 'profiled nmethods': size=120000Kb used=11967Kb max_used=11967Kb free=108032Kb
 bounds [0x000001a892810000, 0x000001a8933c0000, 0x000001a899d40000]
CodeHeap 'non-nmethods': size=5760Kb used=1579Kb max_used=1601Kb free=4180Kb
 bounds [0x000001a899d40000, 0x000001a899fb0000, 0x000001a89a2e0000]
 total_blobs=5898 nmethods=5379 adapters=423
 compilation: enabled
              stopped_count=0, restarted_count=0
 full_count=0

Compilation events (20 events):
Event: 45.699 Thread 0x000001a8a942bf80 5391       3       java.lang.invoke.LambdaForm$Name::<init> (19 bytes)
Event: 45.700 Thread 0x000001a8a942bf80 nmethod 5391 0x000001a8933b5790 code [0x000001a8933b59c0, 0x000001a8933b60a0]
Event: 45.736 Thread 0x000001a8a942bf80 5394       3       java.nio.MappedByteBuffer::position (6 bytes)
Event: 45.736 Thread 0x000001a8a942bf80 nmethod 5394 0x000001a8933b6410 code [0x000001a8933b65c0, 0x000001a8933b67d0]
Event: 45.736 Thread 0x000001a8a942bf80 5395       3       jdk.internal.jimage.ImageLocation::decompress (116 bytes)
Event: 45.737 Thread 0x000001a8a942bf80 nmethod 5395 0x000001a8933b6910 code [0x000001a8933b6ba0, 0x000001a8933b7650]
Event: 45.737 Thread 0x000001a8a942bf80 5396       3       jdk.internal.jimage.ImageLocation::verify (38 bytes)
Event: 45.738 Thread 0x000001a8a942bf80 nmethod 5396 0x000001a8933b7a90 code [0x000001a8933b7ca0, 0x000001a8933b8258]
Event: 45.738 Thread 0x000001a8a942bf80 5397       3       java.nio.ByteBuffer::order (48 bytes)
Event: 45.738 Thread 0x000001a8a942bf80 nmethod 5397 0x000001a8933b8510 code [0x000001a8933b86c0, 0x000001a8933b8908]
Event: 45.738 Thread 0x000001a8a942bf80 5398   !   3       jdk.internal.loader.BuiltinClassLoader::defineClass (162 bytes)
Event: 45.743 Thread 0x000001a8a942bf80 nmethod 5398 0x000001a8933b8a10 code [0x000001a8933b8f00, 0x000001a8933bb728]
Event: 45.744 Thread 0x000001a8a942bf80 5399       3       jdk.internal.loader.BuiltinClassLoader$LoadedModule::codeSourceURL (32 bytes)
Event: 45.744 Thread 0x000001a8a942bf80 nmethod 5399 0x000001a8933bc890 code [0x000001a8933bca60, 0x000001a8933bcda0]
Event: 45.744 Thread 0x000001a8a942bf80 5400       3       java.nio.MappedByteBuffer::<init> (24 bytes)
Event: 45.745 Thread 0x000001a8a942bf80 nmethod 5400 0x000001a8933bcf10 code [0x000001a8933bd0c0, 0x000001a8933bd278]
Event: 45.745 Thread 0x000001a8a942bf80 5401   !   3       jdk.internal.jimage.BasicImageReader::getResourceBuffer (203 bytes)
Event: 45.747 Thread 0x000001a8a942bf80 nmethod 5401 0x000001a8933bd310 code [0x000001a8933bd720, 0x000001a8933beee8]
Event: 45.779 Thread 0x000001a8a942bf80 5402       3       java.security.SecureClassLoader::defineClass (12 bytes)
Event: 45.779 Thread 0x000001a8a942bf80 nmethod 5402 0x000001a8933bf990 code [0x000001a8933bfb40, 0x000001a8933bfce0]

GC Heap History (6 events):
Event: 5.518 GC heap before
{Heap before GC invocations=0 (full 0):
 garbage-first heap   total 258048K, used 22528K [0x0000000704a00000, 0x0000000800000000)
  region size 2048K, 11 young (22528K), 0 survivors (0K)
 Metaspace       used 5600K, committed 5760K, reserved 1114112K
  class space    used 653K, committed 768K, reserved 1048576K
}
Event: 6.037 GC heap after
{Heap after GC invocations=1 (full 0):
 garbage-first heap   total 258048K, used 3754K [0x0000000704a00000, 0x0000000800000000)
  region size 2048K, 2 young (4096K), 2 survivors (4096K)
 Metaspace       used 5600K, committed 5760K, reserved 1114112K
  class space    used 653K, committed 768K, reserved 1048576K
}
Event: 8.830 GC heap before
{Heap before GC invocations=1 (full 0):
 garbage-first heap   total 258048K, used 34474K [0x0000000704a00000, 0x0000000800000000)
  region size 2048K, 17 young (34816K), 2 survivors (4096K)
 Metaspace       used 9464K, committed 9664K, reserved 1114112K
  class space    used 1123K, committed 1216K, reserved 1048576K
}
Event: 8.838 GC heap after
{Heap after GC invocations=2 (full 0):
 garbage-first heap   total 258048K, used 5357K [0x0000000704a00000, 0x0000000800000000)
  region size 2048K, 1 young (2048K), 1 survivors (2048K)
 Metaspace       used 9464K, committed 9664K, reserved 1114112K
  class space    used 1123K, committed 1216K, reserved 1048576K
}
Event: 36.658 GC heap before
{Heap before GC invocations=2 (full 0):
 garbage-first heap   total 258048K, used 156909K [0x0000000704a00000, 0x0000000800000000)
  region size 2048K, 75 young (153600K), 1 survivors (2048K)
 Metaspace       used 16554K, committed 16832K, reserved 1114112K
  class space    used 1884K, committed 1984K, reserved 1048576K
}
Event: 36.684 GC heap after
{Heap after GC invocations=3 (full 0):
 garbage-first heap   total 258048K, used 17583K [0x0000000704a00000, 0x0000000800000000)
  region size 2048K, 7 young (14336K), 7 survivors (14336K)
 Metaspace       used 16554K, committed 16832K, reserved 1114112K
  class space    used 1884K, committed 1984K, reserved 1048576K
}

Dll operation events (8 events):
Event: 0.014 Loaded shared library D:\jdk21\bin\java.dll
Event: 0.334 Loaded shared library D:\jdk21\bin\jsvml.dll
Event: 0.361 Loaded shared library D:\jdk21\bin\net.dll
Event: 0.365 Loaded shared library D:\jdk21\bin\nio.dll
Event: 0.375 Loaded shared library D:\jdk21\bin\zip.dll
Event: 1.839 Loaded shared library C:\Users\ASUS\.m2\wrapper\dists\apache-maven-3.9.15\0226a00282e400185496f3b60ec5a3f029cbdc6893912937d4876d57695224e1\lib\jansi-native\Windows\x86_64\jansi.dll
Event: 1.842 Loaded shared library D:\jdk21\bin\jimage.dll
Event: 2.127 Loaded shared library D:\jdk21\bin\verify.dll

Deoptimization events (20 events):
Event: 44.947 Thread 0x000001a88824cb60 Uncommon trap: trap_request=0xffffff45 fr.pc=0x000001a89a5bb8ac relative=0x000000000000020c
Event: 44.947 Thread 0x000001a88824cb60 Uncommon trap: reason=unstable_if action=reinterpret pc=0x000001a89a5bb8ac method=jdk.nio.zipfs.ZipFileSystem$IndexNode.normalize([B)[B @ 66 c2
Event: 44.947 Thread 0x000001a88824cb60 DEOPT PACKING pc=0x000001a89a5bb8ac sp=0x000000a23ccfc600
Event: 44.947 Thread 0x000001a88824cb60 DEOPT UNPACKING pc=0x000001a899d97da2 sp=0x000000a23ccfc568 mode 2
Event: 45.145 Thread 0x000001a88824cb60 Uncommon trap: trap_request=0xffffff45 fr.pc=0x000001a89a5be66c relative=0x000000000000022c
Event: 45.145 Thread 0x000001a88824cb60 Uncommon trap: reason=unstable_if action=reinterpret pc=0x000001a89a5be66c method=java.util.Arrays.hashCode([B)I @ 8 c2
Event: 45.145 Thread 0x000001a88824cb60 DEOPT PACKING pc=0x000001a89a5be66c sp=0x000000a23ccfc620
Event: 45.145 Thread 0x000001a88824cb60 DEOPT UNPACKING pc=0x000001a899d97da2 sp=0x000000a23ccfc5b8 mode 2
Event: 45.233 Thread 0x000001a88824cb60 Uncommon trap: trap_request=0xffffff45 fr.pc=0x000001a89a586708 relative=0x0000000000001148
Event: 45.233 Thread 0x000001a88824cb60 Uncommon trap: reason=unstable_if action=reinterpret pc=0x000001a89a586708 method=java.lang.String.<init>(Ljava/nio/charset/Charset;[BII)V @ 34 c2
Event: 45.233 Thread 0x000001a88824cb60 DEOPT PACKING pc=0x000001a89a586708 sp=0x000000a23ccfc870
Event: 45.233 Thread 0x000001a88824cb60 DEOPT UNPACKING pc=0x000001a899d97da2 sp=0x000000a23ccfc810 mode 2
Event: 45.245 Thread 0x000001a88824cb60 Uncommon trap: trap_request=0xffffffde fr.pc=0x000001a89a58752c relative=0x000000000000016c
Event: 45.245 Thread 0x000001a88824cb60 Uncommon trap: reason=class_check action=maybe_recompile pc=0x000001a89a58752c method=java.util.stream.StreamOpFlag.fromCharacteristics(Ljava/util/Spliterator;)I @ 14 c2
Event: 45.245 Thread 0x000001a88824cb60 DEOPT PACKING pc=0x000001a89a58752c sp=0x000000a23ccfd640
Event: 45.245 Thread 0x000001a88824cb60 DEOPT UNPACKING pc=0x000001a899d97da2 sp=0x000000a23ccfd590 mode 2
Event: 45.254 Thread 0x000001a88824cb60 Uncommon trap: trap_request=0xffffff45 fr.pc=0x000001a89a5be010 relative=0x00000000000000f0
Event: 45.254 Thread 0x000001a88824cb60 Uncommon trap: reason=unstable_if action=reinterpret pc=0x000001a89a5be010 method=jdk.nio.zipfs.ZipConstants.pkSigAt([BIII)Z @ 5 c2
Event: 45.254 Thread 0x000001a88824cb60 DEOPT PACKING pc=0x000001a89a5be010 sp=0x000000a23ccfd570
Event: 45.254 Thread 0x000001a88824cb60 DEOPT UNPACKING pc=0x000001a899d97da2 sp=0x000000a23ccfd518 mode 2

Classes loaded (20 events):
Event: 44.773 Loading class sun/nio/fs/AbstractAclFileAttributeView done
Event: 44.773 Loading class sun/nio/fs/WindowsAclFileAttributeView done
Event: 44.774 Loading class sun/nio/fs/WindowsSecurity
Event: 44.774 Loading class sun/nio/fs/WindowsSecurity done
Event: 44.775 Loading class sun/nio/fs/WindowsFileStore
Event: 44.775 Loading class sun/nio/fs/WindowsFileStore done
Event: 44.784 Loading class java/nio/file/attribute/PosixFileAttributeView
Event: 44.785 Loading class java/nio/file/attribute/PosixFileAttributeView done
Event: 45.230 Loading class java/nio/file/ClosedDirectoryStreamException
Event: 45.231 Loading class java/nio/file/ClosedDirectoryStreamException done
Event: 45.231 Loading class java/nio/file/DirectoryIteratorException
Event: 45.231 Loading class java/nio/file/DirectoryIteratorException done
Event: 45.244 Loading class java/util/TreeMap$KeySpliterator
Event: 45.245 Loading class java/util/TreeMap$TreeMapSpliterator
Event: 45.245 Loading class java/util/TreeMap$TreeMapSpliterator done
Event: 45.245 Loading class java/util/TreeMap$KeySpliterator done
Event: 45.578 Loading class java/util/regex/PatternSyntaxException
Event: 45.578 Loading class java/util/regex/PatternSyntaxException done
Event: 45.645 Loading class sun/nio/fs/WindowsException
Event: 45.645 Loading class sun/nio/fs/WindowsException done

Classes unloaded (0 events):
No events

Classes redefined (0 events):
No events

Internal exceptions (20 events):
Event: 14.360 Thread 0x000001a88824cb60 Exception <a 'java/lang/NoSuchMethodError'{0x0000000712a31070}: 'java.lang.Object java.lang.invoke.DirectMethodHandle$Holder.invokeStatic(java.lang.Object, java.lang.Object, java.lang.Object, java.lang.Object, int)'> (0x0000000712a31070) 
thrown [s\open\src\hotspot\share\interpreter\linkResolver.cpp, line 773]
Event: 14.382 Thread 0x000001a88824cb60 Exception <a 'java/lang/NoSuchMethodError'{0x0000000712a38e50}: 'void java.lang.invoke.DirectMethodHandle$Holder.invokeSpecial(java.lang.Object, java.lang.Object, java.lang.Object, int)'> (0x0000000712a38e50) 
thrown [s\open\src\hotspot\share\interpreter\linkResolver.cpp, line 773]
Event: 14.383 Thread 0x000001a88824cb60 Exception <a 'java/lang/NoSuchMethodError'{0x0000000712a3c510}: 'void java.lang.invoke.DelegatingMethodHandle$Holder.reinvoke_L(java.lang.Object, java.lang.Object, int)'> (0x0000000712a3c510) 
thrown [s\open\src\hotspot\share\interpreter\linkResolver.cpp, line 773]
Event: 22.307 Thread 0x000001a88824cb60 Implicit null exception at 0x000001a89a43c581 to 0x000001a89a43d914
Event: 22.308 Thread 0x000001a88824cb60 Implicit null exception at 0x000001a89a3a859b to 0x000001a89a3a8794
Event: 22.308 Thread 0x000001a88824cb60 Implicit null exception at 0x000001a89a40570d to 0x000001a89a405f98
Event: 22.310 Thread 0x000001a88824cb60 Exception <a 'java/lang/NoSuchMethodError'{0x0000000710bf1a78}: 'void java.lang.invoke.DirectMethodHandle$Holder.invokeStatic(java.lang.Object, java.lang.Object, java.lang.Object, java.lang.Object)'> (0x0000000710bf1a78) 
thrown [s\open\src\hotspot\share\interpreter\linkResolver.cpp, line 773]
Event: 22.357 Thread 0x000001a88824cb60 Exception <a 'java/lang/NoSuchMethodError'{0x0000000710870600}: 'int java.lang.invoke.DirectMethodHandle$Holder.invokeSpecialIFC(java.lang.Object, java.lang.Object, java.lang.Object, java.lang.Object)'> (0x0000000710870600) 
thrown [s\open\src\hotspot\share\interpreter\linkResolver.cpp, line 773]
Event: 35.902 Thread 0x000001a88824cb60 Implicit null exception at 0x000001a89a39933d to 0x000001a89a3993c1
Event: 36.916 Thread 0x000001a88824cb60 Exception <a 'java/lang/NoSuchMethodError'{0x000000071439f030}: 'java.lang.Object java.lang.invoke.DirectMethodHandle$Holder.newInvokeSpecial(java.lang.Object, java.lang.Object, java.lang.Object, java.lang.Object, java.lang.Object, java.lang.Object, java.lang.Object)'> (0x000000071439f030) 
thrown [s\open\src\hotspot\share\interpreter\linkResolver.cpp, line 773]
Event: 36.920 Thread 0x000001a88824cb60 Implicit null exception at 0x000001a89a4ff912 to 0x000001a89a500568
Event: 37.885 Thread 0x000001a88824cb60 Implicit null exception at 0x000001a89a4f9f13 to 0x000001a89a4fa70c
Event: 37.939 Thread 0x000001a88824cb60 Exception <a 'java/lang/NoSuchMethodError'{0x0000000713827b80}: 'int java.lang.invoke.DirectMethodHandle$Holder.invokeVirtual(java.lang.Object, java.lang.Object)'> (0x0000000713827b80) 
thrown [s\open\src\hotspot\share\interpreter\linkResolver.cpp, line 773]
Event: 38.179 Thread 0x000001a88824cb60 Exception <a 'java/lang/NoSuchMethodError'{0x000000071394f580}: 'void java.lang.invoke.Invokers$Holder.invokeExact_MT(java.lang.Object, java.lang.Object, int, java.lang.Object)'> (0x000000071394f580) 
thrown [s\open\src\hotspot\share\interpreter\linkResolver.cpp, line 773]
Event: 40.687 Thread 0x000001a88824cb60 Exception <a 'java/lang/IncompatibleClassChangeError'{0x0000000712810f98}: Found class java.lang.Object, but interface was expected> (0x0000000712810f98) 
thrown [s\open\src\hotspot\share\interpreter\linkResolver.cpp, line 840]
Event: 40.691 Thread 0x000001a88824cb60 Exception <a 'java/lang/NoSuchMethodError'{0x00000007128160a8}: 'void java.lang.invoke.DirectMethodHandle$Holder.invokeInterface(java.lang.Object, java.lang.Object, java.lang.Object)'> (0x00000007128160a8) 
thrown [s\open\src\hotspot\share\interpreter\linkResolver.cpp, line 773]
Event: 43.170 Thread 0x000001a88824cb60 Exception <a 'java/lang/NoSuchMethodError'{0x000000071260a020}: 'int java.lang.invoke.DirectMethodHandle$Holder.invokeInterface(java.lang.Object, java.lang.Object)'> (0x000000071260a020) 
thrown [s\open\src\hotspot\share\interpreter\linkResolver.cpp, line 773]
Event: 44.635 Thread 0x000001a88824cb60 Exception <a 'java/lang/NoSuchMethodError'{0x0000000711b425b0}: 'int java.lang.invoke.DirectMethodHandle$Holder.invokeVirtual(java.lang.Object, java.lang.Object, java.lang.Object)'> (0x0000000711b425b0) 
thrown [s\open\src\hotspot\share\interpreter\linkResolver.cpp, line 773]
Event: 44.644 Thread 0x000001a88824cb60 Exception <a 'java/lang/NoSuchMethodError'{0x0000000711b4f298}: 'int java.lang.invoke.DirectMethodHandle$Holder.invokeStaticInit(java.lang.Object, java.lang.Object, java.lang.Object)'> (0x0000000711b4f298) 
thrown [s\open\src\hotspot\share\interpreter\linkResolver.cpp, line 773]
Event: 45.645 Thread 0x000001a88824cb60 Exception <a 'sun/nio/fs/WindowsException'{0x00000007110e1258}> (0x00000007110e1258) 
thrown [s\open\src\hotspot\share\prims\jni.cpp, line 520]

ZGC Phase Switch (0 events):
No events

VM Operations (20 events):
Event: 41.496 Executing VM operation: HandshakeAllThreads (Deoptimize) done
Event: 42.497 Executing VM operation: Cleanup
Event: 42.497 Executing VM operation: Cleanup done
Event: 43.166 Executing VM operation: HandshakeAllThreads (Deoptimize)
Event: 43.166 Executing VM operation: HandshakeAllThreads (Deoptimize) done
Event: 43.330 Executing VM operation: HandshakeAllThreads (Deoptimize)
Event: 43.330 Executing VM operation: HandshakeAllThreads (Deoptimize) done
Event: 43.332 Executing VM operation: HandshakeAllThreads (Deoptimize)
Event: 43.332 Executing VM operation: HandshakeAllThreads (Deoptimize) done
Event: 44.336 Executing VM operation: Cleanup
Event: 44.336 Executing VM operation: Cleanup done
Event: 44.762 Executing VM operation: HandshakeAllThreads (Deoptimize)
Event: 44.762 Executing VM operation: HandshakeAllThreads (Deoptimize) done
Event: 44.768 Executing VM operation: HandshakeAllThreads (Deoptimize)
Event: 44.769 Executing VM operation: HandshakeAllThreads (Deoptimize) done
Event: 44.781 Executing VM operation: HandshakeAllThreads (Deoptimize)
Event: 44.781 Executing VM operation: HandshakeAllThreads (Deoptimize) done
Event: 44.784 Executing VM operation: HandshakeAllThreads (Deoptimize)
Event: 44.784 Executing VM operation: HandshakeAllThreads (Deoptimize) done
Event: 45.789 Executing VM operation: Cleanup

Events (20 events):
Event: 7.211 Thread 0x000001a8ef847830 Thread exited: 0x000001a8ef847830
Event: 11.178 Thread 0x000001a8ef539a60 Thread added: 0x000001a8ef539a60
Event: 11.358 Thread 0x000001a8ef539a60 Thread exited: 0x000001a8ef539a60
Event: 11.553 Thread 0x000001a8efe0eb60 Thread added: 0x000001a8efe0eb60
Event: 12.023 Thread 0x000001a8efe0eb60 Thread exited: 0x000001a8efe0eb60
Event: 12.810 Thread 0x000001a8ef9128a0 Thread added: 0x000001a8ef9128a0
Event: 14.223 Thread 0x000001a8ef527380 Thread added: 0x000001a8ef527380
Event: 17.272 Thread 0x000001a8ef527380 Thread exited: 0x000001a8ef527380
Event: 18.525 Thread 0x000001a8f010fa00 Thread added: 0x000001a8f010fa00
Event: 19.146 Thread 0x000001a8f010fa00 Thread exited: 0x000001a8f010fa00
Event: 20.171 Thread 0x000001a8efba9120 Thread added: 0x000001a8efba9120
Event: 20.502 Thread 0x000001a8efba9120 Thread exited: 0x000001a8efba9120
Event: 32.961 Thread 0x000001a8f0107700 Thread added: 0x000001a8f0107700
Event: 33.272 Thread 0x000001a8f0107700 Thread exited: 0x000001a8f0107700
Event: 40.195 Thread 0x000001a8f000ba60 Thread added: 0x000001a8f000ba60
Event: 40.638 Thread 0x000001a8f000ba60 Thread exited: 0x000001a8f000ba60
Event: 44.218 Thread 0x000001a8a9657d20 Thread added: 0x000001a8a9657d20
Event: 44.787 Thread 0x000001a8a9657d20 Thread exited: 0x000001a8a9657d20
Event: 44.967 Thread 0x000001a8a9657d20 Thread added: 0x000001a8a9657d20
Event: 45.147 Thread 0x000001a8a9657d20 Thread exited: 0x000001a8a9657d20


Dynamic libraries:
0x00007ff73b6d0000 - 0x00007ff73b6e0000 	D:\jdk21\bin\java.exe
0x00007ffd46c70000 - 0x00007ffd46e87000 	C:\WINDOWS\SYSTEM32\ntdll.dll
0x00007ffd44ff0000 - 0x00007ffd450b4000 	C:\WINDOWS\System32\KERNEL32.DLL
0x00007ffd43d60000 - 0x00007ffd44132000 	C:\WINDOWS\System32\KERNELBASE.dll
0x00007ffd446f0000 - 0x00007ffd44801000 	C:\WINDOWS\System32\ucrtbase.dll
0x00007ffd089d0000 - 0x00007ffd089e9000 	D:\jdk21\bin\jli.dll
0x00007ffd44ae0000 - 0x00007ffd44b91000 	C:\WINDOWS\System32\ADVAPI32.dll
0x00007ffd44a30000 - 0x00007ffd44ad7000 	C:\WINDOWS\System32\msvcrt.dll
0x00007ffd44e80000 - 0x00007ffd44f28000 	C:\WINDOWS\System32\sechost.dll
0x00007ffd44140000 - 0x00007ffd44168000 	C:\WINDOWS\System32\bcrypt.dll
0x00007ffd44900000 - 0x00007ffd44a14000 	C:\WINDOWS\System32\RPCRT4.dll
0x00007ffd15db0000 - 0x00007ffd15dcb000 	D:\jdk21\bin\VCRUNTIME140.dll
0x00007ffd45df0000 - 0x00007ffd45fa1000 	C:\WINDOWS\System32\USER32.dll
0x00007ffd2c810000 - 0x00007ffd2caab000 	C:\WINDOWS\WinSxS\amd64_microsoft.windows.common-controls_6595b64144ccf1df_6.0.22621.5547_none_27104afb73855772\COMCTL32.dll
0x00007ffd448d0000 - 0x00007ffd448f6000 	C:\WINDOWS\System32\win32u.dll
0x00007ffd44f30000 - 0x00007ffd44f59000 	C:\WINDOWS\System32\GDI32.dll
0x00007ffd444a0000 - 0x00007ffd445c3000 	C:\WINDOWS\System32\gdi32full.dll
0x00007ffd445d0000 - 0x00007ffd4466a000 	C:\WINDOWS\System32\msvcp_win.dll
0x00007ffd3ac70000 - 0x00007ffd3ac7a000 	C:\WINDOWS\SYSTEM32\VERSION.dll
0x00007ffd46770000 - 0x00007ffd467a1000 	C:\WINDOWS\System32\IMM32.DLL
0x00007ffd16920000 - 0x00007ffd1692c000 	D:\jdk21\bin\vcruntime140_1.dll
0x00007ffd08940000 - 0x00007ffd089ce000 	D:\jdk21\bin\msvcp140.dll
0x00007ffcea190000 - 0x00007ffceaea5000 	D:\jdk21\bin\server\jvm.dll
0x00007ffd454b0000 - 0x00007ffd45521000 	C:\WINDOWS\System32\WS2_32.dll
0x00007ffd43560000 - 0x00007ffd435ad000 	C:\WINDOWS\SYSTEM32\POWRPROF.dll
0x00007ffd3ad90000 - 0x00007ffd3adc4000 	C:\WINDOWS\SYSTEM32\WINMM.dll
0x00007ffd43510000 - 0x00007ffd43523000 	C:\WINDOWS\SYSTEM32\UMPDC.dll
0x00007ffd42d60000 - 0x00007ffd42d78000 	C:\WINDOWS\SYSTEM32\kernel.appcore.dll
0x00007ffd0a910000 - 0x00007ffd0a91a000 	D:\jdk21\bin\jimage.dll
0x00007ffd414b0000 - 0x00007ffd416e3000 	C:\WINDOWS\SYSTEM32\DBGHELP.DLL
0x00007ffd45fb0000 - 0x00007ffd46343000 	C:\WINDOWS\System32\combase.dll
0x00007ffd450e0000 - 0x00007ffd451b7000 	C:\WINDOWS\System32\OLEAUT32.dll
0x00007ffd15a90000 - 0x00007ffd15ac2000 	C:\WINDOWS\SYSTEM32\dbgcore.DLL
0x00007ffd44670000 - 0x00007ffd446eb000 	C:\WINDOWS\System32\bcryptPrimitives.dll
0x00007ffd088d0000 - 0x00007ffd088ef000 	D:\jdk21\bin\java.dll
0x00007ffd45530000 - 0x00007ffd45dd2000 	C:\WINDOWS\System32\SHELL32.dll
0x00007ffd44170000 - 0x00007ffd442af000 	C:\WINDOWS\System32\wintypes.dll
0x00007ffd41c40000 - 0x00007ffd4255d000 	C:\WINDOWS\SYSTEM32\windows.storage.dll
0x00007ffd46350000 - 0x00007ffd4645c000 	C:\WINDOWS\System32\SHCORE.dll
0x00007ffd44ba0000 - 0x00007ffd44c09000 	C:\WINDOWS\System32\shlwapi.dll
0x00007ffd43c90000 - 0x00007ffd43cbb000 	C:\WINDOWS\SYSTEM32\profapi.dll
0x00007ffcfa070000 - 0x00007ffcfa147000 	D:\jdk21\bin\jsvml.dll
0x00007ffd09b20000 - 0x00007ffd09b30000 	D:\jdk21\bin\net.dll
0x00007ffd3de60000 - 0x00007ffd3df8c000 	C:\WINDOWS\SYSTEM32\WINHTTP.dll
0x00007ffd43280000 - 0x00007ffd432e9000 	C:\WINDOWS\system32\mswsock.dll
0x00007ffd088b0000 - 0x00007ffd088c6000 	D:\jdk21\bin\nio.dll
0x00007ffd08890000 - 0x00007ffd088a8000 	D:\jdk21\bin\zip.dll
0x00007ffd21480000 - 0x00007ffd214a4000 	C:\Users\ASUS\.m2\wrapper\dists\apache-maven-3.9.15\0226a00282e400185496f3b60ec5a3f029cbdc6893912937d4876d57695224e1\lib\jansi-native\Windows\x86_64\jansi.dll
0x00007ffd098d0000 - 0x00007ffd098e0000 	D:\jdk21\bin\verify.dll

dbghelp: loaded successfully - version: 4.0.5 - missing functions: none
symbol engine: initialized successfully - sym options: 0x614 - pdb path: .;D:\jdk21\bin;C:\WINDOWS\SYSTEM32;C:\WINDOWS\WinSxS\amd64_microsoft.windows.common-controls_6595b64144ccf1df_6.0.22621.5547_none_27104afb73855772;D:\jdk21\bin\server;C:\Users\ASUS\.m2\wrapper\dists\apache-maven-3.9.15\0226a00282e400185496f3b60ec5a3f029cbdc6893912937d4876d57695224e1\lib\jansi-native\Windows\x86_64

VM Arguments:
jvm_args: --enable-native-access=ALL-UNNAMED -Dclassworlds.conf=C:\\Users\\ASUS\\.m2\\wrapper\\dists\\apache-maven-3.9.15\\0226a00282e400185496f3b60ec5a3f029cbdc6893912937d4876d57695224e1\\bin\\m2.conf -Dmaven.home=C:\\Users\\ASUS\\.m2\\wrapper\\dists\\apache-maven-3.9.15\\0226a00282e400185496f3b60ec5a3f029cbdc6893912937d4876d57695224e1 -Dlibrary.jansi.path=C:\\Users\\ASUS\\.m2\\wrapper\\dists\\apache-maven-3.9.15\\0226a00282e400185496f3b60ec5a3f029cbdc6893912937d4876d57695224e1\\lib\\jansi-native -Dmaven.multiModuleProjectDirectory=D:\\StudyMatch_BE\\group_service 
java_command: org.codehaus.plexus.classworlds.launcher.Launcher spring-boot:run
java_class_path (initial): C:\\Users\\ASUS\\.m2\\wrapper\\dists\\apache-maven-3.9.15\\0226a00282e400185496f3b60ec5a3f029cbdc6893912937d4876d57695224e1\\boot\\plexus-classworlds-2.9.0.jar
Launcher Type: SUN_STANDARD

[Global flags]
     intx CICompilerCount                          = 4                                         {product} {ergonomic}
     uint ConcGCThreads                            = 2                                         {product} {ergonomic}
     uint G1ConcRefinementThreads                  = 8                                         {product} {ergonomic}
   size_t G1HeapRegionSize                         = 2097152                                   {product} {ergonomic}
    uintx GCDrainStackTargetSize                   = 64                                        {product} {ergonomic}
   size_t InitialHeapSize                          = 264241152                                 {product} {ergonomic}
   size_t MarkStackSize                            = 4194304                                   {product} {ergonomic}
   size_t MaxHeapSize                              = 4217372672                                {product} {ergonomic}
   size_t MaxNewSize                               = 2529165312                                {product} {ergonomic}
   size_t MinHeapDeltaBytes                        = 2097152                                   {product} {ergonomic}
   size_t MinHeapSize                              = 8388608                                   {product} {ergonomic}
    uintx NonNMethodCodeHeapSize                   = 5839372                                {pd product} {ergonomic}
    uintx NonProfiledCodeHeapSize                  = 122909434                              {pd product} {ergonomic}
    uintx ProfiledCodeHeapSize                     = 122909434                              {pd product} {ergonomic}
    uintx ReservedCodeCacheSize                    = 251658240                              {pd product} {ergonomic}
     bool SegmentedCodeCache                       = true                                      {product} {ergonomic}
   size_t SoftMaxHeapSize                          = 4217372672                             {manageable} {ergonomic}
     bool UseCompressedOops                        = true                           {product lp64_product} {ergonomic}
     bool UseG1GC                                  = true                                      {product} {ergonomic}
     bool UseLargePagesIndividualAllocation        = false                                  {pd product} {ergonomic}

Logging:
Log output configuration:
 #0: stdout all=warning uptime,level,tags foldmultilines=false
 #1: stderr all=off uptime,level,tags foldmultilines=false

Environment Variables:
PATH=C:\Program Files\Python312\Scripts\;C:\Program Files\Python312\;C:\Program Files\Common Files\Oracle\Java\javapath;C:\WINDOWS\system32;C:\WINDOWS;C:\WINDOWS\System32\Wbem;C:\WINDOWS\System32\WindowsPowerShell\v1.0\;C:\WINDOWS\System32\OpenSSH\;C:\Program Files (x86)\Java\jre1.8.0_351;C:\Program Files\Git\cmd;C:\Program Files (x86)\Microsoft SQL Server\160\Tools\Binn\;C:\Program Files\Microsoft SQL Server\160\Tools\Binn\;C:\Program Files\Microsoft SQL Server\Client SDK\ODBC\170\Tools\Binn\;C:\Program Files\Microsoft SQL Server\160\DTS\Binn\;C:\Program Files\Microsoft SQL Server\150\Tools\Binn\;C:\apache-maven-3.9.9-bin\apache-maven-3.9.9\bin;C:\Program Files\PuTTY\;C:\gradle-8.13\bin;D:\jdk21\bin;C:\Users\YourName\AppData\Roaming\npm;C:\Program Files\dotnet\;D:\download\ngrok-v3-stable-windows-amd64;C:\Users\ASUS\AppData\Local\Android\Sdk\platform-tools;C:\Program Files\nodejs\;C:\Program Files\k6\;C:\Users\ASUS\AppData\Roaming\Python\Python312\Scripts;C:\Users\ASUS\.dotnet\tools;D:\Microsoft VS Code\bin;C:\Program Files\Python312\Scripts;C:\Users\ASUS\AppData\Local\Android\Sdk\platform-tools;C:\Users\ASUS\AppData\Roaming\npm;D:\intellj\IntelliJ IDEA 2025.3.1\bin;C:\Program Files\k6;C:\Users\ASUS\AppData\Roaming\Python\Python312\Scripts;C:\Users\ASUS\AppData\Local\Programs\Antigravity IDE\bin;C:\Users\ASUS\AppData\Local\Pub\Cache\bin;D:\Antigravity IDE\bin;D:\download\sdk_flutter\flutter_3.27.1\flutter\bin;c:\Users\ASUS\.antigravity-ide\extensions\vscjava.vscode-java-debug-0.59.0-universal\bundled\scripts\noConfigScripts
USERNAME=ASUS
LANG=en_US.UTF-8
OS=Windows_NT
PROCESSOR_IDENTIFIER=Intel64 Family 6 Model 140 Stepping 1, GenuineIntel
TMP=C:\Users\ASUS\AppData\Local\Temp
TEMP=C:\Users\ASUS\AppData\Local\Temp




Periodic native trim disabled

---------------  S Y S T E M  ---------------

OS:
 Windows 11 , 64 bit Build 22621 (10.0.22621.5415)
OS uptime: 0 days 2:38 hours
Hyper-V role detected

CPU: total 8 (initial active 8) (4 cores per cpu, 2 threads per core) family 6 model 140 stepping 1 microcode 0x8a, cx8, cmov, fxsr, ht, mmx, 3dnowpref, sse, sse2, sse3, ssse3, sse4.1, sse4.2, popcnt, lzcnt, tsc, tscinvbit, avx, avx2, aes, erms, clmul, bmi1, bmi2, adx, avx512f, avx512dq, avx512cd, avx512bw, avx512vl, sha, fma, vzeroupper, avx512_vpopcntdq, avx512_vpclmulqdq, avx512_vaes, avx512_vnni, clflush, clflushopt, clwb, avx512_vbmi2, avx512_vbmi, hv, rdtscp, rdpid, fsrm, gfni, avx512_bitalg, f16c, cet_ibt, cet_ss, avx512_ifma
Processor Information for processor 0
  Max Mhz: 2419, Current Mhz: 1007, Mhz Limit: 2419
Processor Information for processor 1
  Max Mhz: 2419, Current Mhz: 1612, Mhz Limit: 2419
Processor Information for processor 2
  Max Mhz: 2419, Current Mhz: 1612, Mhz Limit: 2419
Processor Information for processor 3
  Max Mhz: 2419, Current Mhz: 1612, Mhz Limit: 2419
Processor Information for processor 4
  Max Mhz: 2419, Current Mhz: 1007, Mhz Limit: 2419
Processor Information for processor 5
  Max Mhz: 2419, Current Mhz: 1612, Mhz Limit: 2419
Processor Information for processor 6
  Max Mhz: 2419, Current Mhz: 1007, Mhz Limit: 2419
Processor Information for processor 7
  Max Mhz: 2419, Current Mhz: 1007, Mhz Limit: 2419

Memory: 4k page, system-wide physical 16080M (684M free)
TotalPageFile size 34641M (AvailPageFile size 1198M)
current process WorkingSet (physical memory assigned to process): 300M, peak: 303M
current process commit charge ("private bytes"): 392M, peak: 395M

vm_info: Java HotSpot(TM) 64-Bit Server VM (21.0.1+12-LTS-29) for windows-amd64 JRE (21.0.1+12-LTS-29), built on 2023-10-05T13:27:09Z by "mach5one" with MS VC++ 17.1 (VS2022)

END.
