#
# There is insufficient memory for the Java Runtime Environment to continue.
# Native memory allocation (mmap) failed to map 65536 bytes. Error detail: Failed to commit metaspace.
# Possible reasons:
#   The system is out of physical RAM or swap space
#   This process is running with CompressedOops enabled, and the Java Heap may be blocking the growth of the native heap
# Possible solutions:
#   Reduce memory load on the system
#   Increase physical memory or swap space
#   Check if swap backing store is full
#   Decrease Java heap size (-Xmx/-Xms)
#   Decrease number of Java threads
#   Decrease Java thread stack sizes (-Xss)
#   Set larger code cache with -XX:ReservedCodeCacheSize=
#   JVM is running with Zero Based Compressed Oops mode in which the Java heap is
#     placed in the first 32GB address space. The Java Heap base address is the
#     maximum limit for the native heap growth. Please use -XX:HeapBaseMinAddress
#     to set the Java Heap base and to place the Java Heap above 32GB virtual address.
# This output file may be truncated or incomplete.
#
#  Out of Memory Error (virtualSpaceNode.cpp:113), pid=11704, tid=23340
#
# JRE version: OpenJDK Runtime Environment Corretto-23.0.2.7.1 (23.0.2+7) (build 23.0.2+7-FR)
# Java VM: OpenJDK 64-Bit Server VM Corretto-23.0.2.7.1 (23.0.2+7-FR, mixed mode, emulated-client, sharing, tiered, compressed oops, compressed class ptrs, g1 gc, windows-amd64)
# No core dump will be written. Minidumps are not enabled by default on client versions of Windows
#

---------------  S U M M A R Y ------------

Command Line: -XX:TieredStopAtLevel=1 -Dspring.output.ansi.enabled=always -Dcom.sun.management.jmxremote -Dspring.jmx.enabled=true -Dspring.liveBeansView.mbeanDomain -Dspring.application.admin.enabled=true -Dmanagement.endpoints.jmx.exposure.include=* -javaagent:C:\Program Files\JetBrains\IntelliJ IDEA 2024.3.1\lib\idea_rt.jar=53321:C:\Program Files\JetBrains\IntelliJ IDEA 2024.3.1\bin -Dfile.encoding=UTF-8 -Dsun.stdout.encoding=UTF-8 -Dsun.stderr.encoding=UTF-8 com.group_service.GroupServiceApplication

Host: AMD Ryzen 7 5700U with Radeon Graphics         , 16 cores, 19G,  Windows 11 , 64 bit Build 26100 (10.0.26100.8521)
Time: Sat Jun 27 12:20:08 2026 SE Asia Standard Time elapsed time: 156.144360 seconds (0d 0h 2m 36s)

---------------  T H R E A D  ---------------

Current thread (0x00000220601b7410):  JavaThread "http-nio-8086-exec-3" daemon [_thread_in_vm, id=23340, stack(0x000000b8f9f00000,0x000000b8fa000000) (1024K)]

Stack: [0x000000b8f9f00000,0x000000b8fa000000]
Native frames: (J=compiled Java code, j=interpreted, Vv=VM code, C=native code)
V  [jvm.dll+0x6f3b69]  (no source info available)
V  [jvm.dll+0x8e5d05]  (no source info available)
V  [jvm.dll+0x8e7fbe]  (no source info available)
V  [jvm.dll+0x8e86a3]  (no source info available)
V  [jvm.dll+0x285ee6]  (no source info available)
V  [jvm.dll+0x8e191e]  (no source info available)
V  [jvm.dll+0x6923e5]  (no source info available)
V  [jvm.dll+0x1e8fe1]  (no source info available)
V  [jvm.dll+0x1e8dae]  (no source info available)
V  [jvm.dll+0x694d2b]  (no source info available)
V  [jvm.dll+0x22b8ac]  (no source info available)
V  [jvm.dll+0x692dde]  (no source info available)
V  [jvm.dll+0x270bb0]  (no source info available)
V  [jvm.dll+0x21c66e]  (no source info available)
V  [jvm.dll+0x21195e]  (no source info available)
V  [jvm.dll+0x5cd84e]  (no source info available)
V  [jvm.dll+0x859b85]  (no source info available)
V  [jvm.dll+0x483508]  (no source info available)
V  [jvm.dll+0x489338]  (no source info available)
C  [java.dll+0x17d4]  (no source info available)
C  0x0000022050cf05fc  (no source info available)

The last pc belongs to native nmethod (printed below).
Java frames: (J=compiled Java code, j=interpreted, Vv=VM code)
J 1596  java.lang.ClassLoader.defineClass1(Ljava/lang/ClassLoader;Ljava/lang/String;[BIILjava/security/ProtectionDomain;Ljava/lang/String;)Ljava/lang/Class; java.base@23.0.2 (0 bytes) @ 0x0000022050cf0561 [0x0000022050cf04a0+0x00000000000000c1]
J 1700 c1 java.lang.ClassLoader.defineClass(Ljava/lang/String;[BIILjava/security/ProtectionDomain;)Ljava/lang/Class; java.base@23.0.2 (43 bytes) @ 0x0000022050d1b484 [0x0000022050d1b360+0x0000000000000124]
J 1702 c1 jdk.internal.loader.BuiltinClassLoader.defineClass(Ljava/lang/String;Ljdk/internal/loader/Resource;)Ljava/lang/Class; java.base@23.0.2 (121 bytes) @ 0x0000022050d1d904 [0x0000022050d1d340+0x00000000000005c4]
J 1694 c1 jdk.internal.loader.BuiltinClassLoader.findClassOnClassPathOrNull(Ljava/lang/String;)Ljava/lang/Class; java.base@23.0.2 (64 bytes) @ 0x0000022050d1bfb4 [0x0000022050d1bce0+0x00000000000002d4]
J 1500 c1 jdk.internal.loader.BuiltinClassLoader.loadClassOrNull(Ljava/lang/String;Z)Ljava/lang/Class; java.base@23.0.2 (143 bytes) @ 0x0000022050cd4694 [0x0000022050cd4260+0x0000000000000434]
J 1604 c1 jdk.internal.loader.ClassLoaders$AppClassLoader.loadClass(Ljava/lang/String;Z)Ljava/lang/Class; java.base@23.0.2 (40 bytes) @ 0x0000022050cf2f0c [0x0000022050cf2ec0+0x000000000000004c]
J 1579 c1 java.lang.ClassLoader.loadClass(Ljava/lang/String;)Ljava/lang/Class; java.base@23.0.2 (7 bytes) @ 0x0000022050ceadf4 [0x0000022050ceada0+0x0000000000000054]
v  ~StubRoutines::call_stub 0x0000022050850fcd
j  org.apache.coyote.http11.Http11Processor.<init>(Lorg/apache/coyote/http11/AbstractHttp11Protocol;Lorg/apache/coyote/Adapter;)V+269
j  org.apache.coyote.http11.AbstractHttp11Protocol.createProcessor()Lorg/apache/coyote/Processor;+9
j  org.apache.coyote.AbstractProtocol$ConnectionHandler.process(Lorg/apache/tomcat/util/net/SocketWrapperBase;Lorg/apache/tomcat/util/net/SocketEvent;)Lorg/apache/tomcat/util/net/AbstractEndpoint$Handler$SocketState;+413
j  org.apache.tomcat.util.net.NioEndpoint$SocketProcessor.doRun()V+222
j  org.apache.tomcat.util.net.SocketProcessorBase.run()V+32
j  org.apache.tomcat.util.threads.ThreadPoolExecutor.runWorker(Lorg/apache/tomcat/util/threads/ThreadPoolExecutor$Worker;)V+92
j  org.apache.tomcat.util.threads.ThreadPoolExecutor$Worker.run()V+5
j  org.apache.tomcat.util.threads.TaskThread$WrappingRunnable.run()V+4
j  java.lang.Thread.runWith(Ljava/lang/Object;Ljava/lang/Runnable;)V+5 java.base@23.0.2
j  java.lang.Thread.run()V+19 java.base@23.0.2
v  ~StubRoutines::call_stub 0x0000022050850fcd
Lock stack of current Java thread (top to bottom):
LockStack[0]: java.lang.Object 
{0x00000006cc1efe10} - klass: 'java/lang/Object'
 - ---- fields (total size 2 words):


Compiled method (n/a) 156231 1596     n 0       java.lang.ClassLoader::defineClass1 (native)
 total in heap  [0x0000022050cf0388,0x0000022050cf0940] = 1464
 relocation     [0x0000022050cf0460,0x0000022050cf0498] = 56
 main code      [0x0000022050cf04a0,0x0000022050cf093f] = 1183
 stub code      [0x0000022050cf093f,0x0000022050cf0940] = 1

[Constant Pool (empty)]

[MachCode]
[Entry Point]
  # {method} {0x00000220004773c8} 'defineClass1' '(Ljava/lang/ClassLoader;Ljava/lang/String;[BIILjava/security/ProtectionDomain;Ljava/lang/String;)Ljava/lang/Class;' in 'java/lang/ClassLoader'
  # parm0:    rdx:rdx   = 'java/lang/ClassLoader'
  # parm1:    r8:r8     = 'java/lang/String'
  # parm2:    r9:r9     = '[B'
  # parm3:    rdi       = int
  # parm4:    rsi       = int
  # parm5:    rcx:rcx   = 'java/security/ProtectionDomain'
  # parm6:    [sp+0xa0]   = 'java/lang/String'  (sp of caller)
  0x0000022050cf04a0: 6690 448b | 5208 443b 

  0x0000022050cf04a8: ;   {runtime_call ic_miss_stub}
  0x0000022050cf04a8: 5008 0f85 | 30e0 baff 
[Verified Entry Point]
  0x0000022050cf04b0: 8984 2400 | 80ff ff55 | 488b ec48 | 81ec 9000 | 0000 6690 | 4181 7f20 | 0900 0000 

  0x0000022050cf04cc: ;   {runtime_call StubRoutines (final stubs)}
  0x0000022050cf04cc: 7405 e86d | 72b9 ff48 | 837d 1000 | 488d 4510 | 480f 4445 | 1048 8944 | 2440 4889 | 4c24 7048 
  0x0000022050cf04ec: 83f9 0048 | 8d44 2470 | 480f 4444 | 2470 4889 | 4424 3848 | 8974 2430 | 4889 7c24 | 284c 894c 
  0x0000022050cf050c: 2458 4983 | f900 488d | 4424 5848 | 0f44 4424 | 5848 8944 | 2420 4c89 | 4424 5049 | 83f8 004c 
  0x0000022050cf052c: 8d4c 2450 | 4c0f 444c | 2450 4889 | 5424 4848 | 83fa 004c | 8d44 2448 | 4c0f 4444 

  0x0000022050cf0548: ;   {oop(a 'java/lang/Class'{0x00000006c4050970} = 'java/lang/ClassLoader')}
  0x0000022050cf0548: 2448 49be | 7009 05c4 | 0600 0000 | 4c89 7424 | 784c 8d74 | 2478 498b | d6c5 f877 

  0x0000022050cf0564: ;   {internal_word}
  0x0000022050cf0564: 49ba 6105 | cf50 2002 | 0000 4d89 | 97a8 0300 | 0049 89a7 | a003 0000 

  0x0000022050cf057c: ;   {external_word}
  0x0000022050cf057c: 49ba 44f1 | 6c9f fe7f | 0000 4180 | 3a00 0f84 | 4e00 0000 | 5241 5041 

  0x0000022050cf0594: ;   {metadata({method} {0x00000220004773c8} 'defineClass1' '(Ljava/lang/ClassLoader;Ljava/lang/String;[BIILjava/security/ProtectionDomain;Ljava/lang/String;)Ljava/lang/Class;' in 'java/lang/ClassLoader')}
  0x0000022050cf0594: 5148 bac0 | 7347 0020 | 0200 0049 | 8bcf 4883 | ec20 40f6 | c40f 0f84 | 1900 0000 | 4883 ec08 
  0x0000022050cf05b4: ;   {runtime_call}
  0x0000022050cf05b4: 48b8 502f | 169f fe7f | 0000 ffd0 | 4883 c408 | e90c 0000 

  0x0000022050cf05c8: ;   {runtime_call}
  0x0000022050cf05c8: 0048 b850 | 2f16 9ffe | 7f00 00ff | d048 83c4 | 2041 5941 | 585a 498d | 8fc0 0300 | 0041 c787 
  0x0000022050cf05e8: 4404 0000 | 0400 0000 

  0x0000022050cf05f0: ;   {runtime_call}
  0x0000022050cf05f0: 48b8 9416 | 9d15 ff7f | 0000 ffd0 | c5f8 7741 | c787 4404 | 0000 0500 | 0000 f083 | 4424 c000 
  0x0000022050cf0610: 493b af48 | 0400 000f | 870e 0000 | 0041 83bf | 4004 0000 | 000f 842b | 0000 00c5 | f877 4889 
  0x0000022050cf0630: 45f8 498b | cf4c 8be4 | 4883 ec20 | 4883 e4f0 

  0x0000022050cf0640: ;   {runtime_call}
  0x0000022050cf0640: 48b8 b0a2 | df9e fe7f | 0000 ffd0 | 498b e44d | 33e4 488b | 45f8 41c7 | 8744 0400 | 0008 0000 
  0x0000022050cf0660: 0041 83bf | c804 0000 | 020f 84a3 

  0x0000022050cf066c: ;   {external_word}
  0x0000022050cf066c: 0200 0049 | ba44 f16c | 9ffe 7f00 | 0041 803a | 000f 844c | 0000 0048 

  0x0000022050cf0684: ;   {metadata({method} {0x00000220004773c8} 'defineClass1' '(Ljava/lang/ClassLoader;Ljava/lang/String;[BIILjava/security/ProtectionDomain;Ljava/lang/String;)Ljava/lang/Class;' in 'java/lang/ClassLoader')}
  0x0000022050cf0684: 8945 f848 | bac0 7347 | 0020 0200 | 0049 8bcf | 4883 ec20 | 40f6 c40f | 0f84 1900 | 0000 4883 
  0x0000022050cf06a4: ;   {runtime_call}
  0x0000022050cf06a4: ec08 48b8 | 502f 169f | fe7f 0000 | ffd0 4883 | c408 e90c 

  0x0000022050cf06b8: ;   {runtime_call}
  0x0000022050cf06b8: 0000 0048 | b850 2f16 | 9ffe 7f00 | 00ff d048 | 83c4 2048 | 8b45 f849 | c787 a003 | 0000 0000 
  0x0000022050cf06d8: 0000 49c7 | 87a8 0300 | 0000 0000 | 00c5 f877 | 4885 c00f | 84fe 0100 | 00a8 030f | 8508 0000 
  0x0000022050cf06f8: 0048 8b00 | e9ee 0100 | 00a8 010f | 8509 0000 | 0048 8b40 | fee9 dd01 | 0000 488b | 40ff 4180 
  0x0000022050cf0718: 7f38 000f | 84ce 0100 | 0048 83f8 | 000f 84c4 | 0100 0049 | 8b4f 2848 | 83f9 000f | 8414 0000 
  0x0000022050cf0738: 0048 83e9 | 0849 894f | 2849 034f | 3048 8901 | e9a2 0100 | 0048 81ec | d000 0000 | 4889 0424 
  0x0000022050cf0758: 4889 4c24 | 0848 8954 | 2410 4889 | 7424 1848 | 897c 2420 | 4c89 4424 | 284c 894c | 2430 4c89 
  0x0000022050cf0778: 5424 384c | 895c 2440 | c5fb 1144 | 2450 c5fb | 114c 2458 | c5fb 1154 | 2460 c5fb | 115c 2468 
  0x0000022050cf0798: c5fb 1164 | 2470 c5fb | 116c 2478 | c5fb 11b4 | 2480 0000 | 00c5 fb11 | bc24 8800 | 0000 c57b 
  0x0000022050cf07b8: ;   {no_reloc}
  0x0000022050cf07b8: 1184 2490 | 0000 00c5 | 7b11 8c24 | 9800 0000 | c57b 1194 | 24a0 0000 | 00c5 7b11 | 9c24 a800 
  0x0000022050cf07d8: 0000 c57b | 11a4 24b0 | 0000 00c5 | 7b11 ac24 | b800 0000 | c57b 11b4 | 24c0 0000 | 00c5 7b11 
  0x0000022050cf07f8: bc24 c800 | 0000 498b | d748 8bc8 | 4883 ec20 | 40f6 c40f | 0f84 1900 | 0000 4883 

  0x0000022050cf0814: ;   {runtime_call}
  0x0000022050cf0814: ec08 48b8 | 10ea d29e | fe7f 0000 | ffd0 4883 | c408 e90c 

  0x0000022050cf0828: ;   {runtime_call}
  0x0000022050cf0828: 0000 0048 | b810 ead2 | 9efe 7f00 | 00ff d048 | 83c4 20c5 | 7b10 bc24 | c800 0000 | c57b 10b4 
  0x0000022050cf0848: 24c0 0000 | 00c5 7b10 | ac24 b800 | 0000 c57b | 10a4 24b0 | 0000 00c5 | 7b10 9c24 | a800 0000 
  0x0000022050cf0868: c57b 1094 | 24a0 0000 | 00c5 7b10 | 8c24 9800 | 0000 c57b | 1084 2490 | 0000 00c5 | fb10 bc24 
  0x0000022050cf0888: 8800 0000 | c5fb 10b4 | 2480 0000 | 00c5 fb10 | 6c24 78c5 | fb10 6424 | 70c5 fb10 | 5c24 68c5 
  0x0000022050cf08a8: fb10 5424 | 60c5 fb10 | 4c24 58c5 | fb10 4424 | 504c 8b5c | 2440 4c8b | 5424 384c | 8b4c 2430 
  0x0000022050cf08c8: 4c8b 4424 | 2848 8b7c | 2420 488b | 7424 1848 | 8b54 2410 | 488b 4c24 | 0848 8b04 | 2448 81c4 
  0x0000022050cf08e8: d000 0000 | c5f8 7749 | 8b8f 3004 | 0000 c781 | 0001 0000 | 0000 0000 | c949 837f | 0800 0f85 
  0x0000022050cf0908: 0100 0000 

  0x0000022050cf090c: ;   {runtime_call StubRoutines (initial stubs)}
  0x0000022050cf090c: c3e9 ae05 | b6ff c5f8 | 7748 8945 | f84c 8be4 | 4883 ec20 | 4883 e4f0 

  0x0000022050cf0924: ;   {runtime_call}
  0x0000022050cf0924: 48b8 f063 | 169f fe7f | 0000 ffd0 | 498b e44d | 33e4 488b | 45f8 e930 | fdff fff4 
[/MachCode]


Compiled method (c1) 156239 1700       1       java.lang.ClassLoader::defineClass (43 bytes)
 total in heap  [0x0000022050d1b208,0x0000022050d1b5e0] = 984
 relocation     [0x0000022050d1b2e0,0x0000022050d1b350] = 112
 main code      [0x0000022050d1b360,0x0000022050d1b528] = 456
 stub code      [0x0000022050d1b528,0x0000022050d1b5a0] = 120
 metadata       [0x0000022050d1b5a0,0x0000022050d1b5e0] = 64
 immutable data [0x000002205da5bb30,0x000002205da5bcc8] = 408
 dependencies   [0x000002205da5bb30,0x000002205da5bb48] = 24
 nul chk table  [0x000002205da5bb48,0x000002205da5bb70] = 40
 scopes pcs     [0x000002205da5bb70,0x000002205da5bc10] = 160
 scopes data    [0x000002205da5bc10,0x000002205da5bcc8] = 184

[Constant Pool (empty)]

[MachCode]
[Instructions begin]
  0x0000022050d1b360: 660f 1f84 | 0000 0000 | 0066 0f1f | 8400 0000 | 0000 448b | 5208 443b 

  0x0000022050d1b378: ;   {runtime_call ic_miss_stub}
  0x0000022050d1b378: 5008 0f85 | 6031 b8ff 
[Verified Entry Point]
  0x0000022050d1b380: 8984 2400 | 80ff ff55 | 4881 ecb0 | 0000 0090 | 4181 7f20 | 0900 0000 

  0x0000022050d1b398: ;   {runtime_call StubRoutines (final stubs)}
  0x0000022050d1b398: 7405 e8a1 | c3b6 ff48 | 8954 2478 | 89b4 2494 | 0000 0089 | bc24 9000 | 0000 4c89 | 8c24 8800 
  0x0000022050d1b3b8: 0000 498b | d84c 8bc3 | 4c8b c948 | 8bca 488b | d148 899c | 2480 0000 | 0066 0f1f 

  0x0000022050d1b3d4: ;   {optimized virtual_call}
  0x0000022050d1b3d4: 4400 00e8 

  0x0000022050d1b3d8: ; ImmutableOopMap {[120]=Oop [128]=Oop [136]=Oop }
                      ;*invokevirtual preDefineClass {reexecute=0 rethrow=0 return_oop=0}
                      ; - java.lang.ClassLoader::defineClass@4 (line 1024)
  0x0000022050d1b3d8: 64e3 ffff 

  0x0000022050d1b3dc: ;   {other}
  0x0000022050d1b3dc: 0f1f 8400 | d401 0000 | 4889 8424 | 9800 0000 

  0x0000022050d1b3ec: ; implicit exception: dispatches to 0x0000022050d1b4d2
  0x0000022050d1b3ec: 448b 4010 | 49c1 e003 | 4d85 c00f | 850f 0000 

  0x0000022050d1b3fc: ;   {oop(nullptr)}
  0x0000022050d1b3fc: 0048 bb00 | 0000 0000 | 0000 00e9 | 4300 0000 

  0x0000022050d1b40c: ; implicit exception: dispatches to 0x0000022050d1b4d7
  0x0000022050d1b40c: 458b 400c | 49c1 e003 | 4d85 c00f | 850f 0000 

  0x0000022050d1b41c: ;   {oop(nullptr)}
  0x0000022050d1b41c: 0048 bb00 | 0000 0000 | 0000 00e9 | 2300 0000 

  0x0000022050d1b42c: ; implicit exception: dispatches to 0x0000022050d1b4dc
  0x0000022050d1b42c: 418b 5038 | 48c1 e203 

  0x0000022050d1b434: ; implicit exception: dispatches to 0x0000022050d1b4e1
                      ;   {optimized virtual_call}
  0x0000022050d1b434: 483b 02e8 

  0x0000022050d1b438: ; ImmutableOopMap {[120]=Oop [128]=Oop [136]=Oop [152]=Oop }
                      ;*invokevirtual toExternalForm {reexecute=0 rethrow=0 return_oop=0}
                      ; - java.net.URL::toExternalForm@5 (line 1203)
                      ; - java.net.URL::toString@1 (line 1189)
                      ; - java.lang.ClassLoader::defineClassSourceLocation@22 (line 928)
                      ; - java.lang.ClassLoader::defineClass@12 (line 1025)
  0x0000022050d1b438: c4e8 fcff 

  0x0000022050d1b43c: ;   {other}
  0x0000022050d1b43c: 0f1f 8400 | 3402 0001 | 488b d848 | 8b84 2498 | 0000 008b | b424 9400 | 0000 8bbc | 2490 0000 
  0x0000022050d1b45c: 004c 8b8c | 2488 0000 | 004c 8b84 | 2480 0000 | 0048 8b54 | 2478 4c8b | da49 8bd3 | 488b c848 
  0x0000022050d1b47c: ;   {static_call}
  0x0000022050d1b47c: 891c 24e8 

  0x0000022050d1b480: ; ImmutableOopMap {[120]=Oop [152]=Oop }
                      ;*invokestatic defineClass1 {reexecute=0 rethrow=0 return_oop=0}
                      ; - java.lang.ClassLoader::defineClass@27 (line 1026)
  0x0000022050d1b480: 2c50 fdff 

  0x0000022050d1b484: ;   {other}
  0x0000022050d1b484: 0f1f 8400 | 7c02 0002 | 4c8b c04c | 8b8c 2498 | 0000 0048 | 8b54 2478 | 4889 8424 | a000 0000 
  0x0000022050d1b4a4: ;   {optimized virtual_call}
  0x0000022050d1b4a4: 6666 90e8 

  0x0000022050d1b4a8: ; ImmutableOopMap {[160]=Oop }
                      ;*invokevirtual postDefineClass {reexecute=0 rethrow=0 return_oop=0}
                      ; - java.lang.ClassLoader::defineClass@37 (line 1027)
  0x0000022050d1b4a8: 54f4 ffff 

  0x0000022050d1b4ac: ;   {other}
  0x0000022050d1b4ac: 0f1f 8400 | a402 0003 | 488b 8424 | a000 0000 | 4881 c4b0 | 0000 005d 

  0x0000022050d1b4c4: ;   {poll_return}
  0x0000022050d1b4c4: 493b a748 | 0400 000f | 8715 0000 

  0x0000022050d1b4d0: ;   {runtime_call throw_null_pointer_exception Runtime1 stub}
  0x0000022050d1b4d0: 00c3 e889 

  0x0000022050d1b4d4: ; ImmutableOopMap {rax=Oop [120]=Oop [128]=Oop [136]=Oop [152]=Oop }
                      ;*invokevirtual getCodeSource {reexecute=0 rethrow=0 return_oop=0}
                      ; - java.lang.ClassLoader::defineClassSourceLocation@1 (line 925)
                      ; - java.lang.ClassLoader::defineClass@12 (line 1025)
                      ;   {runtime_call throw_null_pointer_exception Runtime1 stub}
  0x0000022050d1b4d4: 2ec3 ffe8 

  0x0000022050d1b4d8: ; ImmutableOopMap {rax=Oop [120]=Oop [128]=Oop [136]=Oop [152]=Oop }
                      ;*invokevirtual getLocation {reexecute=0 rethrow=0 return_oop=0}
                      ; - java.lang.ClassLoader::defineClassSourceLocation@12 (line 927)
                      ; - java.lang.ClassLoader::defineClass@12 (line 1025)
  0x0000022050d1b4d8: 842e c3ff 

  0x0000022050d1b4dc: ;   {runtime_call throw_null_pointer_exception Runtime1 stub}
  0x0000022050d1b4dc: e87f 2ec3 

  0x0000022050d1b4e0: ; ImmutableOopMap {r8=Oop [120]=Oop [128]=Oop [136]=Oop [152]=Oop }
                      ;*invokevirtual toString {reexecute=0 rethrow=0 return_oop=0}
                      ; - java.lang.ClassLoader::defineClassSourceLocation@22 (line 928)
                      ; - java.lang.ClassLoader::defineClass@12 (line 1025)
                      ;   {runtime_call throw_null_pointer_exception Runtime1 stub}
  0x0000022050d1b4e0: ffe8 7a2e 

  0x0000022050d1b4e4: ; ImmutableOopMap {r8=Oop rdx=Oop [120]=Oop [128]=Oop [136]=Oop [152]=Oop }
                      ;*invokevirtual toExternalForm {reexecute=0 rethrow=0 return_oop=0}
                      ; - java.net.URL::toExternalForm@5 (line 1203)
                      ; - java.net.URL::toString@1 (line 1189)
                      ; - java.lang.ClassLoader::defineClassSourceLocation@22 (line 928)
                      ; - java.lang.ClassLoader::defineClass@12 (line 1025)
                      ;   {internal_word}
  0x0000022050d1b4e4: c3ff 49ba | c4b4 d150 | 2002 0000 | 4d89 9760 

  0x0000022050d1b4f4: ;   {runtime_call SafepointBlob}
  0x0000022050d1b4f4: 0400 00e9 | e49e b8ff | 498b 8700 | 0500 0049 | c787 0005 | 0000 0000 | 0000 49c7 | 8708 0500 
  0x0000022050d1b514: 0000 0000 | 0048 81c4 | b000 0000 

  0x0000022050d1b520: ;   {runtime_call unwind_exception Runtime1 stub}
  0x0000022050d1b520: 5de9 3a1f | c3ff f4f4 
[Stub Code]
  0x0000022050d1b528: ;   {no_reloc}
  0x0000022050d1b528: 0f1f 4400 

  0x0000022050d1b52c: ;   {static_stub}
  0x0000022050d1b52c: 0048 bb00 | 0000 0000 

  0x0000022050d1b534: ;   {runtime_call nmethod}
  0x0000022050d1b534: 0000 00e9 | fbff ffff 

  0x0000022050d1b53c: ;   {static_stub}
  0x0000022050d1b53c: 48bb 0000 | 0000 0000 

  0x0000022050d1b544: ;   {runtime_call nmethod}
  0x0000022050d1b544: 0000 e9fb 

  0x0000022050d1b548: ;   {static_stub}
  0x0000022050d1b548: ffff ff48 | bb00 0000 | 0000 0000 

  0x0000022050d1b554: ;   {runtime_call nmethod}
  0x0000022050d1b554: 00e9 fbff 

  0x0000022050d1b558: ;   {static_stub}
  0x0000022050d1b558: ffff 48bb | 0000 0000 | 0000 0000 

  0x0000022050d1b564: ;   {runtime_call nmethod}
  0x0000022050d1b564: e9fb ffff 

  0x0000022050d1b568: ;   {runtime_call handle_exception_from_callee Runtime1 stub}
  0x0000022050d1b568: ffe8 f25d 

  0x0000022050d1b56c: ;   {external_word}
  0x0000022050d1b56c: c3ff 48b9 | d86e 439f | fe7f 0000 | 4883 e4f0 

  0x0000022050d1b57c: ;   {runtime_call}
  0x0000022050d1b57c: 48b8 c042 | 049f fe7f | 0000 ffd0 

  0x0000022050d1b588: ;   {section_word}
  0x0000022050d1b588: f449 ba89 | b5d1 5020 | 0200 0041 

  0x0000022050d1b594: ;   {runtime_call DeoptimizationBlob}
  0x0000022050d1b594: 52e9 e690 | b8ff f4f4 | f4f4 f4f4 
[/MachCode]


Compiled method (c1) 156245 1702       1       jdk.internal.loader.BuiltinClassLoader::defineClass (121 bytes)
 total in heap  [0x0000022050d1d108,0x0000022050d1dc28] = 2848
 relocation     [0x0000022050d1d1e0,0x0000022050d1d328] = 328
 main code      [0x0000022050d1d340,0x0000022050d1dab0] = 1904
 stub code      [0x0000022050d1dab0,0x0000022050d1dbd0] = 288
 metadata       [0x0000022050d1dbd0,0x0000022050d1dc28] = 88
 immutable data [0x000002205df91f40,0x000002205df92390] = 1104
 dependencies   [0x000002205df91f40,0x000002205df91f60] = 32
 nul chk table  [0x000002205df91f60,0x000002205df91f80] = 32
 handler table  [0x000002205df91f80,0x000002205df91f98] = 24
 scopes pcs     [0x000002205df91f98,0x000002205df92138] = 416
 scopes data    [0x000002205df92138,0x000002205df92390] = 600

[Constant Pool (empty)]

[MachCode]
[Instructions begin]
  0x0000022050d1d340: 660f 1f84 | 0000 0000 | 0066 0f1f | 8400 0000 | 0000 448b | 5208 443b 

  0x0000022050d1d358: ;   {runtime_call ic_miss_stub}
  0x0000022050d1d358: 5008 0f85 | 8011 b8ff 
[Verified Entry Point]
  0x0000022050d1d360: 8984 2400 | 80ff ff55 | 4881 ec00 | 0100 0090 | 4181 7f20 | 0900 0000 

  0x0000022050d1d378: ;   {runtime_call StubRoutines (final stubs)}
  0x0000022050d1d378: 7405 e8c1 | a3b6 ff48 | 8994 24a0 | 0000 004c | 8984 2490 | 0000 004c | 898c 2498 | 0000 0049 
  0x0000022050d1d398: 8bd1 6666 | 9048 b870 | c5f9 5d20 

  0x0000022050d1d3a4: ;   {virtual_call}
  0x0000022050d1d3a4: 0200 00e8 

  0x0000022050d1d3a8: ; ImmutableOopMap {[144]=Oop [152]=Oop [160]=Oop }
                      ;*invokevirtual getCodeSourceURL {reexecute=0 rethrow=0 return_oop=0}
                      ; - jdk.internal.loader.BuiltinClassLoader::defineClass@1 (line 842)
  0x0000022050d1d3a8: d4df c3ff 

  0x0000022050d1d3ac: ;   {other}
  0x0000022050d1d3ac: 0f1f 8400 | a402 0000 | 4889 8424 | a800 0000 | 4c8b 8424 | 9000 0000 

  0x0000022050d1d3c4: ; implicit exception: dispatches to 0x0000022050d1d9aa
  0x0000022050d1d3c4: 418b 7014 | 48c1 e603 

  0x0000022050d1d3cc: ; implicit exception: dispatches to 0x0000022050d1d9af
  0x0000022050d1d3cc: 8b56 0c45 | 0fbe 4810 | 498b c9c1 | e118 c1f9 | 18d3 fa48 | 8bfa ffcf | 4585 c9ba | 0000 0000 
  0x0000022050d1d3ec: 7505 ba01 | 0000 0083 | e201 85d2 | 488b d641 | b82e 0000 | 004c 8bcf | 0f84 1700 | 0000 0f1f 
  0x0000022050d1d40c: ;   {static_call}
  0x0000022050d1d40c: 4400 00e8 

  0x0000022050d1d410: ; ImmutableOopMap {[144]=Oop [152]=Oop [160]=Oop [168]=Oop }
                      ;*invokestatic lastIndexOf {reexecute=0 rethrow=0 return_oop=0}
                      ; - java.lang.String::lastIndexOf@13 (line 2664)
                      ; - java.lang.String::lastIndexOf@8 (line 2626)
                      ; - jdk.internal.loader.BuiltinClassLoader::defineClass@8 (line 845)
  0x0000022050d1d410: 0c85 cdff 

  0x0000022050d1d414: ;   {other}
  0x0000022050d1d414: 0f1f 8400 | 0c03 0001 | e913 0000 | 0066 0f1f 

  0x0000022050d1d424: ;   {static_call}
  0x0000022050d1d424: 4400 00e8 

  0x0000022050d1d428: ; ImmutableOopMap {[144]=Oop [152]=Oop [160]=Oop [168]=Oop }
                      ;*invokestatic lastIndexOf {reexecute=0 rethrow=0 return_oop=0}
                      ; - java.lang.String::lastIndexOf@25 (line 2665)
                      ; - java.lang.String::lastIndexOf@8 (line 2626)
                      ; - jdk.internal.loader.BuiltinClassLoader::defineClass@8 (line 845)
  0x0000022050d1d428: b419 b8ff 

  0x0000022050d1d42c: ;   {other}
  0x0000022050d1d42c: 0f1f 8400 | 2403 0002 | 83f8 ff0f | 847f 0000 | 0041 b800 | 0000 004c | 8bc8 488b | 9424 9000 
  0x0000022050d1d44c: ;   {optimized virtual_call}
  0x0000022050d1d44c: 0000 90e8 

  0x0000022050d1d450: ; ImmutableOopMap {[144]=Oop [152]=Oop [160]=Oop [168]=Oop }
                      ;*invokevirtual substring {reexecute=0 rethrow=0 return_oop=0}
                      ; - jdk.internal.loader.BuiltinClassLoader::defineClass@23 (line 847)
  0x0000022050d1d450: 2c4a ebff 

  0x0000022050d1d454: ;   {other}
  0x0000022050d1d454: 0f1f 8400 | 4c03 0003 | 488b 9424 | 9800 0000 | 4889 8424 | b000 0000 | 9048 b898 | c5f9 5d20 
  0x0000022050d1d474: ;   {virtual_call}
  0x0000022050d1d474: 0200 00e8 

  0x0000022050d1d478: ; ImmutableOopMap {[144]=Oop [152]=Oop [160]=Oop [168]=Oop [176]=Oop }
                      ;*invokevirtual getManifest {reexecute=0 rethrow=0 return_oop=0}
                      ; - jdk.internal.loader.BuiltinClassLoader::defineClass@29 (line 848)
  0x0000022050d1d478: 14de c3ff 

  0x0000022050d1d47c: ;   {other}
  0x0000022050d1d47c: 0f1f 8400 | 7403 0004 | 4c8b 8424 | b000 0000 | 4c8b c848 | 8bbc 24a8 | 0000 0048 | 8b94 24a0 
  0x0000022050d1d49c: 0000 0066 | 0f1f 4400 | 0048 b8c0 | c5f9 5d20 

  0x0000022050d1d4ac: ;   {virtual_call}
  0x0000022050d1d4ac: 0200 00e8 

  0x0000022050d1d4b0: ; ImmutableOopMap {[144]=Oop [152]=Oop [160]=Oop [168]=Oop }
                      ;*invokevirtual defineOrCheckPackage {reexecute=0 rethrow=0 return_oop=0}
                      ; - jdk.internal.loader.BuiltinClassLoader::defineClass@40 (line 849)
  0x0000022050d1d4b0: 7ef3 ffff 

  0x0000022050d1d4b4: ;   {other}
  0x0000022050d1d4b4: 0f1f 8400 | ac03 0005 | 4c8b 8c24 | 9800 0000 | 488d 9424 | e000 0000 | 4c89 4a08 | 498b 0141 
  0x0000022050d1d4d4: 8bb7 1806 | 0000 81fe | 6806 0000 | 0f8d ce04 | 0000 4d3b | 4c37 f80f | 8425 0000 | 00a8 020f 
  0x0000022050d1d4f4: 85bb 0400 | 0048 8bf0 | 4883 e6fe | 4883 c801 | f049 0fb1 | 310f 85a5 | 0400 0041 | 8bb7 1806 
  0x0000022050d1d514: 0000 4d89 | 0c37 83c6 | 0841 89b7 | 1806 0000 | 49ff 8750 | 0500 0041 | 8b51 0c48 | c1e2 0348 
  0x0000022050d1d534: 85d2 0f85 | 5400 0000 | 498b d166 | 0f1f 4400 | 0048 b8e8 | c5f9 5d20 

  0x0000022050d1d54c: ;   {virtual_call}
  0x0000022050d1d54c: 0200 00e8 

  0x0000022050d1d550: ; ImmutableOopMap {[144]=Oop [152]=Oop [160]=Oop [168]=Oop [232]=Oop }
                      ;*invokevirtual getInputStream {reexecute=0 rethrow=0 return_oop=0}
                      ; - jdk.internal.loader.Resource::cachedInputStream@9 (line 77)
                      ; - jdk.internal.loader.Resource::getByteBuffer@1 (line 163)
                      ; - jdk.internal.loader.BuiltinClassLoader::defineClass@45 (line 853)
  0x0000022050d1d550: 4cdc c3ff 

  0x0000022050d1d554: ;   {other}
  0x0000022050d1d554: 0f1f 8400 | 4c04 0006 | 410f be57 | 3885 d24c | 8b8c 2498 | 0000 000f | 8556 0400 | 004c 8bd0 
  0x0000022050d1d574: 49c1 ea03 | 4589 510c | 498b d148 | 33d0 48c1 | ea16 4883 | fa00 0f85 | 5704 0000 | 418b 510c 
  0x0000022050d1d594: 48c1 e203 | 488d 8424 | e000 0000 | 488b 7808 | 418b b718 | 0600 0049 | 3b7c 37f8 | 0f85 4904 
  0x0000022050d1d5b4: 0000 4183 | af18 0600 | 0008 493b | 7c37 f00f | 842a 0000 | 0048 8b07 | a802 0f85 | 1200 0000 
  0x0000022050d1d5d4: 488b f048 | 83ce 01f0 | 480f b137 | 0f84 0d00 | 0000 4183 | 8718 0600 | 0008 e90c | 0400 0049 
  0x0000022050d1d5f4: ff8f 5005 | 0000 4885 | d20f 8443 

  0x0000022050d1d600: ;   {metadata('sun/nio/ByteBuffered')}
  0x0000022050d1d600: 0000 0048 | b888 1640 | 0020 0200 | 008b 5a08 | 49ba 0000 | 0000 2002 | 0000 4903 | da48 3b43 
  0x0000022050d1d620: 200f 8424 | 0000 0048 | 3bd8 0f84 | 1b00 0000 

  0x0000022050d1d630: ;   {runtime_call slow_subtype_check Runtime1 stub}
  0x0000022050d1d630: 5350 e809 | 49c3 ff5b | 5b85 db0f | 8405 0000 | 00e9 0500 | 0000 4833 | f6eb 05be | 0100 0000 
  0x0000022050d1d650: 85f6 0f84 | 6900 0000 | 4885 d20f | 8443 0000 

  0x0000022050d1d660: ;   {metadata('sun/nio/ByteBuffered')}
  0x0000022050d1d660: 0048 bb88 | 1640 0020 | 0200 008b | 7a08 49ba | 0000 0000 | 2002 0000 | 4903 fa48 | 3b5f 200f 
  0x0000022050d1d680: 841f 0000 | 0048 3bfb | 0f84 1600 | 0000 5753 

  0x0000022050d1d690: ;   {runtime_call slow_subtype_check Runtime1 stub}
  0x0000022050d1d690: e8ab 48c3 | ff5f 5f85 | ff0f 8476 | 0300 00e9 | 0000 0000 | 9048 b810 | c6f9 5d20 

  0x0000022050d1d6ac: ;   {virtual_call}
  0x0000022050d1d6ac: 0200 00e8 

  0x0000022050d1d6b0: ; ImmutableOopMap {[144]=Oop [152]=Oop [160]=Oop [168]=Oop }
                      ;*invokeinterface getByteBuffer {reexecute=0 rethrow=0 return_oop=0}
                      ; - jdk.internal.loader.Resource::getByteBuffer@16 (line 165)
                      ; - jdk.internal.loader.BuiltinClassLoader::defineClass@45 (line 853)
  0x0000022050d1d6b0: 2c14 b8ff 

  0x0000022050d1d6b4: ;   {other}
  0x0000022050d1d6b4: 0f1f 8400 | ac05 0007 | e90a 0000 

  0x0000022050d1d6c0: ;   {oop(nullptr)}
  0x0000022050d1d6c0: 0048 b800 | 0000 0000 | 0000 0048 | 85c0 0f84 | 0601 0000 | 4889 8424 | b800 0000 | 488b 9424 
  0x0000022050d1d6e0: 9800 0000 | 9048 b838 | c6f9 5d20 

  0x0000022050d1d6ec: ;   {virtual_call}
  0x0000022050d1d6ec: 0200 00e8 

  0x0000022050d1d6f0: ; ImmutableOopMap {[144]=Oop [160]=Oop [168]=Oop [184]=Oop }
                      ;*invokevirtual getCodeSigners {reexecute=0 rethrow=0 return_oop=0}
                      ; - jdk.internal.loader.BuiltinClassLoader::defineClass@56 (line 855)
  0x0000022050d1d6f0: ec13 b8ff 

  0x0000022050d1d6f4: ;   {other}
  0x0000022050d1d6f4: 0f1f 8400 | ec05 0008 

  0x0000022050d1d6fc: ;   {metadata('java/security/CodeSource')}
  0x0000022050d1d6fc: 4c8b c848 | baa8 7c16 | 0020 0200 | 0049 8b87 | b801 0000 | 488d 7828 | 493b bfc8 | 0100 000f 
  0x0000022050d1d71c: 87fd 0200 | 0049 89bf | b801 0000 | 48c7 0001 | 0000 0048 | 8bca 49ba | 0000 0000 | 2002 0000 
  0x0000022050d1d73c: 492b ca89 | 4808 4833 | c989 480c | 4833 c948 | 8948 1048 | 8948 1848 | 8948 204c | 8b84 24a8 
  0x0000022050d1d75c: 0000 0048 | 8bd0 4889 | 8424 c000 | 0000 0f1f 

  0x0000022050d1d76c: ;   {optimized virtual_call}
  0x0000022050d1d76c: 4400 00e8 

  0x0000022050d1d770: ; ImmutableOopMap {[144]=Oop [160]=Oop [184]=Oop [192]=Oop }
                      ;*invokespecial <init> {reexecute=0 rethrow=0 return_oop=0}
                      ; - jdk.internal.loader.BuiltinClassLoader::defineClass@68 (line 856)
  0x0000022050d1d770: 6c10 b8ff 

  0x0000022050d1d774: ;   {other}
  0x0000022050d1d774: 0f1f 8400 | 6c06 0009 | 4c8b 8424 | c000 0000 | 488b 9424 | a000 0000 

  0x0000022050d1d78c: ;   {optimized virtual_call}
  0x0000022050d1d78c: 6666 90e8 

  0x0000022050d1d790: ; ImmutableOopMap {[144]=Oop [160]=Oop [184]=Oop }
                      ;*invokevirtual getProtectionDomain {reexecute=0 rethrow=0 return_oop=0}
                      ; - java.security.SecureClassLoader::defineClass@5 (line 182)
                      ; - jdk.internal.loader.BuiltinClassLoader::defineClass@79 (line 857)
  0x0000022050d1d790: 4c10 b8ff 

  0x0000022050d1d794: ;   {other}
  0x0000022050d1d794: 0f1f 8400 | 8c06 000a | 4c8b 8424 | 9000 0000 | 4c8b 8c24 | b800 0000 | 488b f848 | 8b94 24a0 
  0x0000022050d1d7b4: ;   {optimized virtual_call}
  0x0000022050d1d7b4: 0000 00e8 

  0x0000022050d1d7b8: ; ImmutableOopMap {}
                      ;*invokevirtual defineClass {reexecute=0 rethrow=0 return_oop=0}
                      ; - java.security.SecureClassLoader::defineClass@8 (line 182)
                      ; - jdk.internal.loader.BuiltinClassLoader::defineClass@79 (line 857)
  0x0000022050d1d7b8: 2410 b8ff 

  0x0000022050d1d7bc: ;   {other}
  0x0000022050d1d7bc: 0f1f 8400 | b406 000b | 4881 c400 | 0100 005d 

  0x0000022050d1d7cc: ;   {poll_return}
  0x0000022050d1d7cc: 493b a748 | 0400 000f | 8752 0200 | 00c3 4c8b | 8c24 9800 | 0000 498b | d148 b860 | c6f9 5d20 
  0x0000022050d1d7ec: ;   {virtual_call}
  0x0000022050d1d7ec: 0200 00e8 

  0x0000022050d1d7f0: ; ImmutableOopMap {[144]=Oop [152]=Oop [160]=Oop [168]=Oop }
                      ;*invokevirtual getBytes {reexecute=0 rethrow=0 return_oop=0}
                      ; - jdk.internal.loader.BuiltinClassLoader::defineClass@84 (line 859)
  0x0000022050d1d7f0: 3cda c3ff 

  0x0000022050d1d7f4: ;   {other}
  0x0000022050d1d7f4: 0f1f 8400 | ec06 000c | 4889 8424 | c800 0000 | 488b 9424 | 9800 0000 | 9048 b888 | c6f9 5d20 
  0x0000022050d1d814: ;   {virtual_call}
  0x0000022050d1d814: 0200 00e8 

  0x0000022050d1d818: ; ImmutableOopMap {[144]=Oop [160]=Oop [168]=Oop [200]=Oop }
                      ;*invokevirtual getCodeSigners {reexecute=0 rethrow=0 return_oop=0}
                      ; - jdk.internal.loader.BuiltinClassLoader::defineClass@90 (line 860)
  0x0000022050d1d818: f4d8 c3ff 

  0x0000022050d1d81c: ;   {other}
  0x0000022050d1d81c: 0f1f 8400 | 1407 000d 

  0x0000022050d1d824: ;   {metadata('java/security/CodeSource')}
  0x0000022050d1d824: 4c8b c848 | baa8 7c16 | 0020 0200 | 0049 8b87 | b801 0000 | 488d 7828 | 493b bfc8 | 0100 000f 
  0x0000022050d1d844: 87f8 0100 | 0049 89bf | b801 0000 | 48c7 0001 | 0000 0048 | 8bca 49ba | 0000 0000 | 2002 0000 
  0x0000022050d1d864: 492b ca89 | 4808 4833 | c989 480c | 4833 c948 | 8948 1048 | 8948 1848 | 8948 204c | 8b84 24a8 
  0x0000022050d1d884: 0000 0048 | 8bd0 4889 | 8424 d000 | 0000 0f1f 

  0x0000022050d1d894: ;   {optimized virtual_call}
  0x0000022050d1d894: 4400 00e8 

  0x0000022050d1d898: ; ImmutableOopMap {[144]=Oop [160]=Oop [200]=Oop [208]=Oop }
                      ;*invokespecial <init> {reexecute=0 rethrow=0 return_oop=0}
                      ; - jdk.internal.loader.BuiltinClassLoader::defineClass@102 (line 861)
  0x0000022050d1d898: c4de ffff 

  0x0000022050d1d89c: ;   {other}
  0x0000022050d1d89c: 0f1f 8400 | 9407 000e | 488b 8424 | c800 0000 

  0x0000022050d1d8ac: ; implicit exception: dispatches to 0x0000022050d1da4e
  0x0000022050d1d8ac: 8b70 0c4c | 8b84 24d0 | 0000 0048 | 8b94 24a0 | 0000 0089 | b424 d800 

  0x0000022050d1d8c4: ;   {optimized virtual_call}
  0x0000022050d1d8c4: 0000 90e8 

  0x0000022050d1d8c8: ; ImmutableOopMap {[144]=Oop [160]=Oop [200]=Oop }
                      ;*invokevirtual getProtectionDomain {reexecute=0 rethrow=0 return_oop=0}
                      ; - java.security.SecureClassLoader::defineClass@9 (line 150)
                      ; - jdk.internal.loader.BuiltinClassLoader::defineClass@117 (line 862)
  0x0000022050d1d8c8: 94a7 ffff 

  0x0000022050d1d8cc: ;   {other}
  0x0000022050d1d8cc: 0f1f 8400 | c407 000f | 4c8b 8424 | 9000 0000 | 4c8b 8c24 | c800 0000 | bf00 0000 | 008b b424 
  0x0000022050d1d8ec: d800 0000 | 488b c848 | 8b94 24a0 | 0000 000f 

  0x0000022050d1d8fc: ;   {optimized virtual_call}
  0x0000022050d1d8fc: 1f40 00e8 

  0x0000022050d1d900: ; ImmutableOopMap {}
                      ;*invokevirtual defineClass {reexecute=0 rethrow=0 return_oop=0}
                      ; - java.security.SecureClassLoader::defineClass@12 (line 150)
                      ; - jdk.internal.loader.BuiltinClassLoader::defineClass@117 (line 862)
  0x0000022050d1d900: 7cda ffff 

  0x0000022050d1d904: ;   {other}
  0x0000022050d1d904: 0f1f 8400 | fc07 0010 | 4881 c400 | 0100 005d 

  0x0000022050d1d914: ;   {poll_return}
  0x0000022050d1d914: 493b a748 | 0400 000f | 8732 0100 | 00c3 498b | 8700 0500 | 004d 33d2 | 4d89 9700 | 0500 004d 
  0x0000022050d1d934: 33d2 4d89 | 9708 0500 | 0048 8bf0 | 488d 8424 | e000 0000 | 488b 5808 | 418b bf18 | 0600 0049 
  0x0000022050d1d954: 3b5c 3ff8 | 0f85 0b01 | 0000 4183 | af18 0600 | 0008 493b | 5c3f f00f | 842a 0000 | 0048 8b03 
  0x0000022050d1d974: a802 0f85 | 1200 0000 | 488b f848 | 83cf 01f0 | 480f b13b | 0f84 0d00 | 0000 4183 | 8718 0600 
  0x0000022050d1d994: 0008 e9ce | 0000 0049 | ff8f 5005 | 0000 488b | c6e9 f200 

  0x0000022050d1d9a8: ;   {runtime_call throw_null_pointer_exception Runtime1 stub}
  0x0000022050d1d9a8: 0000 e8b1 

  0x0000022050d1d9ac: ; ImmutableOopMap {rax=Oop r8=Oop [144]=Oop [152]=Oop [160]=Oop [168]=Oop }
                      ;*invokevirtual lastIndexOf {reexecute=0 rethrow=0 return_oop=0}
                      ; - jdk.internal.loader.BuiltinClassLoader::defineClass@8 (line 845)
                      ;   {runtime_call throw_null_pointer_exception Runtime1 stub}
  0x0000022050d1d9ac: 09c3 ffe8 

  0x0000022050d1d9b0: ; ImmutableOopMap {rax=Oop r8=Oop rsi=Oop [144]=Oop [152]=Oop [160]=Oop [168]=Oop }
                      ;*arraylength {reexecute=0 rethrow=0 return_oop=0}
                      ; - java.lang.String::length@4 (line 1593)
                      ; - java.lang.String::lastIndexOf@3 (line 2626)
                      ; - jdk.internal.loader.BuiltinClassLoader::defineClass@8 (line 845)
  0x0000022050d1d9b0: ac09 c3ff | 4c89 4c24 | 0848 8914 

  0x0000022050d1d9bc: ;   {runtime_call monitorenter_nofpu Runtime1 stub}
  0x0000022050d1d9bc: 24e8 1e50 

  0x0000022050d1d9c0: ; ImmutableOopMap {r9=Oop [144]=Oop [152]=Oop [160]=Oop [168]=Oop [232]=Oop }
                      ;*synchronization entry
                      ; - jdk.internal.loader.Resource::cachedInputStream@-1 (line 76)
                      ; - jdk.internal.loader.Resource::getByteBuffer@1 (line 163)
                      ; - jdk.internal.loader.BuiltinClassLoader::defineClass@45 (line 853)
  0x0000022050d1d9c0: c3ff e964 | fbff ff41 | 8b51 0c48 | c1e2 0348 | 83fa 000f | 8498 fbff | ff48 8914 

  0x0000022050d1d9dc: ;   {runtime_call g1_pre_barrier_slow}
  0x0000022050d1d9dc: 24e8 fe88 | c3ff e98a | fbff ff48 | 83f8 000f | 849f fbff | ff4c 890c 

  0x0000022050d1d9f4: ;   {runtime_call g1_post_barrier_slow}
  0x0000022050d1d9f4: 24e8 e68b | c3ff e991 | fbff ff48 | 8d84 24e0 | 0000 0048 

  0x0000022050d1da08: ;   {runtime_call monitorexit_nofpu Runtime1 stub}
  0x0000022050d1da08: 8904 24e8 | d05e c3ff | e9e5 fbff | ff48 8914 

  0x0000022050d1da18: ;   {runtime_call throw_class_cast_exception Runtime1 stub}
  0x0000022050d1da18: 24e8 423f 

  0x0000022050d1da1c: ; ImmutableOopMap {[144]=Oop [152]=Oop [160]=Oop [168]=Oop }
                      ;*checkcast {reexecute=0 rethrow=0 return_oop=0}
                      ; - jdk.internal.loader.Resource::getByteBuffer@13 (line 165)
                      ; - jdk.internal.loader.BuiltinClassLoader::defineClass@45 (line 853)
  0x0000022050d1da1c: c3ff 488b 

  0x0000022050d1da20: ;   {runtime_call fast_new_instance Runtime1 stub}
  0x0000022050d1da20: d2e8 3a12 

  0x0000022050d1da24: ; ImmutableOopMap {r9=Oop [144]=Oop [160]=Oop [168]=Oop [184]=Oop }
                      ;*new {reexecute=0 rethrow=0 return_oop=0}
                      ; - jdk.internal.loader.BuiltinClassLoader::defineClass@61 (line 856)
  0x0000022050d1da24: c3ff e92c 

  0x0000022050d1da28: ;   {internal_word}
  0x0000022050d1da28: fdff ff49 | bacc d7d1 | 5020 0200 | 004d 8997 | 6004 0000 

  0x0000022050d1da3c: ;   {runtime_call SafepointBlob}
  0x0000022050d1da3c: e99f 79b8 | ff48 8bd2 

  0x0000022050d1da44: ;   {runtime_call fast_new_instance Runtime1 stub}
  0x0000022050d1da44: e817 12c3 

  0x0000022050d1da48: ; ImmutableOopMap {r9=Oop [144]=Oop [160]=Oop [168]=Oop [200]=Oop }
                      ;*new {reexecute=0 rethrow=0 return_oop=0}
                      ; - jdk.internal.loader.BuiltinClassLoader::defineClass@95 (line 861)
  0x0000022050d1da48: ffe9 31fe 

  0x0000022050d1da4c: ;   {runtime_call throw_null_pointer_exception Runtime1 stub}
  0x0000022050d1da4c: ffff e80d 

  0x0000022050d1da50: ; ImmutableOopMap {rax=Oop [144]=Oop [160]=Oop [200]=Oop [208]=Oop }
                      ;*arraylength {reexecute=0 rethrow=0 return_oop=0}
                      ; - jdk.internal.loader.BuiltinClassLoader::defineClass@114 (line 862)
                      ;   {internal_word}
  0x0000022050d1da50: 09c3 ff49 | ba14 d9d1 | 5020 0200 | 004d 8997 | 6004 0000 

  0x0000022050d1da64: ;   {runtime_call SafepointBlob}
  0x0000022050d1da64: e977 79b8 | ff48 8d84 | 24e0 0000 | 0048 8904 

  0x0000022050d1da74: ;   {runtime_call monitorexit_nofpu Runtime1 stub}
  0x0000022050d1da74: 24e8 665e | c3ff e923 | ffff ff49 | 8b87 0005 | 0000 49c7 | 8700 0500 | 0000 0000 | 0049 c787 
  0x0000022050d1da94: 0805 0000 | 0000 0000 | 4881 c400 | 0100 005d 

  0x0000022050d1daa4: ;   {runtime_call unwind_exception Runtime1 stub}
  0x0000022050d1daa4: e9b7 f9c2 | fff4 f4f4 | f4f4 f4f4 
[Stub Code]
  0x0000022050d1dab0: ;   {no_reloc}
  0x0000022050d1dab0: 0f1f 4400 

  0x0000022050d1dab4: ;   {static_stub}
  0x0000022050d1dab4: 0048 bb00 | 0000 0000 

  0x0000022050d1dabc: ;   {runtime_call nmethod}
  0x0000022050d1dabc: 0000 00e9 | fbff ffff 

  0x0000022050d1dac4: ;   {static_stub}
  0x0000022050d1dac4: 9048 bb00 | 0000 0000 

  0x0000022050d1dacc: ;   {runtime_call nmethod}
  0x0000022050d1dacc: 0000 00e9 | fbff ffff 

  0x0000022050d1dad4: ;   {static_stub}
  0x0000022050d1dad4: 9048 bb00 | 0000 0000 

  0x0000022050d1dadc: ;   {runtime_call nmethod}
  0x0000022050d1dadc: 0000 00e9 | fbff ffff 

  0x0000022050d1dae4: ;   {static_stub}
  0x0000022050d1dae4: 9048 bb00 | 0000 0000 

  0x0000022050d1daec: ;   {runtime_call nmethod}
  0x0000022050d1daec: 0000 00e9 | fbff ffff 

  0x0000022050d1daf4: ;   {static_stub}
  0x0000022050d1daf4: 9048 bb00 | 0000 0000 

  0x0000022050d1dafc: ;   {runtime_call nmethod}
  0x0000022050d1dafc: 0000 00e9 | fbff ffff 

  0x0000022050d1db04: ;   {static_stub}
  0x0000022050d1db04: 9048 bb00 | 0000 0000 

  0x0000022050d1db0c: ;   {runtime_call nmethod}
  0x0000022050d1db0c: 0000 00e9 | fbff ffff 

  0x0000022050d1db14: ;   {static_stub}
  0x0000022050d1db14: 9048 bb00 | 0000 0000 

  0x0000022050d1db1c: ;   {runtime_call nmethod}
  0x0000022050d1db1c: 0000 00e9 | fbff ffff 

  0x0000022050d1db24: ;   {static_stub}
  0x0000022050d1db24: 9048 bb00 | 0000 0000 

  0x0000022050d1db2c: ;   {runtime_call nmethod}
  0x0000022050d1db2c: 0000 00e9 | fbff ffff 

  0x0000022050d1db34: ;   {static_stub}
  0x0000022050d1db34: 48bb 0000 | 0000 0000 

  0x0000022050d1db3c: ;   {runtime_call nmethod}
  0x0000022050d1db3c: 0000 e9fb 

  0x0000022050d1db40: ;   {static_stub}
  0x0000022050d1db40: ffff ff48 | bb00 0000 | 0000 0000 

  0x0000022050d1db4c: ;   {runtime_call nmethod}
  0x0000022050d1db4c: 00e9 fbff 

  0x0000022050d1db50: ;   {static_stub}
  0x0000022050d1db50: ffff 48bb | 0000 0000 | 0000 0000 

  0x0000022050d1db5c: ;   {runtime_call nmethod}
  0x0000022050d1db5c: e9fb ffff 

  0x0000022050d1db60: ;   {static_stub}
  0x0000022050d1db60: ff48 bb00 | 0000 0000 

  0x0000022050d1db68: ;   {runtime_call nmethod}
  0x0000022050d1db68: 0000 00e9 | fbff ffff 

  0x0000022050d1db70: ;   {static_stub}
  0x0000022050d1db70: 48bb 0000 | 0000 0000 

  0x0000022050d1db78: ;   {runtime_call nmethod}
  0x0000022050d1db78: 0000 e9fb 

  0x0000022050d1db7c: ;   {static_stub}
  0x0000022050d1db7c: ffff ff48 | bb00 0000 | 0000 0000 

  0x0000022050d1db88: ;   {runtime_call nmethod}
  0x0000022050d1db88: 00e9 fbff 

  0x0000022050d1db8c: ;   {static_stub}
  0x0000022050d1db8c: ffff 48bb | 0000 0000 | 0000 0000 

  0x0000022050d1db98: ;   {runtime_call nmethod}
  0x0000022050d1db98: e9fb ffff 

  0x0000022050d1db9c: ;   {runtime_call handle_exception_from_callee Runtime1 stub}
  0x0000022050d1db9c: ffe8 be37 

  0x0000022050d1dba0: ;   {external_word}
  0x0000022050d1dba0: c3ff 48b9 | d86e 439f | fe7f 0000 | 4883 e4f0 

  0x0000022050d1dbb0: ;   {runtime_call}
  0x0000022050d1dbb0: 48b8 c042 | 049f fe7f | 0000 ffd0 

  0x0000022050d1dbbc: ;   {section_word}
  0x0000022050d1dbbc: f449 babd | dbd1 5020 | 0200 0041 

  0x0000022050d1dbc8: ;   {runtime_call DeoptimizationBlob}
  0x0000022050d1dbc8: 52e9 b26a | b8ff f4f4 
[/MachCode]


---------------  P R O C E S S  ---------------

Threads class SMR info:
_java_thread_list=0x0000022061b4de00, length=40, elements={
0x000002205cb9b230, 0x000002205cb9bc90, 0x000002205cb9ea00, 0x000002205cba1e70,
0x000002205cba3ec0, 0x000002205cba7b70, 0x000002205cba7210, 0x000002204516a220,
0x000002205d712210, 0x000002205d712880, 0x000002205d9ee9a0, 0x000002205da00390,
0x000002205da57460, 0x000002205dab7bb0, 0x000002205deae640, 0x000002205deb0080,
0x000002205deaf9f0, 0x00000220601b2550, 0x00000220601b3270, 0x00000220601b4cb0,
0x00000220601b1830, 0x00000220601b6060, 0x00000220601b5340, 0x00000220601b2be0,
0x00000220601b59d0, 0x00000220601b66f0, 0x00000220601b7410, 0x00000220601b6d80,
0x00000220601b3f90, 0x00000220601b4620, 0x0000022061d18480, 0x0000022061d17760,
0x0000022061d1a550, 0x0000022061d170d0, 0x0000022061d18b10, 0x0000022061d19ec0,
0x0000022061d17df0, 0x0000022061d1b270, 0x0000022061d1bf90, 0x0000022061d1c620
}

Java Threads: ( => current thread )
  0x000002205cb9b230 JavaThread "Reference Handler"          daemon [_thread_blocked, id=15920, stack(0x000000b8f7100000,0x000000b8f7200000) (1024K)]
  0x000002205cb9bc90 JavaThread "Finalizer"                  daemon [_thread_blocked, id=1588, stack(0x000000b8f7200000,0x000000b8f7300000) (1024K)]
  0x000002205cb9ea00 JavaThread "Signal Dispatcher"          daemon [_thread_blocked, id=22576, stack(0x000000b8f7300000,0x000000b8f7400000) (1024K)]
  0x000002205cba1e70 JavaThread "Attach Listener"            daemon [_thread_blocked, id=20940, stack(0x000000b8f7400000,0x000000b8f7500000) (1024K)]
  0x000002205cba3ec0 JavaThread "Service Thread"             daemon [_thread_blocked, id=14972, stack(0x000000b8f7500000,0x000000b8f7600000) (1024K)]
  0x000002205cba7b70 JavaThread "Monitor Deflation Thread"   daemon [_thread_blocked, id=13508, stack(0x000000b8f7600000,0x000000b8f7700000) (1024K)]
  0x000002205cba7210 JavaThread "C1 CompilerThread0"         daemon [_thread_blocked, id=3148, stack(0x000000b8f7700000,0x000000b8f7800000) (1024K)]
  0x000002204516a220 JavaThread "Common-Cleaner"             daemon [_thread_blocked, id=18052, stack(0x000000b8f7900000,0x000000b8f7a00000) (1024K)]
  0x000002205d712210 JavaThread "Monitor Ctrl-Break"         daemon [_thread_in_native, id=17300, stack(0x000000b8f7c00000,0x000000b8f7d00000) (1024K)]
  0x000002205d712880 JavaThread "Notification Thread"        daemon [_thread_blocked, id=16756, stack(0x000000b8f7d00000,0x000000b8f7e00000) (1024K)]
  0x000002205d9ee9a0 JavaThread "RMI TCP Accept-0"           daemon [_thread_in_native, id=4264, stack(0x000000b8f8700000,0x000000b8f8800000) (1024K)]
  0x000002205da00390 JavaThread "RMI TCP Connection(1)-192.168.100.84" daemon [_thread_in_native, id=4320, stack(0x000000b8f8800000,0x000000b8f8900000) (1024K)]
  0x000002205da57460 JavaThread "RMI Scheduler(0)"           daemon [_thread_blocked, id=5212, stack(0x000000b8f8900000,0x000000b8f8a00000) (1024K)]
  0x000002205dab7bb0 JavaThread "JMX server connection timeout 43" daemon [_thread_blocked, id=20188, stack(0x000000b8f8a00000,0x000000b8f8b00000) (1024K)]
  0x000002205deae640 JavaThread "Catalina-utility-1"                [_thread_blocked, id=9904, stack(0x000000b8f7b00000,0x000000b8f7c00000) (1024K)]
  0x000002205deb0080 JavaThread "Catalina-utility-2"                [_thread_blocked, id=22964, stack(0x000000b8f9500000,0x000000b8f9600000) (1024K)]
  0x000002205deaf9f0 JavaThread "container-0"                       [_thread_blocked, id=6892, stack(0x000000b8f9600000,0x000000b8f9700000) (1024K)]
  0x00000220601b2550 JavaThread "mysql-cj-abandoned-connection-cleanup" daemon [_thread_blocked, id=5328, stack(0x000000b8f9700000,0x000000b8f9800000) (1024K)]
  0x00000220601b3270 JavaThread "HikariPool-1:housekeeper"   daemon [_thread_blocked, id=21036, stack(0x000000b8f9900000,0x000000b8f9a00000) (1024K)]
  0x00000220601b4cb0 JavaThread "spectator-gauge-polling-0"  daemon [_thread_blocked, id=15380, stack(0x000000b8f9100000,0x000000b8f9200000) (1024K)]
  0x00000220601b1830 JavaThread "AsyncResolver-bootstrap-%d" daemon [_thread_blocked, id=16036, stack(0x000000b8f9200000,0x000000b8f9300000) (1024K)]
  0x00000220601b6060 JavaThread "DiscoveryClient-%d"         daemon [_thread_blocked, id=15040, stack(0x000000b8f9a00000,0x000000b8f9b00000) (1024K)]
  0x00000220601b5340 JavaThread "DiscoveryClient-%d"         daemon [_thread_blocked, id=3216, stack(0x000000b8f9b00000,0x000000b8f9c00000) (1024K)]
  0x00000220601b2be0 JavaThread "DiscoveryClient-InstanceInfoReplicator-%d" daemon [_thread_blocked, id=18984, stack(0x000000b8f9c00000,0x000000b8f9d00000) (1024K)]
  0x00000220601b59d0 JavaThread "http-nio-8086-exec-1"       daemon [_thread_blocked, id=13568, stack(0x000000b8f9d00000,0x000000b8f9e00000) (1024K)]
  0x00000220601b66f0 JavaThread "http-nio-8086-exec-2"       daemon [_thread_blocked, id=13376, stack(0x000000b8f9e00000,0x000000b8f9f00000) (1024K)]
=>0x00000220601b7410 JavaThread "http-nio-8086-exec-3"       daemon [_thread_in_vm, id=23340, stack(0x000000b8f9f00000,0x000000b8fa000000) (1024K)]
  0x00000220601b6d80 JavaThread "http-nio-8086-exec-4"       daemon [_thread_blocked, id=19572, stack(0x000000b8fa000000,0x000000b8fa100000) (1024K)]
  0x00000220601b3f90 JavaThread "http-nio-8086-exec-5"       daemon [_thread_blocked, id=6912, stack(0x000000b8fa100000,0x000000b8fa200000) (1024K)]
  0x00000220601b4620 JavaThread "http-nio-8086-exec-6"       daemon [_thread_blocked, id=9652, stack(0x000000b8fa200000,0x000000b8fa300000) (1024K)]
  0x0000022061d18480 JavaThread "http-nio-8086-exec-7"       daemon [_thread_blocked, id=6828, stack(0x000000b8fa300000,0x000000b8fa400000) (1024K)]
  0x0000022061d17760 JavaThread "http-nio-8086-exec-8"       daemon [_thread_blocked, id=11788, stack(0x000000b8fa400000,0x000000b8fa500000) (1024K)]
  0x0000022061d1a550 JavaThread "http-nio-8086-exec-9"       daemon [_thread_blocked, id=22220, stack(0x000000b8fa500000,0x000000b8fa600000) (1024K)]
  0x0000022061d170d0 JavaThread "http-nio-8086-exec-10"      daemon [_thread_blocked, id=10732, stack(0x000000b8fa600000,0x000000b8fa700000) (1024K)]
  0x0000022061d18b10 JavaThread "http-nio-8086-Poller"       daemon [_thread_in_native, id=16604, stack(0x000000b8fa700000,0x000000b8fa800000) (1024K)]
  0x0000022061d19ec0 JavaThread "http-nio-8086-Acceptor"     daemon [_thread_in_native, id=18960, stack(0x000000b8fa800000,0x000000b8fa900000) (1024K)]
  0x0000022061d17df0 JavaThread "scheduling-1"                      [_thread_blocked, id=14524, stack(0x000000b8f7a00000,0x000000b8f7b00000) (1024K)]
  0x0000022061d1b270 JavaThread "DestroyJavaVM"                     [_thread_blocked, id=18200, stack(0x000000b8f6900000,0x000000b8f6a00000) (1024K)]
  0x0000022061d1bf90 JavaThread "DiscoveryClient-CacheRefreshExecutor-%d" daemon [_thread_blocked, id=17532, stack(0x000000b8faa00000,0x000000b8fab00000) (1024K)]
  0x0000022061d1c620 JavaThread "DiscoveryClient-HeartbeatExecutor-%d" daemon [_thread_blocked, id=4536, stack(0x000000b8fab00000,0x000000b8fac00000) (1024K)]
Total: 40

Other Threads:
  0x000002205cb7d980 VMThread "VM Thread"                           [id=14420, stack(0x000000b8f7000000,0x000000b8f7100000) (1024K)]
  0x000002205cb6cfb0 WatcherThread "VM Periodic Task Thread"        [id=20040, stack(0x000000b8f6f00000,0x000000b8f7000000) (1024K)]
  0x0000022047f52150 WorkerThread "GC Thread#0"                     [id=21664, stack(0x000000b8f6a00000,0x000000b8f6b00000) (1024K)]
  0x000002205d96ec40 WorkerThread "GC Thread#1"                     [id=19060, stack(0x000000b8f7e00000,0x000000b8f7f00000) (1024K)]
  0x000002205d96eff0 WorkerThread "GC Thread#2"                     [id=15376, stack(0x000000b8f7f00000,0x000000b8f8000000) (1024K)]
  0x000002205d9707b0 WorkerThread "GC Thread#3"                     [id=23328, stack(0x000000b8f8000000,0x000000b8f8100000) (1024K)]
  0x000002205d970b60 WorkerThread "GC Thread#4"                     [id=18892, stack(0x000000b8f8100000,0x000000b8f8200000) (1024K)]
  0x000002205d970f10 WorkerThread "GC Thread#5"                     [id=7568, stack(0x000000b8f8200000,0x000000b8f8300000) (1024K)]
  0x000002205d9712c0 WorkerThread "GC Thread#6"                     [id=22184, stack(0x000000b8f8300000,0x000000b8f8400000) (1024K)]
  0x000002205d9e2170 WorkerThread "GC Thread#7"                     [id=6664, stack(0x000000b8f8400000,0x000000b8f8500000) (1024K)]
  0x000002205d9e2520 WorkerThread "GC Thread#8"                     [id=6536, stack(0x000000b8f8500000,0x000000b8f8600000) (1024K)]
  0x000002205d9e68e0 WorkerThread "GC Thread#9"                     [id=14944, stack(0x000000b8f8600000,0x000000b8f8700000) (1024K)]
  0x000002205db2d4f0 WorkerThread "GC Thread#10"                    [id=2272, stack(0x000000b8f8b00000,0x000000b8f8c00000) (1024K)]
  0x000002205db2c280 WorkerThread "GC Thread#11"                    [id=21764, stack(0x000000b8f8c00000,0x000000b8f8d00000) (1024K)]
  0x000002205db2bb20 WorkerThread "GC Thread#12"                    [id=22496, stack(0x000000b8f8d00000,0x000000b8f8e00000) (1024K)]
  0x0000022047f5f6e0 ConcurrentGCThread "G1 Main Marker"            [id=15020, stack(0x000000b8f6b00000,0x000000b8f6c00000) (1024K)]
  0x0000022047f60100 WorkerThread "G1 Conc#0"                       [id=22524, stack(0x000000b8f6c00000,0x000000b8f6d00000) (1024K)]
  0x000002205e1a5f60 WorkerThread "G1 Conc#1"                       [id=16880, stack(0x000000b8f9300000,0x000000b8f9400000) (1024K)]
  0x000002205e1a7580 WorkerThread "G1 Conc#2"                       [id=5788, stack(0x000000b8f9400000,0x000000b8f9500000) (1024K)]
  0x000002205ca3f440 ConcurrentGCThread "G1 Refine#0"               [id=2028, stack(0x000000b8f6d00000,0x000000b8f6e00000) (1024K)]
  0x000002205ca3fed0 ConcurrentGCThread "G1 Service"                [id=3672, stack(0x000000b8f6e00000,0x000000b8f6f00000) (1024K)]
Total: 21

Threads with active compile tasks:
Total: 0

VM state: not at safepoint (normal execution)

VM Mutex/Monitor currently owned by a thread:  ([mutex/lock_event])
[0x00007ffe9f6f5cd8] Metaspace_lock - owner thread: 0x00000220601b7410

Heap address: 0x00000006c2c00000, size: 5076 MB, Compressed Oops mode: Zero based, Oop shift amount: 3

CDS archive(s) mapped at: [0x0000022000000000-0x0000022000d70000-0x0000022000d70000), size 14090240, SharedBaseAddress: 0x0000022000000000, ArchiveRelocationMode: 1.
Compressed class space mapped at: 0x0000022001000000-0x0000022041000000, reserved size: 1073741824
Narrow klass base: 0x0000022000000000, Narrow klass shift: 0, Narrow klass range: 0x41000000

GC Precious Log:
 CardTable entry size: 512
 Card Set container configuration: InlinePtr #cards 4 size 8 Array Of Cards #cards 32 size 80 Howl #buckets 8 coarsen threshold 7372 Howl Bitmap #cards 1024 size 144 coarsen threshold 921 Card regions per heap region 1 cards per card region 8192
 CPUs: 16 total, 16 available
 Memory: 20302M
 Large Page Support: Disabled
 NUMA Support: Disabled
 Compressed Oops: Enabled (Zero based)
 Heap Region Size: 4M
 Heap Min Capacity: 8M
 Heap Initial Capacity: 320M
 Heap Max Capacity: 5076M
 Pre-touch: Disabled
 Parallel Workers: 13
 Concurrent Workers: 3
 Concurrent Refinement Workers: 13
 Periodic GC: Disabled

Heap:
 garbage-first heap   total reserved 5197824K, committed 188416K, used 106884K [0x00000006c2c00000, 0x0000000800000000)
  region size 4096K, 11 young (45056K), 2 survivors (8192K)
 Metaspace       used 93976K, committed 94784K, reserved 1179648K
  class space    used 14245K, committed 14592K, reserved 1048576K

Heap Regions: E=young(eden), S=young(survivor), O=old, HS=humongous(starts), HC=humongous(continues), CS=collection set, F=free, TAMS=top-at-mark-start, PB=parsable bottom
|   0|0x00000006c2c00000, 0x00000006c3000000, 0x00000006c3000000|100%| O|  |TAMS 0x00000006c2c00000| PB 0x00000006c2c00000| Untracked |  0
|   1|0x00000006c3000000, 0x00000006c31ceec0, 0x00000006c3400000| 45%| O|  |TAMS 0x00000006c3000000| PB 0x00000006c3000000| Untracked |  0
|   2|0x00000006c3400000, 0x00000006c3800000, 0x00000006c3800000|100%| O|  |TAMS 0x00000006c3400000| PB 0x00000006c3400000| Untracked |  0
|   3|0x00000006c3800000, 0x00000006c3c00000, 0x00000006c3c00000|100%| O|  |TAMS 0x00000006c3800000| PB 0x00000006c3800000| Untracked |  0
|   4|0x00000006c3c00000, 0x00000006c4000000, 0x00000006c4000000|100%| O|  |TAMS 0x00000006c3c00000| PB 0x00000006c3c00000| Untracked |  0
|   5|0x00000006c4000000, 0x00000006c4400000, 0x00000006c4400000|100%| O|  |TAMS 0x00000006c4000000| PB 0x00000006c4000000| Untracked |  0
|   6|0x00000006c4400000, 0x00000006c4800000, 0x00000006c4800000|100%| O|  |TAMS 0x00000006c4400000| PB 0x00000006c4400000| Untracked |  0
|   7|0x00000006c4800000, 0x00000006c4c00000, 0x00000006c4c00000|100%| O|  |TAMS 0x00000006c4800000| PB 0x00000006c4800000| Untracked |  0
|   8|0x00000006c4c00000, 0x00000006c5000000, 0x00000006c5000000|100%| O|  |TAMS 0x00000006c4c00000| PB 0x00000006c4c00000| Untracked |  0
|   9|0x00000006c5000000, 0x00000006c5400000, 0x00000006c5400000|100%| O|  |TAMS 0x00000006c5000000| PB 0x00000006c5000000| Untracked |  0
|  10|0x00000006c5400000, 0x00000006c5800000, 0x00000006c5800000|100%| O|  |TAMS 0x00000006c5400000| PB 0x00000006c5400000| Untracked |  0
|  11|0x00000006c5800000, 0x00000006c5c00000, 0x00000006c5c00000|100%| O|  |TAMS 0x00000006c5800000| PB 0x00000006c5800000| Untracked |  0
|  12|0x00000006c5c00000, 0x00000006c6000000, 0x00000006c6000000|100%| O|  |TAMS 0x00000006c5c00000| PB 0x00000006c5c00000| Untracked |  0
|  13|0x00000006c6000000, 0x00000006c6400000, 0x00000006c6400000|100%| O|  |TAMS 0x00000006c6000000| PB 0x00000006c6000000| Untracked |  0
|  14|0x00000006c6400000, 0x00000006c6800000, 0x00000006c6800000|100%| O|  |TAMS 0x00000006c6400000| PB 0x00000006c6400000| Untracked |  0
|  15|0x00000006c6800000, 0x00000006c6c00000, 0x00000006c6c00000|100%| O|  |TAMS 0x00000006c6800000| PB 0x00000006c6800000| Untracked |  0
|  16|0x00000006c6c00000, 0x00000006c7000000, 0x00000006c7000000|100%| O|  |TAMS 0x00000006c6c00000| PB 0x00000006c6c00000| Untracked |  0
|  17|0x00000006c7000000, 0x00000006c7000000, 0x00000006c7400000|  0%| F|  |TAMS 0x00000006c7000000| PB 0x00000006c7000000| Untracked |  0
|  18|0x00000006c7400000, 0x00000006c7400000, 0x00000006c7800000|  0%| F|  |TAMS 0x00000006c7400000| PB 0x00000006c7400000| Untracked |  0
|  19|0x00000006c7800000, 0x00000006c7800000, 0x00000006c7c00000|  0%| F|  |TAMS 0x00000006c7800000| PB 0x00000006c7800000| Untracked |  0
|  20|0x00000006c7c00000, 0x00000006c7c00000, 0x00000006c8000000|  0%| F|  |TAMS 0x00000006c7c00000| PB 0x00000006c7c00000| Untracked |  0
|  21|0x00000006c8000000, 0x00000006c8000000, 0x00000006c8400000|  0%| F|  |TAMS 0x00000006c8000000| PB 0x00000006c8000000| Untracked |  0
|  22|0x00000006c8400000, 0x00000006c8400000, 0x00000006c8800000|  0%| F|  |TAMS 0x00000006c8400000| PB 0x00000006c8400000| Untracked |  0
|  23|0x00000006c8800000, 0x00000006c8a92268, 0x00000006c8c00000| 64%| S|CS|TAMS 0x00000006c8800000| PB 0x00000006c8800000| Complete |  0
|  24|0x00000006c8c00000, 0x00000006c9000000, 0x00000006c9000000|100%| S|CS|TAMS 0x00000006c8c00000| PB 0x00000006c8c00000| Complete |  0
|  25|0x00000006c9000000, 0x00000006c9000000, 0x00000006c9400000|  0%| F|  |TAMS 0x00000006c9000000| PB 0x00000006c9000000| Untracked |  0
|  26|0x00000006c9400000, 0x00000006c9400000, 0x00000006c9800000|  0%| F|  |TAMS 0x00000006c9400000| PB 0x00000006c9400000| Untracked |  0
|  27|0x00000006c9800000, 0x00000006c9800000, 0x00000006c9c00000|  0%| F|  |TAMS 0x00000006c9800000| PB 0x00000006c9800000| Untracked |  0
|  28|0x00000006c9c00000, 0x00000006c9c00000, 0x00000006ca000000|  0%| F|  |TAMS 0x00000006c9c00000| PB 0x00000006c9c00000| Untracked |  0
|  29|0x00000006ca000000, 0x00000006ca000000, 0x00000006ca400000|  0%| F|  |TAMS 0x00000006ca000000| PB 0x00000006ca000000| Untracked |  0
|  30|0x00000006ca400000, 0x00000006ca400000, 0x00000006ca800000|  0%| F|  |TAMS 0x00000006ca400000| PB 0x00000006ca400000| Untracked |  0
|  31|0x00000006ca800000, 0x00000006ca800000, 0x00000006cac00000|  0%| F|  |TAMS 0x00000006ca800000| PB 0x00000006ca800000| Untracked |  0
|  32|0x00000006cac00000, 0x00000006cac00000, 0x00000006cb000000|  0%| F|  |TAMS 0x00000006cac00000| PB 0x00000006cac00000| Untracked |  0
|  33|0x00000006cb000000, 0x00000006cb000000, 0x00000006cb400000|  0%| F|  |TAMS 0x00000006cb000000| PB 0x00000006cb000000| Untracked |  0
|  34|0x00000006cb400000, 0x00000006cb400000, 0x00000006cb800000|  0%| F|  |TAMS 0x00000006cb400000| PB 0x00000006cb400000| Untracked |  0
|  35|0x00000006cb800000, 0x00000006cb800000, 0x00000006cbc00000|  0%| F|  |TAMS 0x00000006cb800000| PB 0x00000006cb800000| Untracked |  0
|  36|0x00000006cbc00000, 0x00000006cbc00000, 0x00000006cc000000|  0%| F|  |TAMS 0x00000006cbc00000| PB 0x00000006cbc00000| Untracked |  0
|  37|0x00000006cc000000, 0x00000006cc223208, 0x00000006cc400000| 53%| E|  |TAMS 0x00000006cc000000| PB 0x00000006cc000000| Complete |  0
|  38|0x00000006cc400000, 0x00000006cc800000, 0x00000006cc800000|100%| E|CS|TAMS 0x00000006cc400000| PB 0x00000006cc400000| Complete |  0
|  39|0x00000006cc800000, 0x00000006ccc00000, 0x00000006ccc00000|100%| E|CS|TAMS 0x00000006cc800000| PB 0x00000006cc800000| Complete |  0
|  40|0x00000006ccc00000, 0x00000006cd000000, 0x00000006cd000000|100%| E|CS|TAMS 0x00000006ccc00000| PB 0x00000006ccc00000| Complete |  0
|  41|0x00000006cd000000, 0x00000006cd400000, 0x00000006cd400000|100%| E|CS|TAMS 0x00000006cd000000| PB 0x00000006cd000000| Complete |  0
|  42|0x00000006cd400000, 0x00000006cd800000, 0x00000006cd800000|100%| E|CS|TAMS 0x00000006cd400000| PB 0x00000006cd400000| Complete |  0
|  43|0x00000006cd800000, 0x00000006cdc00000, 0x00000006cdc00000|100%| E|CS|TAMS 0x00000006cd800000| PB 0x00000006cd800000| Complete |  0
|  44|0x00000006cdc00000, 0x00000006ce000000, 0x00000006ce000000|100%| E|CS|TAMS 0x00000006cdc00000| PB 0x00000006cdc00000| Complete |  0
|  79|0x00000006d6800000, 0x00000006d6c00000, 0x00000006d6c00000|100%| E|CS|TAMS 0x00000006d6800000| PB 0x00000006d6800000| Complete |  0

Card table byte_map: [0x00000220549b0000,0x00000220553a0000] _byte_map_base: 0x000002205139a000

Marking Bits: (CMBitMap*) 0x0000022047f52770
 Bits: [0x00000220553a0000, 0x000002205a2f0000)

Polling page: 0x0000022045a90000

Metaspace:

Usage:
  Non-class:     77.86 MB used.
      Class:     13.91 MB used.
       Both:     91.77 MB used.

Virtual space:
  Non-class space:      128.00 MB reserved,      78.31 MB ( 61%) committed,  2 nodes.
      Class space:        1.00 GB reserved,      14.25 MB (  1%) committed,  1 nodes.
             Both:        1.12 GB reserved,      92.56 MB (  8%) committed. 

Chunk freelists:
   Non-Class:  1.23 MB
       Class:  1.62 MB
        Both:  2.86 MB

MaxMetaspaceSize: unlimited
CompressedClassSpaceSize: 1.00 GB
Initial GC threshold: 21.00 MB
Current GC threshold: 130.12 MB
CDS: on
 - commit_granule_bytes: 65536.
 - commit_granule_words: 8192.
 - virtual_space_node_default_size: 8388608.
 - enlarge_chunks_in_place: 1.
 - use_allocation_guard: 0.


Internal statistics:

num_allocs_failed_limit: 6.
num_arena_births: 1284.
num_arena_deaths: 0.
num_vsnodes_births: 3.
num_vsnodes_deaths: 0.
num_space_committed: 1481.
num_space_uncommitted: 0.
num_chunks_returned_to_freelist: 6.
num_chunks_taken_from_freelist: 4538.
num_chunk_merges: 6.
num_chunk_splits: 3390.
num_chunks_enlarged: 2754.
num_inconsistent_stats: 0.

CodeCache: size=49152Kb used=13328Kb max_used=14828Kb free=35823Kb
 bounds [0x0000022050850000, 0x0000022051700000, 0x0000022053850000]
 total_blobs=10413, nmethods=9633, adapters=703, full_count=0
Compilation: enabled, stopped_count=0, restarted_count=0

Compilation events (20 events):
Event: 148.370 Thread 0x000002205cba7210 nmethod 9700 0x0000022050a2e608 code [0x0000022050a2e760, 0x0000022050a2ea78]
Event: 148.376 Thread 0x000002205f0662a0 nmethod 9699 0x0000022050a2e308 code [0x0000022050a2e420, 0x0000022050a2e4f8]
Event: 149.542 Thread 0x000002205f0662a0 9702       1       java.lang.invoke.LambdaForm$MH/0x0000022001e50c00::invoke (104 bytes)
Event: 149.542 Thread 0x000002205f0662a0 nmethod 9702 0x0000022050a2d788 code [0x0000022050a2d940, 0x0000022050a2ded8]
Event: 149.543 Thread 0x000002205cba7210 9705   !   1       com.sun.jmx.mbeanserver.DefaultMXBeanMappingFactory$CompositeMapping::toNonNullOpenValue (135 bytes)
Event: 149.543 Thread 0x000002205f0662a0 9703       1       sun.management.MemoryImpl::getHeapMemoryUsage (6 bytes)
Event: 149.543 Thread 0x000002205f0662a0 nmethod 9703 0x0000022050a2d488 code [0x0000022050a2d5a0, 0x0000022050a2d688]
Event: 149.543 Thread 0x000002205f0662a0 9707       1       javax.management.openmbean.CompositeDataSupport::makeMap (155 bytes)
Event: 149.543 Thread 0x000002205cba7210 nmethod 9705 0x0000022050a2ca08 code [0x0000022050a2cbe0, 0x0000022050a2d408]
Event: 149.543 Thread 0x000002205cba7210 9708       1       javax.management.openmbean.CompositeDataSupport::<init> (227 bytes)
Event: 149.544 Thread 0x000002205f0662a0 nmethod 9707 0x0000022050a2c188 code [0x0000022050a2c340, 0x0000022050a2c9b0]
Event: 149.544 Thread 0x000002205f0662a0 9704       1       java.lang.management.MemoryUsage::<init> (170 bytes)
Event: 149.544 Thread 0x000002205f0662a0 nmethod 9704 0x0000022050a2b908 code [0x0000022050a2bae0, 0x0000022050a2c158]
Event: 149.544 Thread 0x000002205f0662a0 9706       1       javax.management.openmbean.CompositeDataSupport::<init> (11 bytes)
Event: 149.544 Thread 0x000002205f0662a0 nmethod 9706 0x0000022050a2b608 code [0x0000022050a2b740, 0x0000022050a2b860]
Event: 149.544 Thread 0x000002205f0662a0 9709       1       javax.management.openmbean.CompositeType::keySet (26 bytes)
Event: 149.545 Thread 0x000002205cba7210 nmethod 9708 0x0000022050a2a288 code [0x0000022050a2a580, 0x0000022050a2b520]
Event: 149.545 Thread 0x000002205f0662a0 nmethod 9709 0x0000022050a29c08 code [0x0000022050a29d60, 0x0000022050a2a1c0]
Event: 149.545 Thread 0x000002205cba7210 9710       1       java.util.Collections$UnmodifiableSet::equals (24 bytes)
Event: 149.545 Thread 0x000002205cba7210 nmethod 9710 0x0000022050a29908 code [0x0000022050a29a20, 0x0000022050a29b38]

GC Heap History (20 events):
Event: 12.483 GC heap before
{Heap before GC invocations=14 (full 0):
 garbage-first heap   total reserved 5197824K, committed 122880K, used 97116K [0x00000006c2c00000, 0x0000000800000000)
  region size 4096K, 15 young (61440K), 1 survivors (4096K)
 Metaspace       used 74834K, committed 75584K, reserved 1114112K
  class space    used 11130K, committed 11456K, reserved 1048576K
}
Event: 12.487 GC heap after
{Heap after GC invocations=15 (full 0):
 garbage-first heap   total reserved 5197824K, committed 122880K, used 42332K [0x00000006c2c00000, 0x0000000800000000)
  region size 4096K, 2 young (8192K), 2 survivors (8192K)
 Metaspace       used 74834K, committed 75584K, reserved 1114112K
  class space    used 11130K, committed 11456K, reserved 1048576K
}
Event: 12.618 GC heap before
{Heap before GC invocations=15 (full 0):
 garbage-first heap   total reserved 5197824K, committed 122880K, used 99676K [0x00000006c2c00000, 0x0000000800000000)
  region size 4096K, 16 young (65536K), 2 survivors (8192K)
 Metaspace       used 74837K, committed 75584K, reserved 1114112K
  class space    used 11130K, committed 11456K, reserved 1048576K
}
Event: 12.622 GC heap after
{Heap after GC invocations=16 (full 0):
 garbage-first heap   total reserved 5197824K, committed 122880K, used 42675K [0x00000006c2c00000, 0x0000000800000000)
  region size 4096K, 1 young (4096K), 1 survivors (4096K)
 Metaspace       used 74837K, committed 75584K, reserved 1114112K
  class space    used 11130K, committed 11456K, reserved 1048576K
}
Event: 12.997 GC heap before
{Heap before GC invocations=16 (full 0):
 garbage-first heap   total reserved 5197824K, committed 122880K, used 100019K [0x00000006c2c00000, 0x0000000800000000)
  region size 4096K, 15 young (61440K), 1 survivors (4096K)
 Metaspace       used 79157K, committed 79872K, reserved 1179648K
  class space    used 11952K, committed 12288K, reserved 1048576K
}
Event: 13.001 GC heap after
{Heap after GC invocations=17 (full 0):
 garbage-first heap   total reserved 5197824K, committed 147456K, used 44416K [0x00000006c2c00000, 0x0000000800000000)
  region size 4096K, 2 young (8192K), 2 survivors (8192K)
 Metaspace       used 79157K, committed 79872K, reserved 1179648K
  class space    used 11952K, committed 12288K, reserved 1048576K
}
Event: 13.152 GC heap before
{Heap before GC invocations=17 (full 0):
 garbage-first heap   total reserved 5197824K, committed 147456K, used 118144K [0x00000006c2c00000, 0x0000000800000000)
  region size 4096K, 20 young (81920K), 2 survivors (8192K)
 Metaspace       used 79164K, committed 79872K, reserved 1179648K
  class space    used 11953K, committed 12288K, reserved 1048576K
}
Event: 13.158 GC heap after
{Heap after GC invocations=18 (full 0):
 garbage-first heap   total reserved 5197824K, committed 147456K, used 52225K [0x00000006c2c00000, 0x0000000800000000)
  region size 4096K, 3 young (12288K), 3 survivors (12288K)
 Metaspace       used 79164K, committed 79872K, reserved 1179648K
  class space    used 11953K, committed 12288K, reserved 1048576K
}
Event: 13.312 GC heap before
{Heap before GC invocations=18 (full 0):
 garbage-first heap   total reserved 5197824K, committed 147456K, used 117761K [0x00000006c2c00000, 0x0000000800000000)
  region size 4096K, 19 young (77824K), 3 survivors (12288K)
 Metaspace       used 79165K, committed 79872K, reserved 1179648K
  class space    used 11953K, committed 12288K, reserved 1048576K
}
Event: 13.320 GC heap after
{Heap after GC invocations=19 (full 0):
 garbage-first heap   total reserved 5197824K, committed 147456K, used 60785K [0x00000006c2c00000, 0x0000000800000000)
  region size 4096K, 2 young (8192K), 2 survivors (8192K)
 Metaspace       used 79165K, committed 79872K, reserved 1179648K
  class space    used 11953K, committed 12288K, reserved 1048576K
}
Event: 13.451 GC heap before
{Heap before GC invocations=19 (full 0):
 garbage-first heap   total reserved 5197824K, committed 147456K, used 122225K [0x00000006c2c00000, 0x0000000800000000)
  region size 4096K, 17 young (69632K), 2 survivors (8192K)
 Metaspace       used 79192K, committed 79936K, reserved 1179648K
  class space    used 11958K, committed 12288K, reserved 1048576K
}
Event: 13.458 GC heap after
{Heap after GC invocations=20 (full 0):
 garbage-first heap   total reserved 5197824K, committed 147456K, used 65560K [0x00000006c2c00000, 0x0000000800000000)
  region size 4096K, 2 young (8192K), 2 survivors (8192K)
 Metaspace       used 79192K, committed 79936K, reserved 1179648K
  class space    used 11958K, committed 12288K, reserved 1048576K
}
Event: 13.610 GC heap before
{Heap before GC invocations=21 (full 0):
 garbage-first heap   total reserved 5197824K, committed 147456K, used 118808K [0x00000006c2c00000, 0x0000000800000000)
  region size 4096K, 15 young (61440K), 2 survivors (8192K)
 Metaspace       used 79290K, committed 80000K, reserved 1179648K
  class space    used 12000K, committed 12288K, reserved 1048576K
}
Event: 13.613 GC heap after
{Heap after GC invocations=22 (full 0):
 garbage-first heap   total reserved 5197824K, committed 147456K, used 63747K [0x00000006c2c00000, 0x0000000800000000)
  region size 4096K, 1 young (4096K), 1 survivors (4096K)
 Metaspace       used 79290K, committed 80000K, reserved 1179648K
  class space    used 12000K, committed 12288K, reserved 1048576K
}
Event: 13.758 GC heap before
{Heap before GC invocations=22 (full 0):
 garbage-first heap   total reserved 5197824K, committed 147456K, used 125187K [0x00000006c2c00000, 0x0000000800000000)
  region size 4096K, 16 young (65536K), 1 survivors (4096K)
 Metaspace       used 79298K, committed 80000K, reserved 1179648K
  class space    used 12001K, committed 12288K, reserved 1048576K
}
Event: 13.761 GC heap after
{Heap after GC invocations=23 (full 0):
 garbage-first heap   total reserved 5197824K, committed 188416K, used 64217K [0x00000006c2c00000, 0x0000000800000000)
  region size 4096K, 1 young (4096K), 1 survivors (4096K)
 Metaspace       used 79298K, committed 80000K, reserved 1179648K
  class space    used 12001K, committed 12288K, reserved 1048576K
}
Event: 15.484 GC heap before
{Heap before GC invocations=23 (full 0):
 garbage-first heap   total reserved 5197824K, committed 188416K, used 158425K [0x00000006c2c00000, 0x0000000800000000)
  region size 4096K, 24 young (98304K), 1 survivors (4096K)
 Metaspace       used 81718K, committed 82496K, reserved 1179648K
  class space    used 12487K, committed 12800K, reserved 1048576K
}
Event: 15.493 GC heap after
{Heap after GC invocations=24 (full 0):
 garbage-first heap   total reserved 5197824K, committed 188416K, used 73145K [0x00000006c2c00000, 0x0000000800000000)
  region size 4096K, 3 young (12288K), 3 survivors (12288K)
 Metaspace       used 81718K, committed 82496K, reserved 1179648K
  class space    used 12487K, committed 12800K, reserved 1048576K
}
Event: 17.810 GC heap before
{Heap before GC invocations=24 (full 0):
 garbage-first heap   total reserved 5197824K, committed 188416K, used 159161K [0x00000006c2c00000, 0x0000000800000000)
  region size 4096K, 24 young (98304K), 3 survivors (12288K)
 Metaspace       used 89253K, committed 90048K, reserved 1179648K
  class space    used 13581K, committed 13888K, reserved 1048576K
}
Event: 17.820 GC heap after
{Heap after GC invocations=25 (full 0):
 garbage-first heap   total reserved 5197824K, committed 188416K, used 74116K [0x00000006c2c00000, 0x0000000800000000)
  region size 4096K, 2 young (8192K), 2 survivors (8192K)
 Metaspace       used 89253K, committed 90048K, reserved 1179648K
  class space    used 13581K, committed 13888K, reserved 1048576K
}

Dll operation events (13 events):
Event: 0.013 Loaded shared library C:\Users\PHAMTAI\.jdks\corretto-23.0.2\bin\java.dll
Event: 0.200 Loaded shared library C:\Users\PHAMTAI\.jdks\corretto-23.0.2\bin\zip.dll
Event: 0.203 Loaded shared library C:\Users\PHAMTAI\.jdks\corretto-23.0.2\bin\instrument.dll
Event: 0.207 Loaded shared library C:\Users\PHAMTAI\.jdks\corretto-23.0.2\bin\net.dll
Event: 0.209 Loaded shared library C:\Users\PHAMTAI\.jdks\corretto-23.0.2\bin\nio.dll
Event: 0.251 Loaded shared library C:\Users\PHAMTAI\.jdks\corretto-23.0.2\bin\zip.dll
Event: 0.277 Loaded shared library C:\Users\PHAMTAI\.jdks\corretto-23.0.2\bin\jimage.dll
Event: 5.147 Loaded shared library C:\Program Files\JetBrains\IntelliJ IDEA 2024.3.1\bin\breakgen64.dll
Event: 5.157 Loaded shared library C:\Users\PHAMTAI\.jdks\corretto-23.0.2\bin\extnet.dll
Event: 5.167 Loaded shared library C:\Users\PHAMTAI\.jdks\corretto-23.0.2\bin\management.dll
Event: 5.178 Loaded shared library C:\Users\PHAMTAI\.jdks\corretto-23.0.2\bin\management_ext.dll
Event: 7.674 Loaded shared library C:\Users\PHAMTAI\.jdks\corretto-23.0.2\bin\sunmscapi.dll
Event: 17.841 Loaded shared library C:\Users\PHAMTAI\.jdks\corretto-23.0.2\bin\verify.dll

Deoptimization events (0 events):
No events

Classes loaded (20 events):
Event: 156.091 Loading class java/util/concurrent/BlockingDeque done
Event: 156.091 Loading class java/util/concurrent/LinkedBlockingDeque done
Event: 156.092 Loading class java/util/concurrent/Semaphore
Event: 156.092 Loading class java/util/concurrent/Semaphore done
Event: 156.092 Loading class java/util/concurrent/Semaphore$NonfairSync
Event: 156.092 Loading class java/util/concurrent/Semaphore$Sync
Event: 156.092 Loading class java/util/concurrent/Semaphore$Sync done
Event: 156.092 Loading class java/util/concurrent/Semaphore$NonfairSync done
Event: 156.093 Loading class sun/nio/ch/SocketAdaptor
Event: 156.093 Loading class sun/nio/ch/SocketAdaptor done
Event: 156.095 Loading class sun/nio/ch/SocketChannelImpl$DefaultOptionsHolder
Event: 156.096 Loading class sun/nio/ch/SocketChannelImpl$DefaultOptionsHolder done
Event: 156.097 Loading class sun/nio/ch/SelectionKeyImpl
Event: 156.097 Loading class java/nio/channels/spi/AbstractSelectionKey
Event: 156.097 Loading class java/nio/channels/SelectionKey
Event: 156.097 Loading class java/nio/channels/SelectionKey done
Event: 156.097 Loading class java/nio/channels/spi/AbstractSelectionKey done
Event: 156.097 Loading class sun/nio/ch/SelectionKeyImpl done
Event: 156.097 Loading class java/lang/invoke/ConstantBootstraps
Event: 156.098 Loading class java/lang/invoke/ConstantBootstraps done

Classes unloaded (0 events):
No events

Classes redefined (0 events):
No events

Internal exceptions (20 events):
Event: 17.646 Thread 0x0000022047ed6940 Exception <a 'java/lang/NoSuchMethodError'{0x00000006c94837d8}: 'java.lang.Object java.lang.invoke.DirectMethodHandle$Holder.newInvokeSpecial(java.lang.Object, int, int, int)'> (0x00000006c94837d8) 
thrown [s\src\hotspot\share\interpreter\linkResolver.cpp, line 796]
Event: 17.753 Thread 0x0000022047ed6940 Exception <a 'java/lang/IncompatibleClassChangeError'{0x00000006c9171a50}: Found class java.lang.Object, but interface was expected> (0x00000006c9171a50) 
thrown [s\src\hotspot\share\interpreter\linkResolver.cpp, line 863]
Event: 17.753 Thread 0x0000022047ed6940 Exception <a 'java/lang/NoSuchMethodError'{0x00000006c9179298}: 'java.lang.Object java.lang.invoke.DirectMethodHandle$Holder.invokeSpecialIFC(java.lang.Object, java.lang.Object, java.lang.Object, java.lang.Object, java.lang.Object)'> (0x00000006c9179298) 
thrown [s\src\hotspot\share\interpreter\linkResolver.cpp, line 796]
Event: 17.807 Thread 0x0000022047ed6940 Exception <a 'java/lang/NoSuchMethodError'{0x00000006c93e6708}: 'java.lang.Object java.lang.invoke.DirectMethodHandle$Holder.invokeStatic(java.lang.Object, int, int)'> (0x00000006c93e6708) 
thrown [s\src\hotspot\share\interpreter\linkResolver.cpp, line 796]
Event: 17.981 Thread 0x0000022047ed6940 Exception <a 'java/lang/NoSuchMethodError'{0x00000006cdf19048}: 'long java.lang.invoke.DirectMethodHandle$Holder.invokeStatic(java.lang.Object, java.lang.Object, int)'> (0x00000006cdf19048) 
thrown [s\src\hotspot\share\interpreter\linkResolver.cpp, line 796]
Event: 17.982 Thread 0x0000022047ed6940 Exception <a 'java/lang/NoSuchMethodError'{0x00000006cdf23c90}: 'java.lang.Object java.lang.invoke.DelegatingMethodHandle$Holder.reinvoke_L(java.lang.Object, int, int, long, java.lang.Object, long, long, long)'> (0x00000006cdf23c90) 
thrown [s\src\hotspot\share\interpreter\linkResolver.cpp, line 796]
Event: 17.984 Thread 0x0000022047ed6940 Exception <a 'java/lang/NoSuchMethodError'{0x00000006cdf4a4e8}: 'java.lang.Object java.lang.invoke.DelegatingMethodHandle$Holder.reinvoke_L(java.lang.Object, java.lang.Object, java.lang.Object, java.lang.Object, java.lang.Object, java.lang.Object, java.lang.Object, java.lang.Object, java.lang.Object, java.lang.Object, java.lang.Object, java.lang.Object, java.lang.Object, java.lang.Object, int, java.lang.Object, java.lang.Object, java.lang.Object, java.lang.Object, java.lang.Object, java.lang.Object, java.l
Event: 17.986 Thread 0x0000022047ed6940 Exception <a 'java/lang/NoSuchMethodError'{0x00000006cdf98b48}: 'java.lang.Object java.lang.invoke.DirectMethodHandle$Holder.invokeStatic(java.lang.Object, java.lang.Object, java.lang.Object, java.lang.Object, java.lang.Object, java.lang.Object, java.lang.Object, java.lang.Object, java.lang.Object, java.lang.Object, java.lang.Object, java.lang.Object, java.lang.Object)'> (0x00000006cdf98b48) 
thrown [s\src\hotspot\share\interpreter\linkResolver.cpp, line 796]
Event: 17.988 Thread 0x0000022047ed6940 Exception <a 'java/lang/NoSuchMethodError'{0x00000006cdfba8a0}: 'java.lang.Object java.lang.invoke.DirectMethodHandle$Holder.invokeStatic(java.lang.Object, java.lang.Object, java.lang.Object, java.lang.Object, java.lang.Object, java.lang.Object, java.lang.Object, java.lang.Object, java.lang.Object, java.lang.Object, java.lang.Object, java.lang.Object, java.lang.Object, java.lang.Object)'> (0x00000006cdfba8a0) 
thrown [s\src\hotspot\share\interpreter\linkResolver.cpp, line 796]
Event: 17.988 Thread 0x0000022047ed6940 Exception <a 'java/lang/NoSuchMethodError'{0x00000006cdfd0ff8}: 'java.lang.Object java.lang.invoke.DelegatingMethodHandle$Holder.reinvoke_L(java.lang.Object, java.lang.Object, java.lang.Object, java.lang.Object, java.lang.Object, java.lang.Object, java.lang.Object, java.lang.Object, java.lang.Object, java.lang.Object, java.lang.Object, java.lang.Object, java.lang.Object, java.lang.Object, java.lang.Object, java.lang.Object, java.lang.Object, java.lang.Object, java.lang.Object, java.lang.Object, java.lang.O
Event: 19.155 Thread 0x0000022061d17df0 Exception <a 'java/lang/IncompatibleClassChangeError'{0x00000006ccd3fa30}: Found class java.lang.Object, but interface was expected> (0x00000006ccd3fa30) 
thrown [s\src\hotspot\share\interpreter\linkResolver.cpp, line 863]
Event: 19.162 Thread 0x0000022061d17df0 Exception <a 'java/lang/NoSuchMethodError'{0x00000006ccd964a8}: 'java.lang.Object java.lang.invoke.DirectMethodHandle$Holder.invokeStatic(java.lang.Object, java.lang.Object, java.lang.Object, java.lang.Object, java.lang.Object, java.lang.Object, java.lang.Object, java.lang.Object, java.lang.Object, int)'> (0x00000006ccd964a8) 
thrown [s\src\hotspot\share\interpreter\linkResolver.cpp, line 796]
Event: 19.162 Thread 0x0000022061d17df0 Exception <a 'java/lang/NoSuchMethodError'{0x00000006ccda1070}: 'java.lang.Object java.lang.invoke.DirectMethodHandle$Holder.invokeStatic(java.lang.Object, java.lang.Object, java.lang.Object, java.lang.Object, java.lang.Object, java.lang.Object, java.lang.Object, java.lang.Object, java.lang.Object, java.lang.Object, int)'> (0x00000006ccda1070) 
thrown [s\src\hotspot\share\interpreter\linkResolver.cpp, line 796]
Event: 19.163 Thread 0x0000022061d17df0 Exception <a 'java/lang/NoSuchMethodError'{0x00000006ccdabbe8}: 'java.lang.Object java.lang.invoke.DirectMethodHandle$Holder.invokeStatic(java.lang.Object, java.lang.Object, java.lang.Object, java.lang.Object, java.lang.Object, java.lang.Object, java.lang.Object, java.lang.Object, int)'> (0x00000006ccdabbe8) 
thrown [s\src\hotspot\share\interpreter\linkResolver.cpp, line 796]
Event: 19.194 Thread 0x0000022061d17df0 Exception <a 'java/lang/NoSuchMethodError'{0x00000006ccf91d40}: 'java.lang.Object java.lang.invoke.DirectMethodHandle$Holder.newInvokeSpecial(java.lang.Object, java.lang.Object, int, int)'> (0x00000006ccf91d40) 
thrown [s\src\hotspot\share\interpreter\linkResolver.cpp, line 796]
Event: 19.194 Thread 0x0000022061d17df0 Exception <a 'java/lang/NoSuchMethodError'{0x00000006ccf96048}: 'java.lang.Object java.lang.invoke.DirectMethodHandle$Holder.invokeSpecial(java.lang.Object, java.lang.Object, java.lang.Object, int, int)'> (0x00000006ccf96048) 
thrown [s\src\hotspot\share\interpreter\linkResolver.cpp, line 796]
Event: 19.202 Thread 0x0000022061d17df0 Exception <a 'java/lang/NoSuchMethodError'{0x00000006ccfe7c60}: 'void java.lang.invoke.DirectMethodHandle$Holder.invokeStatic(java.lang.Object, java.lang.Object, int, int, java.lang.Object)'> (0x00000006ccfe7c60) 
thrown [s\src\hotspot\share\interpreter\linkResolver.cpp, line 796]
Event: 19.208 Thread 0x0000022061d17df0 Exception <a 'java/lang/NoSuchMethodError'{0x00000006cc825658}: 'void java.lang.invoke.DirectMethodHandle$Holder.invokeSpecialIFC(java.lang.Object, java.lang.Object, int, java.lang.Object, java.lang.Object, java.lang.Object, java.lang.Object)'> (0x00000006cc825658) 
thrown [s\src\hotspot\share\interpreter\linkResolver.cpp, line 796]
Event: 156.088 Thread 0x0000022061d19ec0 Exception <a 'java/lang/NoSuchMethodError'{0x00000006cd5d5c08}: 'java.lang.Object java.lang.invoke.DirectMethodHandle$Holder.invokeStatic(java.lang.Object, java.lang.Object, java.lang.Object, int, int)'> (0x00000006cd5d5c08) 
thrown [s\src\hotspot\share\interpreter\linkResolver.cpp, line 796]
Event: 156.088 Thread 0x0000022061d19ec0 Exception <a 'java/lang/NoSuchMethodError'{0x00000006cd5d8f50}: 'java.lang.Object java.lang.invoke.DirectMethodHandle$Holder.invokeStaticInit(java.lang.Object, java.lang.Object, java.lang.Object, int, int)'> (0x00000006cd5d8f50) 
thrown [s\src\hotspot\share\interpreter\linkResolver.cpp, line 796]

VM Operations (20 events):
Event: 17.350 Executing VM operation: HandshakeAllThreads (Deoptimize)
Event: 17.350 Executing VM operation: HandshakeAllThreads (Deoptimize) done
Event: 17.494 Executing VM operation: HandshakeAllThreads (Deoptimize)
Event: 17.495 Executing VM operation: HandshakeAllThreads (Deoptimize) done
Event: 17.810 Executing VM operation: G1CollectForAllocation (G1 Evacuation Pause)
Event: 17.820 Executing VM operation: G1CollectForAllocation (G1 Evacuation Pause) done
Event: 17.855 Executing VM operation: HandshakeAllThreads (Deoptimize)
Event: 17.855 Executing VM operation: HandshakeAllThreads (Deoptimize) done
Event: 19.190 Executing VM operation: HandshakeAllThreads (Deoptimize)
Event: 19.190 Executing VM operation: HandshakeAllThreads (Deoptimize) done
Event: 60.016 Executing VM operation: HandshakeAllThreads (HandshakeForDeflation)
Event: 60.016 Executing VM operation: HandshakeAllThreads (HandshakeForDeflation) done
Event: 60.016 Executing VM operation: RendezvousGCThreads
Event: 60.016 Executing VM operation: RendezvousGCThreads done
Event: 120.146 Executing VM operation: HandshakeAllThreads (HandshakeForDeflation)
Event: 120.146 Executing VM operation: HandshakeAllThreads (HandshakeForDeflation) done
Event: 120.146 Executing VM operation: RendezvousGCThreads
Event: 120.146 Executing VM operation: RendezvousGCThreads done
Event: 156.095 Executing VM operation: HandshakeAllThreads (Deoptimize)
Event: 156.095 Executing VM operation: HandshakeAllThreads (Deoptimize) done

Memory protections (0 events):
No events

Nmethod flushes (20 events):
Event: 13.492 Thread 0x000002205cb7d980 flushing  nmethod 0x00000220511f6f08
Event: 13.492 Thread 0x000002205cb7d980 flushing  nmethod 0x0000022051315f88
Event: 13.492 Thread 0x000002205cb7d980 flushing  nmethod 0x00000220510b9788
Event: 13.492 Thread 0x000002205cb7d980 flushing  nmethod 0x00000220510f5f88
Event: 13.492 Thread 0x000002205cb7d980 flushing  nmethod 0x0000022051055788
Event: 13.492 Thread 0x000002205cb7d980 flushing  nmethod 0x00000220510acc08
Event: 13.492 Thread 0x000002205cb7d980 flushing  nmethod 0x000002205119bd88
Event: 13.492 Thread 0x000002205cb7d980 flushing  nmethod 0x0000022050c5b508
Event: 13.492 Thread 0x000002205cb7d980 flushing  nmethod 0x00000220510d3988
Event: 13.492 Thread 0x000002205cb7d980 flushing  nmethod 0x0000022051183b88
Event: 13.492 Thread 0x000002205cb7d980 flushing  nmethod 0x00000220511b3f88
Event: 13.492 Thread 0x000002205cb7d980 flushing  nmethod 0x0000022051109508
Event: 13.492 Thread 0x000002205cb7d980 flushing  nmethod 0x0000022051168108
Event: 13.492 Thread 0x000002205cb7d980 flushing  nmethod 0x000002205118b688
Event: 13.492 Thread 0x000002205cb7d980 flushing  nmethod 0x0000022051216e08
Event: 13.492 Thread 0x000002205cb7d980 flushing  nmethod 0x000002205123ac88
Event: 13.492 Thread 0x000002205cb7d980 flushing  nmethod 0x0000022050daef08
Event: 13.492 Thread 0x000002205cb7d980 flushing  nmethod 0x0000022051203008
Event: 13.492 Thread 0x000002205cb7d980 flushing  nmethod 0x000002205128a188
Event: 13.492 Thread 0x000002205cb7d980 flushing  nmethod 0x000002205128a488

Events (20 events):
Event: 79.182 Thread 0x00000220601b3900 Thread exited: 0x00000220601b3900
Event: 79.812 Thread 0x000002205f067040 Thread exited: 0x000002205f067040
Event: 80.732 Thread 0x00000220601b0b10 Thread exited: 0x00000220601b0b10
Event: 82.608 Thread 0x0000022061d1abe0 Thread exited: 0x0000022061d1abe0
Event: 93.851 Thread 0x000002205cba7210 Thread added: 0x000002205f066970
Event: 93.851 Thread 0x000002205cba7210 Thread added: 0x000002205f065bd0
Event: 95.012 Thread 0x000002205f065bd0 Thread exited: 0x000002205f065bd0
Event: 97.395 Thread 0x000002205f066970 Thread exited: 0x000002205f066970
Event: 97.397 Thread 0x000002205cba7210 Thread added: 0x000002205f065bd0
Event: 97.398 Thread 0x000002205f065bd0 Thread added: 0x000002205f067040
Event: 97.398 Thread 0x000002205f065bd0 Thread added: 0x000002205f069920
Event: 101.762 Thread 0x000002205f069920 Thread exited: 0x000002205f069920
Event: 106.763 Thread 0x000002205f067040 Thread exited: 0x000002205f067040
Event: 106.763 Thread 0x000002205f065bd0 Thread exited: 0x000002205f065bd0
Event: 108.100 Thread 0x000002205cba7210 Thread added: 0x000002205f065bd0
Event: 116.612 Thread 0x000002205f065bd0 Thread exited: 0x000002205f065bd0
Event: 137.504 Thread 0x000002205cba7210 Thread added: 0x000002205f0662a0
Event: 137.504 Thread 0x000002205cba7210 Thread added: 0x000002205f066970
Event: 138.063 Thread 0x000002205f066970 Thread exited: 0x000002205f066970
Event: 154.547 Thread 0x000002205f0662a0 Thread exited: 0x000002205f0662a0


Dynamic libraries:
0x00007ff74dcd0000 - 0x00007ff74dcde000 	C:\Users\PHAMTAI\.jdks\corretto-23.0.2\bin\java.exe
0x00007fff434a0000 - 0x00007fff43706000 	C:\WINDOWS\SYSTEM32\ntdll.dll
0x00007fff41a60000 - 0x00007fff41b29000 	C:\WINDOWS\System32\KERNEL32.DLL
0x00007fff40730000 - 0x00007fff40b2a000 	C:\WINDOWS\System32\KERNELBASE.dll
0x00007fff40d60000 - 0x00007fff40eac000 	C:\WINDOWS\System32\ucrtbase.dll
0x00007fff19bd0000 - 0x00007fff19be7000 	C:\Users\PHAMTAI\.jdks\corretto-23.0.2\bin\jli.dll
0x00007fff19a50000 - 0x00007fff19a6b000 	C:\Users\PHAMTAI\.jdks\corretto-23.0.2\bin\VCRUNTIME140.dll
0x00007fff41ed0000 - 0x00007fff42097000 	C:\WINDOWS\System32\USER32.dll
0x00007fff2cc20000 - 0x00007fff2ceb2000 	C:\WINDOWS\WinSxS\amd64_microsoft.windows.common-controls_6595b64144ccf1df_6.0.26100.8521_none_3e08b75ce33403b3\COMCTL32.dll
0x00007fff40eb0000 - 0x00007fff40ed7000 	C:\WINDOWS\System32\win32u.dll
0x00007fff42170000 - 0x00007fff42219000 	C:\WINDOWS\System32\msvcrt.dll
0x00007fff415b0000 - 0x00007fff415db000 	C:\WINDOWS\System32\GDI32.dll
0x00007fff40ee0000 - 0x00007fff4100b000 	C:\WINDOWS\System32\gdi32full.dll
0x00007fff40b30000 - 0x00007fff40bd3000 	C:\WINDOWS\System32\msvcp_win.dll
0x00007fff41470000 - 0x00007fff414a2000 	C:\WINDOWS\System32\IMM32.DLL
0x00007fff26370000 - 0x00007fff2637c000 	C:\Users\PHAMTAI\.jdks\corretto-23.0.2\bin\vcruntime140_1.dll
0x00007ffe9f7e0000 - 0x00007ffe9f86d000 	C:\Users\PHAMTAI\.jdks\corretto-23.0.2\bin\msvcp140.dll
0x00007ffe9ea00000 - 0x00007ffe9f7d8000 	C:\Users\PHAMTAI\.jdks\corretto-23.0.2\bin\server\jvm.dll
0x00007fff43200000 - 0x00007fff432b6000 	C:\WINDOWS\System32\ADVAPI32.dll
0x00007fff420c0000 - 0x00007fff4216a000 	C:\WINDOWS\System32\sechost.dll
0x00007fff42220000 - 0x00007fff42338000 	C:\WINDOWS\System32\RPCRT4.dll
0x00007fff433d0000 - 0x00007fff43450000 	C:\WINDOWS\System32\WS2_32.dll
0x00007fff40590000 - 0x00007fff405ee000 	C:\WINDOWS\SYSTEM32\POWRPROF.dll
0x00007fff3e2a0000 - 0x00007fff3e2d6000 	C:\WINDOWS\SYSTEM32\WINMM.dll
0x00007fff39a30000 - 0x00007fff39a3b000 	C:\WINDOWS\SYSTEM32\VERSION.dll
0x00007fff40570000 - 0x00007fff40584000 	C:\WINDOWS\SYSTEM32\UMPDC.dll
0x00007fff3f4c0000 - 0x00007fff3f4db000 	C:\WINDOWS\SYSTEM32\kernel.appcore.dll
0x00007fff25840000 - 0x00007fff2584a000 	C:\Users\PHAMTAI\.jdks\corretto-23.0.2\bin\jimage.dll
0x00007fff3da40000 - 0x00007fff3dc82000 	C:\WINDOWS\SYSTEM32\DBGHELP.DLL
0x00007fff416d0000 - 0x00007fff41a53000 	C:\WINDOWS\System32\combase.dll
0x00007fff43120000 - 0x00007fff431f9000 	C:\WINDOWS\System32\OLEAUT32.dll
0x00007fff3e260000 - 0x00007fff3e29b000 	C:\WINDOWS\SYSTEM32\dbgcore.DLL
0x00007fff41160000 - 0x00007fff41208000 	C:\WINDOWS\System32\bcryptPrimitives.dll
0x00007fff0b080000 - 0x00007fff0b08e000 	C:\Users\PHAMTAI\.jdks\corretto-23.0.2\bin\instrument.dll
0x00007fff159d0000 - 0x00007fff159ee000 	C:\Users\PHAMTAI\.jdks\corretto-23.0.2\bin\java.dll
0x00007fff41d30000 - 0x00007fff41ec8000 	C:\WINDOWS\System32\ole32.dll
0x00007fff42990000 - 0x00007fff43114000 	C:\WINDOWS\System32\SHELL32.dll
0x00007fff3e2e0000 - 0x00007fff3eb60000 	C:\WINDOWS\SYSTEM32\windows.storage.dll
0x00007fff414b0000 - 0x00007fff415a6000 	C:\WINDOWS\System32\SHCORE.dll
0x00007fff43340000 - 0x00007fff433a7000 	C:\WINDOWS\System32\shlwapi.dll
0x00007fff40650000 - 0x00007fff40679000 	C:\WINDOWS\SYSTEM32\profapi.dll
0x00007fff04da0000 - 0x00007fff04db7000 	C:\Users\PHAMTAI\.jdks\corretto-23.0.2\bin\zip.dll
0x00007fff0c730000 - 0x00007fff0c740000 	C:\Users\PHAMTAI\.jdks\corretto-23.0.2\bin\net.dll
0x00007fff3fa30000 - 0x00007fff3fa9c000 	C:\WINDOWS\system32\mswsock.dll
0x00007fff04dc0000 - 0x00007fff04dd6000 	C:\Users\PHAMTAI\.jdks\corretto-23.0.2\bin\nio.dll
0x00007ffeed130000 - 0x00007ffeed14a000 	C:\Program Files\JetBrains\IntelliJ IDEA 2024.3.1\bin\breakgen64.dll
0x00007fff3ef10000 - 0x00007fff3f05a000 	C:\WINDOWS\SYSTEM32\DNSAPI.dll
0x00007fff3f830000 - 0x00007fff3f83d000 	C:\WINDOWS\SYSTEM32\DSPARSE.dll
0x00007fff3ee80000 - 0x00007fff3eeb3000 	C:\WINDOWS\SYSTEM32\IPHLPAPI.DLL
0x00007fff433c0000 - 0x00007fff433ca000 	C:\WINDOWS\System32\NSI.dll
0x00007fff09130000 - 0x00007fff09139000 	C:\Users\PHAMTAI\.jdks\corretto-23.0.2\bin\extnet.dll
0x00007fff38fd0000 - 0x00007fff38fdb000 	C:\Windows\System32\rasadhlp.dll
0x00007fff35dc0000 - 0x00007fff35e46000 	C:\WINDOWS\System32\fwpuclnt.dll
0x00007ffefea40000 - 0x00007ffefea49000 	C:\Users\PHAMTAI\.jdks\corretto-23.0.2\bin\management.dll
0x00007ffefe740000 - 0x00007ffefe74b000 	C:\Users\PHAMTAI\.jdks\corretto-23.0.2\bin\management_ext.dll
0x00007fff41d20000 - 0x00007fff41d28000 	C:\WINDOWS\System32\PSAPI.DLL
0x00007fff3fd10000 - 0x00007fff3fd2b000 	C:\WINDOWS\SYSTEM32\CRYPTSP.dll
0x00007fff3f420000 - 0x00007fff3f459000 	C:\WINDOWS\system32\rsaenh.dll
0x00007fff3fae0000 - 0x00007fff3fb13000 	C:\WINDOWS\SYSTEM32\USERENV.dll
0x00007fff40620000 - 0x00007fff4064a000 	C:\WINDOWS\SYSTEM32\bcrypt.dll
0x00007fff3fd30000 - 0x00007fff3fd3c000 	C:\WINDOWS\SYSTEM32\CRYPTBASE.dll
0x00007ffedb050000 - 0x00007ffedb068000 	C:\WINDOWS\system32\napinsp.dll
0x00007ffed6410000 - 0x00007ffed6423000 	C:\WINDOWS\System32\winrnr.dll
0x00007ffedbbd0000 - 0x00007ffedbbf2000 	C:\WINDOWS\system32\nlansp_c.dll
0x00007fff15fd0000 - 0x00007fff15fe6000 	C:\WINDOWS\system32\wshbth.dll
0x00007fff2af70000 - 0x00007fff2afc8000 	C:\WINDOWS\SYSTEM32\pdh.dll
0x00007fff3cb20000 - 0x00007fff3cb32000 	C:\WINDOWS\System32\perfproc.dll
0x00007fff093f0000 - 0x00007fff093fe000 	C:\Users\PHAMTAI\.jdks\corretto-23.0.2\bin\sunmscapi.dll
0x00007fff40be0000 - 0x00007fff40d58000 	C:\WINDOWS\System32\CRYPT32.dll
0x00007fff3ff30000 - 0x00007fff3ff60000 	C:\WINDOWS\SYSTEM32\ncrypt.dll
0x00007fff3fee0000 - 0x00007fff3ff1f000 	C:\WINDOWS\SYSTEM32\NTASN1.dll
0x00007fff25190000 - 0x00007fff251a0000 	C:\Users\PHAMTAI\.jdks\corretto-23.0.2\bin\verify.dll
0x00007fff23dc0000 - 0x00007fff23dc8000 	C:\WINDOWS\system32\wshunix.dll

dbghelp: loaded successfully - version: 4.0.5 - missing functions: none
symbol engine: initialized successfully - sym options: 0x614 - pdb path: .;C:\Users\PHAMTAI\.jdks\corretto-23.0.2\bin;C:\WINDOWS\SYSTEM32;C:\WINDOWS\WinSxS\amd64_microsoft.windows.common-controls_6595b64144ccf1df_6.0.26100.8521_none_3e08b75ce33403b3;C:\Users\PHAMTAI\.jdks\corretto-23.0.2\bin\server;C:\Program Files\JetBrains\IntelliJ IDEA 2024.3.1\bin

VM Arguments:
jvm_args: -XX:TieredStopAtLevel=1 -Dspring.output.ansi.enabled=always -Dcom.sun.management.jmxremote -Dspring.jmx.enabled=true -Dspring.liveBeansView.mbeanDomain -Dspring.application.admin.enabled=true -Dmanagement.endpoints.jmx.exposure.include=* -javaagent:C:\Program Files\JetBrains\IntelliJ IDEA 2024.3.1\lib\idea_rt.jar=53321:C:\Program Files\JetBrains\IntelliJ IDEA 2024.3.1\bin -Dfile.encoding=UTF-8 -Dsun.stdout.encoding=UTF-8 -Dsun.stderr.encoding=UTF-8 
java_command: com.group_service.GroupServiceApplication
java_class_path (initial): D:\StudyMatch_BE\StudyMatch_BE\group_service\target\classes;C:\Users\PHAMTAI\.m2\repository\org\springframework\boot\spring-boot-starter\4.0.6\spring-boot-starter-4.0.6.jar;C:\Users\PHAMTAI\.m2\repository\org\springframework\boot\spring-boot-starter-logging\4.0.6\spring-boot-starter-logging-4.0.6.jar;C:\Users\PHAMTAI\.m2\repository\ch\qos\logback\logback-classic\1.5.32\logback-classic-1.5.32.jar;C:\Users\PHAMTAI\.m2\repository\ch\qos\logback\logback-core\1.5.32\logback-core-1.5.32.jar;C:\Users\PHAMTAI\.m2\repository\org\apache\logging\log4j\log4j-to-slf4j\2.25.4\log4j-to-slf4j-2.25.4.jar;C:\Users\PHAMTAI\.m2\repository\org\apache\logging\log4j\log4j-api\2.25.4\log4j-api-2.25.4.jar;C:\Users\PHAMTAI\.m2\repository\org\slf4j\jul-to-slf4j\2.0.17\jul-to-slf4j-2.0.17.jar;C:\Users\PHAMTAI\.m2\repository\org\springframework\boot\spring-boot-autoconfigure\4.0.6\spring-boot-autoconfigure-4.0.6.jar;C:\Users\PHAMTAI\.m2\repository\org\springframework\boot\spring-boot\4.0.6\spring-boot-4.0.6.jar;C:\Users\PHAMTAI\.m2\repository\org\springframework\spring-context\7.0.7\spring-context-7.0.7.jar;C:\Users\PHAMTAI\.m2\repository\jakarta\annotation\jakarta.annotation-api\3.0.0\jakarta.annotation-api-3.0.0.jar;C:\Users\PHAMTAI\.m2\repository\org\yaml\snakeyaml\2.5\snakeyaml-2.5.jar;C:\Users\PHAMTAI\.m2\repository\org\springframework\boot\spring-boot-starter-data-jpa\4.0.6\spring-boot-starter-data-jpa-4.0.6.jar;C:\Users\PHAMTAI\.m2\repository\org\springframework\boot\spring-boot-data-jpa\4.0.6\spring-boot-data-jpa-4.0.6.jar;C:\Users\PHAMTAI\.m2\repository\org\springframework\boot\spring-boot-data-commons\4.0.6\spring-boot-data-commons-4.0.6.jar;C:\Users\PHAMTAI\.m2\repository\org\springframework\boot\spring-boot-persistence\4.0.6\spring-boot-persistence-4.0.6.jar;C:\Users\PHAMTAI\.m2\repository\org\springframework\data\spring-data-commons\4.0.5\spring-data-commons-4.0.5.jar;C:\Users\PHAMTAI\.m2\repository\org\springframework\boot\spring-boot-hibernate\4.0.6\spring-boot-hibernate-4.0.6.jar;C:\Users\PHAMTAI\.m2\repository\org\springframework\boot\spring-boot-jpa\4.0.6\spring-boot-jpa-4.0.6.jar;C:\Users\PHAMTAI\.m2\repository\jakarta\persistence\jakarta.persistence-api\3.2.0\jakarta.persistence-api-3.2.0.jar;C:\Users\PHAMTAI\.m2\repository\org\hibernate\orm\hibernate-core\7.2.12.Final\hibernate-core-7.2.12.Final.jar;C:\Users\PHAMTAI\.m2\repository\jakarta\transaction\jakarta.transaction-api\2.0.1\jakarta.transaction-api-2.0.1.jar;C:\Users\PHAMTAI\.m2\repository\org\hibernate\models\hibernate-models\1.0.1\hibernate-models-1.0.1.jar;C:\Users\PHAMTAI\.m2\repository\org\glassfish\jaxb\jaxb-runtime\4.0.6\jaxb-runtime-4.0.6.jar;C:\Users\PHAMTAI\.m2\repository\org\glassfish\jaxb\jaxb-core\4.0.6\jaxb-core-4.0.6.jar;C:\Users\PHAMTAI\.m2\repository\org\eclipse\angus\angus-activation\2.0.3\angus-activation-2.0.3.jar;C:\Users\PHAMTAI\.m2\repository\org\glassfish\jaxb\txw2\4.0.6\txw2-4.0.6.jar;C:\Users\PHAMTAI\.m2\repository\com\sun\istack\istack-commons-runtime\4.1.2\istack-commons-runtime-4.1.2.jar;C:\Users\PHAMTAI\.m2\repository\org\springframework\spring-orm\7.0.7\spring-orm-7.0.7.jar;C:\Users\PHAMTAI\.m2\repository\org\springframework\data\spring-data-jpa\4.0.5\spring-data-jpa-4.0.5.jar;C:\Users\PHAMTAI\.m2\repository\org\springframework\spring-aop\7.0.7\spring-aop-7.0.7.jar;C:\Users\PHAMTAI\.m2\repository\org\springframework\spring-tx\7.0.7\spring-tx-7.0.7.jar;C:\Users\PHAMTAI\.m2\repository\org\antlr\antlr4-runtime\4.13.2\antlr4-runtime-4.13.2.jar;C:\Users\PHAMTAI\.m2\repository\org\springframework\spring-aspects\7.0.7\spring-aspects-7.0.7.jar;C:\Users\PHAMTAI\.m2\repository\org\aspectj\aspectjweaver\1.9.25.1\aspectjweaver-1.9.25.1.jar;C:\Users\PHAMTAI\.m2\repository\org\springframework\boot\spring-boot-jdbc\4.0.6\spring-boot-jdbc-4.0.6.jar;C:\Users\PHAMTAI\.m2\repository\org\springframework\boot\spring-boot-sql\4.0.6\spring-boot-sql-4.0.6.jar;C:\Users\PHAMTAI\.m2\repository\org\springframework\boot\spring-boot-transaction\4.0.6\spring-boot-transaction-4.0.6.jar;C:\Users\PHAMTAI\.m2\repository\org\springframework\spring-jdbc\7.0.7\spring-jdbc-7.0.7.jar;C:\Users\PHAMTAI\.m2\repository\org\springframework\boot\spring-boot-starter-jdbc\4.0.6\spring-boot-starter-jdbc-4.0.6.jar;C:\Users\PHAMTAI\.m2\repository\com\zaxxer\HikariCP\7.0.2\HikariCP-7.0.2.jar;C:\Users\PHAMTAI\.m2\repository\org\slf4j\slf4j-api\2.0.17\slf4j-api-2.0.17.jar;C:\Users\PHAMTAI\.m2\repository\org\springframework\boot\spring-boot-starter-web\4.0.6\spring-boot-starter-web-4.0.6.jar;C:\Users\PHAMTAI\.m2\repository\org\springframework\boot\spring-boot-starter-jackson\4.0.6\spring-boot-starter-jackson-4.0.6.jar;C:\Users\PHAMTAI\.m2\repository\org\springframework\boot\spring-boot-jackson\4.0.6\spring-boot-jackson-4.0.6.jar;C:\Users\PHAMTAI\.m2\repository\tools\jackson\core\jackson-databind\3.1.2\jackson-databind-3.1.2.jar;C:\Users\PHAMTAI\.m2\repository\tools\jackson\core\jackson-core\3.1.2\jackson-core-3.1.2.jar;C:\Users\PHAMTAI\.m2\repository\org\springframework\boot\spring-boot-starter-tomcat\4.0.6\spring-boot-starter-tomcat-4.0.6.jar;C:\Users\PHAMTAI\.m2\repository\org\springframework\boot\spring-boot-starter-tomcat-runtime\4.0.6\spring-boot-starter-tomcat-runtime-4.0.6.jar;C:\Users\PHAMTAI\.m2\repository\org\springframework\boot\spring-boot-web-server\4.0.6\spring-boot-web-server-4.0.6.jar;C:\Users\PHAMTAI\.m2\repository\org\apache\tomcat\embed\tomcat-embed-core\11.0.21\tomcat-embed-core-11.0.21.jar;C:\Users\PHAMTAI\.m2\repository\org\apache\tomcat\embed\tomcat-embed-websocket\11.0.21\tomcat-embed-websocket-11.0.21.jar;C:\Users\PHAMTAI\.m2\repository\org\springframework\boot\spring-boot-tomcat\4.0.6\spring-boot-tomcat-4.0.6.jar;C:\Users\PHAMTAI\.m2\repository\org\springframework\boot\spring-boot-http-converter\4.0.6\spring-boot-http-converter-4.0.6.jar;C:\Users\PHAMTAI\.m2\repository\org\springframework\boot\spring-boot-webmvc\4.0.6\spring-boot-webmvc-4.0.6.jar;C:\Users\PHAMTAI\.m2\repository\org\springframework\boot\spring-boot-servlet\4.0.6\spring-boot-servlet-4.0.6.jar;C:\Users\PHAMTAI\.m2\repository\org\springframework\spring-webmvc\7.0.7\spring-webmvc-7.0.7.jar;C:\Users\PHAMTAI\.m2\repository\org\springframework\spring-expression\7.0.7\spring-expression-7.0.7.jar;C:\Users\PHAMTAI\.m2\repository\org\flywaydb\flyway-core\11.14.1\flyway-core-11.14.1.jar;C:\Users\PHAMTAI\.m2\repository\com\fasterxml\jackson\core\jackson-databind\2.21.2\jackson-databind-2.21.2.jar;C:\Users\PHAMTAI\.m2\repository\com\fasterxml\jackson\core\jackson-annotations\2.21\jackson-annotations-2.21.jar;C:\Users\PHAMTAI\.m2\repository\com\fasterxml\jackson\core\jackson-core\2.21.2\jackson-core-2.21.2.jar;C:\Users\PHAMTAI\.m2\repository\com\mysql\mysql-connector-j\9.7.0\mysql-connector-j-9.7.0.jar;C:\Users\PHAMTAI\.m2\repository\org\springframework\cloud\spring-cloud-starter-netflix-eureka-client\5.0.0\spring-cloud-starter-netflix-eureka-client-5.0.0.jar;C:\Users\PHAMTAI\.m2\repository\org\springframework\cloud\spring-cloud-starter\5.0.0\spring-cloud-starter-5.0.0.jar;C:\Users\PHAMTAI\.m2\repository\org\springframework\cloud\spring-cloud-context\5.0.0\spring-cloud-context-5.0.0.jar;C:\Users\PHAMTAI\.m2\repository\org\bouncycastle\bcprov-jdk18on\1.81\bcprov-jdk18on-1.81.jar;C:\Users\PHAMTAI\.m2\repository\org\springframework\cloud\spring-cloud-netflix-eureka-client\5.0.0\spring-cloud-netflix-eureka-client-5.0.0.jar;C:\Users\PHAMTAI\.m2\repository\org\springframework\boot\spring-boot-jackson2\4.0.6\spring-boot-jackson2-4.0.6.jar;C:\Users\PHAMTAI\.m2\repository\com\fasterxml\jackson\datatype\jackson-datatype-jdk8\2.21.2\jackson-datatype-jdk8-2.21.2.jar;C:\Users\PHAMTAI\.m2\repository\com\fasterxml\jackson\datatype\jackson-datatype-jsr310\2.21.2\jackson-datatype-jsr310-2.21.2.jar;C:\Users\PHAMTAI\.m2\repository\com\fasterxml\jackson\module\jackson-module-parameter-names\2.21.2\jackson-module-parameter-names-2.21.2.jar;C:\Users\PHAMTAI\.m2\repository\org\apache\httpcomponents\client5\httpclient5\5.5.2\httpclient5-5.5.2.jar;C:\Users\PHAMTAI\.m2\repository\org\apache\httpcomponents\core5\httpcore5\5.3.6\httpcore5-5.3.6.jar;C:\Users\PHAMTAI\.m2\repository\org\apache\httpcomponents\core5\httpcore5-h2\5.3.6\httpcore5-h2-5.3.6.jar;C:\Users\PHAMTAI\.m2\repository\com\netflix\eureka\eureka-client\2.0.5\eureka-client-2.0.5.jar;C:\Users\PHAMTAI\.m2\repository\com\thoughtworks\xstream\xstream\1.4.21\xstream-1.4.21.jar;C:\Users\PHAMTAI\.m2\repository\io\github\x-stream\mxparser\1.2.2\mxparser-1.2.2.jar;C:\Users\PHAMTAI\.m2\repository\xmlpull\xmlpull\1.1.3.1\xmlpull-1.1.3.1.jar;C:\Users\PHAMTAI\.m2\repository\jakarta\ws\rs\jakarta.ws.rs-api\4.0.0\jakarta.ws.rs-api-4.0.0.jar;C:\Users\PHAMTAI\.m2\repository\jakarta\inject\jakarta.inject-api\2.0.1\jakarta.inject-api-2.0.1.jar;C:\Users\PHAMTAI\.m2\repository\com\netflix\spectator\spectator-api\1.7.3\spectator-api-1.7.3.jar;C:\Users\PHAMTAI\.m2\repository\org\apache\httpcomponents\httpclient\4.5.3\httpclient-4.5.3.jar;C:\Users\PHAMTAI\.m2\repository\org\apache\httpcomponents\httpcore\4.4.16\httpcore-4.4.16.jar;C:\Users\PHAMTAI\.m2\repository\commons-codec\commons-codec\1.19.0\commons-codec-1.19.0.jar;C:\Users\PHAMTAI\.m2\repository\commons-configuration\commons-configuration\1.10\commons-configuration-1.10.jar;C:\Users\PHAMTAI\.m2\repository\commons-lang\commons-lang\2.6\commons-lang-2.6.jar;C:\Users\PHAMTAI\.m2\repository\com\netflix\netflix-commons\netflix-eventbus\0.3.0\netflix-eventbus-0.3.0.jar;C:\Users\PHAMTAI\.m2\repository\com\netflix\netflix-commons\netflix-infix\0.3.0\netflix-infix-0.3.0.jar;C:\Users\PHAMTAI\.m2\repository\commons-jxpath\commons-jxpath\1.3\commons-jxpath-1.3.jar;C:\Users\PHAMTAI\.m2\repository\joda-time\joda-time\2.3\joda-time-2.3.jar;C:\Users\PHAMTAI\.m2\repository\org\antlr\antlr-runtime\3.4\antlr-runtime-3.4.jar;C:\Users\PHAMTAI\.m2\repository\org\antlr\stringtemplate\3.2.1\stringtemplate-3.2.1.jar;C:\Users\PHAMTAI\.m2\repository\antlr\antlr\2.7.7\antlr-2.7.7.jar;C:\Users\PHAMTAI\.m2\repository\com\google\guava\guava\14.0.1\guava-14.0.1.jar;C:\Users\PHAMTAI\.m2\repository\com\google\code\gson\gson\2.13.2\gson-2.13.2.jar;C:\Users\PHAMTAI\.m2\repository\com\google\errorprone\error_prone_annotations\2.41.0\error_prone_annotations-2.41.0.jar;C:\Users\PHAMTAI\.m2\repository\com\netflix\servo\servo-core\0.5.3\servo-core-0.5.3.jar;C:\Users\PHAMTAI\.m2\repository\org\apache\commons\commons-math\2.2\commons-math-2.2.jar;C:\Users\PHAMTAI\.m2\repository\javax\annotation\javax.annotation-api\1.2\javax.annotation-api-1.2.jar;C:\Users\PHAMTAI\.m2\repository\org\codehaus\jettison\jettison\1.5.4\jettison-1.5.4.jar;C:\Users\PHAMTAI\.m2\repository\org\springframework\cloud\spring-cloud-starter-loadbalancer\5.0.0\spring-cloud-starter-loadbalancer-5.0.0.jar;C:\Users\PHAMTAI\.m2\repository\org\springframework\cloud\spring-cloud-loadbalancer\5.0.0\spring-cloud-loadbalancer-5.0.0.jar;C:\Users\PHAMTAI\.m2\repository\io\projectreactor\reactor-core\3.8.5\reactor-core-3.8.5.jar;C:\Users\PHAMTAI\.m2\repository\org\reactivestreams\reactive-streams\1.0.4\reactive-streams-1.0.4.jar;C:\Users\PHAMTAI\.m2\repository\io\projectreactor\addons\reactor-extra\3.6.0\reactor-extra-3.6.0.jar;C:\Users\PHAMTAI\.m2\repository\org\springframework\boot\spring-boot-starter-cache\4.0.6\spring-boot-starter-cache-4.0.6.jar;C:\Users\PHAMTAI\.m2\repository\org\springframework\boot\spring-boot-cache\4.0.6\spring-boot-cache-4.0.6.jar;C:\Users\PHAMTAI\.m2\repository\org\springframework\spring-context-support\7.0.7\spring-context-support-7.0.7.jar;C:\Users\PHAMTAI\.m2\repository\com\stoyanr\evictor\1.0.0\evictor-1.0.0.jar;C:\Users\PHAMTAI\.m2\repository\org\springframework\cloud\spring-cloud-starter-openfeign\5.0.0\spring-cloud-starter-openfeign-5.0.0.jar;C:\Users\PHAMTAI\.m2\repository\org\springframework\cloud\spring-cloud-openfeign-core\5.0.0\spring-cloud-openfeign-core-5.0.0.jar;C:\Users\PHAMTAI\.m2\repository\org\jspecify\jspecify\1.0.0\jspecify-1.0.0.jar;C:\Users\PHAMTAI\.m2\repository\io\github\openfeign\feign-form-spring\13.6\feign-form-spring-13.6.jar;C:\Users\PHAMTAI\.m2\repository\org\apache\commons\commons-text\1.13.0\commons-text-1.13.0.jar;C:\Users\PHAMTAI\.m2\repository\org\apache\commons\commons-lang3\3.19.0\commons-lang3-3.19.0.jar;C:\Users\PHAMTAI\.m2\repository\io\github\openfeign\feign-form\13.6\feign-form-13.6.jar;C:\Users\PHAMTAI\.m2\repository\commons-fileupload\commons-fileupload\1.5\commons-fileupload-1.5.jar;C:\Users\PHAMTAI\.m2\repository\org\springframework\spring-web\7.0.7\spring-web-7.0.7.jar;C:\Users\PHAMTAI\.m2\repository\org\springframework\spring-beans\7.0.7\spring-beans-7.0.7.jar;C:\Users\PHAMTAI\.m2\repository\io\micrometer\micrometer-observation\1.16.5\micrometer-observation-1.16.5.jar;C:\Users\PHAMTAI\.m2\repository\io\micrometer\micrometer-commons\1.16.5\micrometer-commons-1.16.5.jar;C:\Users\PHAMTAI\.m2\repository\org\springframework\cloud\spring-cloud-commons\5.0.0\spring-cloud-commons-5.0.0.jar;C:\Users\PHAMTAI\.m2\repository\org\springframework\security\spring-security-crypto\7.0.5\spring-security-crypto-7.0.5.jar;C:\Users\PHAMTAI\.m2\repository\io\github\openfeign\feign-core\13.6\feign-core-13.6.jar;C:\Users\PHAMTAI\.m2\repository\io\github\openfeign\feign-slf4j\13.6\feign-slf4j-13.6.jar;C:\Users\PHAMTAI\.m2\repository\jakarta\xml\bind\jakarta.xml.bind-api\4.0.4\jakarta.xml.bind-api-4.0.4.jar;C:\Users\PHAMTAI\.m2\repository\jakarta\activation\jakarta.activation-api\2.1.4\jakarta.activation-api-2.1.4.jar;C:\Users\PHAMTAI\.m2\repository\net\bytebuddy\byte-buddy\1.17.8\byte-buddy-1.17.8.jar;C:\Users\PHAMTAI\.m2\repository\org\springframework\spring-core\7.0.7\spring-core-7.0.7.jar;C:\Users\PHAMTAI\.m2\repository\commons-logging\commons-logging\1.3.6\commons-logging-1.3.6.jar;C:\Users\PHAMTAI\.m2\repository\org\springframework\boot\spring-boot-starter-validation\4.0.6\spring-boot-starter-validation-4.0.6.jar;C:\Users\PHAMTAI\.m2\repository\org\springframework\boot\spring-boot-validation\4.0.6\spring-boot-validation-4.0.6.jar;C:\Users\PHAMTAI\.m2\repository\org\apache\tomcat\embed\tomcat-embed-el\11.0.21\tomcat-embed-el-11.0.21.jar;C:\Users\PHAMTAI\.m2\repository\org\hibernate\validator\hibernate-validator\9.0.1.Final\hibernate-validator-9.0.1.Final.jar;C:\Users\PHAMTAI\.m2\repository\jakarta\validation\jakarta.validation-api\3.1.1\jakarta.validation-api-3.1.1.jar;C:\Users\PHAMTAI\.m2\repository\org\jboss\logging\jboss-logging\3.6.3.Final\jboss-logging-3.6.3.Final.jar;C:\Users\PHAMTAI\.m2\repository\com\fasterxml\classmate\1.7.3\classmate-1.7.3.jar;C:\Users\PHAMTAI\.m2\repository\org\projectlombok\lombok\1.18.38\lombok-1.18.38.jar
Launcher Type: SUN_STANDARD

[Global flags]
     intx CICompilerCount                          = 12                                        {product} {ergonomic}
     uint ConcGCThreads                            = 3                                         {product} {ergonomic}
     uint G1ConcRefinementThreads                  = 13                                        {product} {ergonomic}
   size_t G1HeapRegionSize                         = 4194304                                   {product} {ergonomic}
   size_t InitialHeapSize                          = 335544320                                 {product} {ergonomic}
     bool ManagementServer                         = true                                      {product} {command line}
   size_t MarkStackSize                            = 4194304                                   {product} {ergonomic}
   size_t MarkStackSizeMax                         = 536870912                                 {product} {ergonomic}
   size_t MaxHeapSize                              = 5322571776                                {product} {ergonomic}
   size_t MaxNewSize                               = 3191865344                                {product} {ergonomic}
   size_t MinHeapDeltaBytes                        = 4194304                                   {product} {ergonomic}
   size_t MinHeapSize                              = 8388608                                   {product} {ergonomic}
    uintx NonNMethodCodeHeapSize                   = 4096                                   {pd product} {ergonomic}
    uintx NonProfiledCodeHeapSize                  = 0                                      {pd product} {ergonomic}
     bool ProfileInterpreter                       = false                                  {pd product} {command line}
    uintx ProfiledCodeHeapSize                     = 0                                      {pd product} {ergonomic}
   size_t SoftMaxHeapSize                          = 5322571776                             {manageable} {ergonomic}
     intx TieredStopAtLevel                        = 1                                         {product} {command line}
     bool UseCompressedOops                        = true                           {product lp64_product} {ergonomic}
     bool UseG1GC                                  = true                                      {product} {ergonomic}
     bool UseLargePagesIndividualAllocation        = false                                  {pd product} {ergonomic}

Logging:
Log output configuration:
 #0: stdout all=warning uptime,level,tags foldmultilines=false
 #1: stderr all=off uptime,level,tags foldmultilines=false

Environment Variables:
JAVA_HOME=C:\Program Files\Amazon Corretto\jdk23.0.2_7
PATH=C:\Program Files\Amazon Corretto\jdk23.0.2_7\bin;D:\VMWare\bin\;C:\Program Files\Common Files\Oracle\Java\javapath;C:\Program Files (x86)\Common Files\Oracle\Java\java8path;C:\Program Files (x86)\Common Files\Oracle\Java\javapath;C:\WINDOWS\system32;C:\WINDOWS;C:\WINDOWS\System32\Wbem;C:\WINDOWS\System32\WindowsPowerShell\v1.0\;C:\WINDOWS\System32\OpenSSH\;C:\Program Files\Git\cmd;C:\Program Files\PuTTY\;C:\Program Files\nodejs\;C:\Program Files\Amazon Corretto\jdk23.0.2_7\bin;C:\Program Files\Docker\Docker\resources\bin;C:\Users\PHAMTAI\AppData\Local\Programs\Python\Launcher\;C:\Program Files\MySQL\MySQL Shell 8.0\bin\;C:\Users\PHAMTAI\AppData\Local\Microsoft\WindowsApps;C:\Users\PHAMTAI\AppData\Local\Programs\Microsoft VS Code\bin;C:\Program Files\JetBrains\IntelliJ IDEA Community Edition 2022.2.3\bin;C:\Users\PHAMTAI\.jdks\corretto-23.0.2\bin;;C:\Program Files\Azure Data Studio\bin;C:\Program Files\Java\jdk-21\bin;C:\Users\PHAMTAI\AppData\Roaming\npm;D:\Gradle_2\gradle-8.13\bin;D:\mobile\flutter\bin;D:\mobile;C:\Users\PHAMTAI\.bun\bin;C:\Users\PHAMTAI\AppData\Local\Programs\Antigravity IDE\bin
USERNAME=PHAMTAI
OS=Windows_NT
PROCESSOR_IDENTIFIER=AMD64 Family 23 Model 104 Stepping 1, AuthenticAMD
TMP=C:\Users\PHAMTAI\AppData\Local\Temp
TEMP=C:\Users\PHAMTAI\AppData\Local\Temp




Periodic native trim disabled

---------------  S Y S T E M  ---------------

OS:
 Windows 11 , 64 bit Build 26100 (10.0.26100.8521)
OS uptime: 0 days 15:13 hours
Hyper-V role detected

CPU: total 16 (initial active 16) (16 cores per cpu, 2 threads per core) family 23 model 104 stepping 1 microcode 0x8608103, cx8, cmov, fxsr, ht, mmx, 3dnowpref, sse, sse2, sse3, ssse3, sse4a, sse4.1, sse4.2, popcnt, lzcnt, tsc, tscinvbit, avx, avx2, aes, clmul, bmi1, bmi2, adx, sha, fma, vzeroupper, clflush, clflushopt, hv, rdtscp, rdpid, f16c
Processor Information for the first 16 processors :
  Max Mhz: 1801, Current Mhz: 1801, Mhz Limit: 1801

Memory: 4k page, system-wide physical 20302M (1162M free)
TotalPageFile size 25110M (AvailPageFile size 27M)
current process WorkingSet (physical memory assigned to process): 403M, peak: 403M
current process commit charge ("private bytes"): 458M, peak: 467M

vm_info: OpenJDK 64-Bit Server VM (23.0.2+7-FR) for windows-amd64 JRE (23.0.2+7-FR), built on 2025-01-07T22:59:58Z with MS VC++ 16.10 / 16.11 (VS2019)

END.
